Title,cleaned_text,Bias
"Marketers lost billions to NNPC, Dangote’s fuel price reduction – PETROAN pushes for 6-month stability plan","The Petroleum Products Retail Outlet Owners Association has said that petrol marketers lost billions due to the downward review of fuel prices by the Nigerian National Petroleum Company Limited and Dangote Refinery. PETROAN spokesman Joseph Obele disclosed this on Monday while commenting on the need for healthy competition and price stability within Nigeria's petroleum downstream sector. Recall that last week Monday, NNPC dropped its retail petrol price to N860 and N880 per litre from N945 and N965 in Lagos and Abuja, respectively. NNPC's petrol price drop followed Dangote Refinery's retail fuel price reduction to N860 and N880 per litre across its retail partners. The development sparked a fresh price war between NNPCL and Dangote Refinery. Reacting to fluctuations and price instability, PETROAN recommended a six-month price stability mechanism. ""PETROAN is firmly committed to the Petroleum Industry Stakeholders Forum and stands firm in advocating for healthy competition, full liberalisation, and price stability in the downstream sector. We urgently urge NMDPRA to quickly swing into action to ensure fair pricing. We believe that by working together, industry stakeholders, government, and consumers can create a vibrant, competitive market that benefits everyone. ""For the average citizen, sudden spikes in fuel prices can lead to financial strain and uncertainty."" The association stressed that the sudden downward review of prices has resulted in massive losses, with those affected counting their losses in billions of naira. ""This situation poses a significant fear for further investment in the sector, as investors are wary of unpredictable market conditions. Moreover, the threat of price fluctuations is affecting the business boom in the sector, which will definitely lead to retrenchment. This will have far-reaching consequences, including job losses and economic instability. ""To address these challenges, PETROAN proposed that regulatory authorities establish mechanisms to encourage price stability for at least six months. This approach will help reduce the uncertainty and risk associated with investments in the sector, ultimately promoting economic development and protecting the interests of consumers and Nigerians."" PETROAN backs healthy competition, fuel import Also, PETROAN backed healthy competition within Nigeria's petroleum downstream sector. According to PETROAN, they advocated for a multiplicity of supply sources, including Dangote Refinery, NNPC refineries, modular refineries, and imports, to foster competition in the downstream sector. ""After due consultation with key stakeholders and players in the petroleum sector, the Petroleum Products Retail Outlets Owners Association of Nigeria (PETROAN) has taken a firm stance on promoting healthy competition and controlling price fluctuations in the downstream sector. ""To this effect, PETROAN advocates the importance of preventing monopolies and ensuring local refineries thrive, given their significant economic benefits to the country. ""The importance of healthy competition: Healthy competition is essential for fostering innovation, improving service delivery, and ensuring that consumers have access to affordable products. When competition thrives, it leads to better choices for consumers and ultimately contributes to economic growth. ""PETROAN firmly believes that a competitive downstream sector is not just beneficial but necessary. ""To achieve this, PETROAN advocates for a multiplicity of supply sources, including Dangote Refinery, NNPC refineries, modular refineries, and imports. This diverse range of sources will foster competition, especially with imports, allowing for comparisons with international market prices and protecting the local market from exploitation. ""We advocate for policies that dismantle barriers to entry for new players, promote fair practices among existing companies, and ensure that no single entity can dominate the market to the detriment of consumers,"" the statement reads. Recall that the National Bureau of Statistics said petrol imports surged by 100 percent to N15.4 trillion in 2024, which impacted local refineries such as Dangote Refinery. https://dailypost.ng/2025/03/10/dangote-refinery-suffers-as-nigerias-petrol-import-jumps-105-to-n15-4tn",Least Biased
UEFA to make Champions League change as Arsenal clash with Real Madrid,"UEFA is likely to make a major rule change ahead of next season's Champions League. This season, a 36-team league phase was introduced, in a revamped format. It saw all the sides ranked in the same group rather than separate ones. The top eight clubs progressed straight into the last 16, while the next 16 teams faced each other in the play-offs for a spot in the next round. The current rules stipulate that the teams in the top eight are guaranteed to play the second leg of their last 16 matches at home. However, that rule does not apply when it gets to the quarter-finals or semi-finals. And there has been some criticism over the fact that Arsenal will play the second leg of their clash with Real Madrid at the Bernabeu. The Gunners finished third in the league table, while Madrid ended up in 11th. But according to the Daily Mail, UEFA will deliberate on whether they should change that next season. It is claimed that there is a 'growing belief' that only having ceded second legs for the last 16 matches is not enough of a reward for clubs who starred in the league phase.",Least Biased
"The Rohit Sharma conundrum: Eye on the prize, ear on the future","TimesofIndia.com in Dubai: ""Macha come for five minutes na... ,"" Harshit Rana pleaded with Washington Sundar to join their team, which was a player short, for a game of foot-volley at the Dubai International Stadium. Sundar, an off-spinner, was lazing around on the greens after sipping coconut water and was in no mood to become the replacement for Virat Kohli, who left his team midway through the game to join head coach Gautam Gambhir and captain Rohit Sharma for a discussion near the playing square.Go Beyond The Boundary with our YouTube channel. SUBSCRIBE NOW!The three stood there and made plans for what to do on Sunday for nearly 20 minutes. The hand gestures, Rohit's shadow batting and Kohli pointing to different areas on the field suggested there was plenty of plans being made. Not long after, light fielding drills took over. It was by no means an intense outing under the unforgiving sun as the entire bunch just got a feel of the afternoon, had a very brief team meeting, some stars signed for the waiting fans before everyone made their way back to the team hotel.The eve of the match, however, wasn't that brief an affair for both the captain and vice-captain (Shubman Gill) as the two didn't travel with the rest of the team to the stadium and were instead sweating it out at the International Cricket Council (ICC) Academy in the morning hours. 118807908With batting coach Sitanshu Kotak, assistant coach Abhishek Nayar and throwdown specialists for company, the openers trained for around an hour before joining the rest of the team. Even when the rumour mill is working overtime on the future of India captain, Rohit has his eyes on the prize - an ICC ODI title.There was a lot of purpose in his movements and discussions during the practice session on March 7 too as there is unfinished business for the Men in Blue. Most were part of the November 19 heartbreak vs Australia and the March 9 fixture, against New Zealand in the Champions Trophy, presents an opportunity for the ageing superstars, in the last leg of their respective careers, to add an ICC winners medal to their cabinet. There is an eye on the present but ears are firmly planted on the future too.Mohammed Shami (34), Ravindra Jadeja (36), Kohli (36) and Rohit (37) are not getting any younger and this could well be the last time the quartet feature together in an ICC ODI tournament. The next World Cup is still a couple of years away and it sounds like a stretch at this stage.Kohli, Rohit and Jadeja announced retirement from T20Is after the World Cup win in 2024 and there could be some decisions, if not announcements, in store after the Champions Trophy concludes on Sunday. If India have to make the roadmap for the 2027 World Cup, it has to start immediately after the Champions Trophy and some tough calls need to be taken. 118791849The timing to initiate the transition in ODIs is ideal and it could well not be dependent on the outcome of the Champions Trophy final. Vice-captain Gill, whose elevation is the step in the transition direction, asserted that there are no such discussions in the change room and the final clash vs the Black Caps remains the centre of attention at this stage.""No sir, till now we have only been discussing about winning the match, winning the Champions Trophy. He has not spoken to me or to the team about this decision. I don't think Rohit is thinking about it,"" says Gill at the pre-match press conference.Will-he-won't-he has been the repeated statement since the multi-nation tournament got underway in Dubai and the chatter grew louder on eve of the title clash. There was extra attention on his movements, routines on Saturday but the captain, for now, has his eyes firmly locked on the prize - the ICC Champions Trophy.",Right-Center
"5 Sixers thoughts: Key veterans set for workload reductions, young players emerging and more","Today is Monday, and that means another edition of 5 Sixers thoughts is in order. A fresh batch of Sixers storylines and observations worth keeping in mind with just over a month left in the regular season: 

Nick Nurse says key veterans will have minutes monitored

Nurse has been known to be aggressive with his best players' workloads, even before he became head coach of the Sixers. But as the team's season has devolved into what it is now, he acknowledged before Sunday's win over the Utah Jazz that he would be looking to monitor the minutes of some key veterans moving forward to ensure they are not overworked.

Guerschon Yabusele seemed to be the player Nurse was most intent on providing some relief; Nurse and Yabusele have both talked about the 29-year-old being out of gas on occasion and he has dealt with a few injuries since the All-Star break. Yabusele started each half of Sunday's game, but never returned to the game after those brief stints. Nurse said after the game that the plan was not necessarily for Yabusele to only play 11 minutes, but is a strong indicator that he is not someone who Nurse feels needs to be playing a ton over the next month and change.

Another player who appears to be understandably having his role scaled back moving forward is Kelly Oubre Jr., who leads the Sixers in total minutes this season and has been one of the few core pieces of the team to bring consistent, admirable energy to the floor night in and night out. Oubre's minutes were scaled back a bit in the first half on Sunday, and he never returned to the game after the first five and a half minutes of action in the third quarter.

Nurse also threw Quentin Grimes into this basket, though the 24-year-old has less mileage with more possible data to uncover. The Sixers would surely look to have as much knowledge as they can about how Grimes handles on-ball duties and everything that comes with them as they get set to make a push to keep him around long-term in restricted free agency this summer.

MORE: Diving into Grimes' emergence as a scorer and ball-handler for Sixers

Kyle Lowry ""feeling a lot better,"" could make return

Sunday marked one month since Lowry's last appearance. He has been out due to ""right hip injury management,"" as issues in that hip have held him out for a significant portion of the season. Lowry, who turns 39 years old on March 25, has had three separate extended absences this season, and they have all stemmed from right hip ailments. In what has become a lost season for the Sixers, it seemed far-fetched that the future Hall of Fame candidate would return for games at the end of the season, particularly after Nurse's aforementioned comments. 

However, Nurse provided an optimistic update on Lowry before Sunday's game.

""Just talked to him literally five minutes ago,"" Nurse said. ""He said he's feeling a lot better. He won't play tonight or tomorrow, but after that we'll look and check.""

After the completion of their home-road back-to-back on Monday in Atlanta, the Sixers will head to Toronto for a game on Wednesday night. For obvious reasons, it would probably be of significant meaning for Lowry to play against the Raptors in that contest, especially with his future beyond this season still to be determined.

Adem Bona shines in win over Jazz

Bona had the best game of his short NBA career by far on Sunday. In over 31 minutes off the bench, the rookie second-round pick totaled 14 points, 15 rebounds (eight offensive boards), five blocks and two steals. Far and away the most encouraging statistic on his line, though: just two personal fouls. There has never been a doubt that Bona can collect swatted shots and make highlight plays in short bursts, but his gargantuan foul rates have prevented him from playing extended stretches.

This was the ideal Bona game, from his energetic shot-blocking to rim-running and everything in between. A clear vision for a possible backup center of the future:

Nurse had extremely high praise for Bona in his postgame press conference.

""That was really a super good version of him out there tonight. I think again, when he's bouncy and running and kind of settled into the game, which he did right from the start, then hes good,"" Nurse said. ""Every now and then it seems to get going a little too fast for him, but he just tracked the ball all night, I thought. He was blocking his own guys shot. He was helping his teammates as well. He was good on the glass seven [offensive rebounds], but he was really probably around another seven. He was really putting pressure on them at the rim. Loved the rim protection, I think it seemed like it was more than five blocks to me. It seemed like he had about eight or nine.""

Nurse's praise of Bona continued:

""Not only did he protect the rim, but as you guys saw, he got switched out onto the guards a lot, and he did a great job of knowing the player he was guarding, pressing up and not giving up the three, sending them to the next help-side guy or whatever it was,"" Nurse said. ""He just did a good job, or when they went by him he just chased them down from behind. And so he's, you know, super athletic, as you can see in all facets. He's got quickness and jumping ability and he was using it all tonight.

MORE: Bona takes ownership of Sixers' 'basketball onboarding process'

Jared Butler finds a rhythm in extended run vs. Utah 

Like Bona, Butler played a game that is just the absolute optimal version of him as a player. While that entails athletic feats of dominance from Bona, for Butler is means playing a classic, traditional game of point guard. In addition to connecting on some threes to help break out of a shooting slump, Butler began to master the drive-and-kick game, giving his teammates ample opportunity to score:

""His playmaking was great,"" Nurse said. ""Really playing all parts of the pick-and-roll. He was hitting the roll guys, swinging it out to the weak side for open shots, getting it into the slot guy for open shots. I mean, really, really looked good as a pick-and- roll player tonight, and I thought he gave us a ton of catch-and-shoot opportunities and some stuff at the rim.""

With a strong final month-plus, Butler, 24, has a chance to earn a spot on next year's Sixers team and potentially even challenge for a back-end rotation role. The Sixers made the very rare move to trade for a two-way player when they acquired Butler from the Washington Wizards last month and converted him to a standard deal shortly thereafter primarily because of his old school skillset as a floor general.

Alex Reese talks evolution, learning two new teams

Reese, a stretch four inked to a two-way deal by the Sixers last month, got his first true rotation minutes with the team on Sunday. The 25-year-old Alabama product acquainted himself nicely, scoring six points on 2-for-3 shooting while grabbing nine rebounds and collecting three steals in 15 minutes:

""In his minutes for us, he's played very hard and he's been effective,"" Nurse said after the game. ""He's really a tough rebounder. He goes up, and when he rebounds, he's snatching them down and kind of commanding the ball. And obviously he's not afraid to shoot from the perimeter.""

Before the game, Reese spoke with PhillyVoice about his evolution from a below-average three-point shooter in college to one of the most prolific snipers in the G League, his acclimation process since joining the organization and more:

 Reese on how the adjustment period has been as he has gotten used to two new locker rooms, coaching staffs and team environments with the Sixers and Delaware Blue Coats:

""It's been good in both places. Here and in Delaware, both teams have welcomed me. They've taught me a lot so far, pointed me in the right directions when I don't know, you know, either on the court or off the court, where to go, where to be, stuff like that. So I'm enjoying it and grateful to be here.""

 Reese on if he has had any extended talks with Nurse about what he needs to do to earn minutes with the Sixers:

""We haven't really had any in-depth conversations as to what he wants from me, but I know I need to knock down my shots when I get in the game. Just play my role, play good defense and help as best I can.""

 Reese on the process that led to his massive breakout as a shooter (Reese has made over 40 percent of his long-range tries in the G League this season on about nine attempts per game):

""In Tuscaloosa, Coach [Nate] Oats, he gave me the freedom to shoot whenever I was open to take good shots, sometimes questionable shots. So I think the work has been the difference-maker. Working back home, I took the year off just getting as much work as I can in. My people at Alabama Hoops down there, my agents got me in good situations over the summertime. It takes a lot of work.""

MORE: KJ Martin talks trade, reflects on time in Philadelphia

Follow Adam on Twitter: @SixersAdam

Follow PhillyVoice on Twitter: @thephillyvoice",Left-Center
The Week contest: Soundproof web,"SUBSCRIBE & SAVE

Less than $3 per week

View Profile

The Explainer

Talking Points

The Week Recommends

Newsletters

From the Magazine

The Week Junior

Food & Drink

Personal Finance

All Categories 

Newsletter sign up

puzzles and quizzes

The Week contest: Soundproof web

Newsletter sign up

(Image credit: Mark_Breck / Getty Images)

The Week US 

3 April 2025

This week's question: Researchers have discovered that funnel-web spiders from busy urban areas can weave soundproof webs, allowing them to eat their prey in peace. If a company were to manufacture a scaled-up funnel web for noise phobic humans, what name should it give the product? 

Click here to see the results of last week's contest: Marriage pounds

How to enter: Submissions should be emailed to contest@theweek.com. Please include your name, address and daytime telephone number for verification; this week, please type ""Soundproof web"" in the subject line. Entries are due by noon, Eastern Time, Tuesday, April 8. Winners will appear on the Puzzle Page of the April 18 issue and at theweek.com/contest on April 11. In the case of identical or similar entries, the first one received gets credit. All entries become property of The Week.

Subscribe to The Week

Escape your echo chamber. Get the facts behind the news, plus analysis from multiple perspectives.

SUBSCRIBE & SAVE

Sign up for The Week's Free Newsletters

From our morning news briefing to a weekly Good News Newsletter, get the best of The Week delivered directly to your inbox.

From our morning news briefing to a weekly Good News Newsletter, get the best of The Week delivered directly to your inbox.

The winner gets a one-year subscription to The Week.

Sign up for Today's Best Articles in your inbox
A free daily email with the biggest news stories of the day  and the best features from TheWeek.com
Contact me with news and offers from other Future brandsReceive email from us on behalf of our trusted partners or sponsorsBy submitting your information you agree to the Terms & Conditions and Privacy Policy and are aged 16 or over.

The Week US

Social Links Navigation

6 dream homes with chefs kitchens

Featuring a house with two kitchen islands in Utah and a kitchen with a stove nook in New York

ByThe Week US 

Published 3 April 25

DVT: what to know about the blood clot plaguing NBA players

The Explainer
Multiple players have been diagnosed with deep vein thrombosis over the past few months

ByTheara Coleman, The Week US 

Published 3 April 25

Is Elon Musk's DOGE job coming to an end?

TODAY'S BIG QUESTION
Plummeting popularity, a stinging electoral defeat, and Tesla's shrinking market share could be pulling the tech billionaire out of Trump's presidential orbit

ByRafi Schwartz, The Week US 

Published 3 April 25

You might also like

Quiz of The Week: 22 - 28 March

Have you been paying attention to The Week's news?

ByThe Week Staff 

Published 28 March 25

Magazine solutions - April 4, 2025

Puzzles and Quizzes
Issue - April 4, 2025

ByThe Week Staff 

Published 27 March 25

Magazine printables - April 4, 2025

Puzzles and Quizzes
Issue - April 4, 2025

ByThe Week Staff 

Published 27 March 25

The Week contest: Marriage pounds

Puzzles and Quizzes

ByThe Week US 

Last updated 3 April 25

Quiz of The Week: 15 - 21 March

Have you been paying attention to The Week's news?

ByThe Week Staff 

Published 21 March 25

The Week contest: Bird battle

Puzzles and Quizzes

ByThe Week US 

Published 20 March 25

Magazine solutions - March 28, 2025

Issue - March 28, 2025

ByThe Week US 

Published 20 March 25

Magazine printables - March 28, 2025

Issue - March 28, 2025

ByThe Week US 

Published 20 March 25

View More 

Contact Future's experts

Terms and Conditions

Privacy Policy

Cookie Policy

Advertise With Us

The Week is part of Future US Inc, an international media group and leading digital publisher. Visit our corporate site.

Future US, Inc. Full 7th Floor, 130 West 42nd Street",Left-Center
Top Democrats ask Rubio for answers on now-cancelled $400 million Tesla plan,"Two top Congressional Democrats on foreign policy matters pressed Secretary of State Marco Rubio on Friday about a now-cancelled effort to purchase $400 million worth armored electric vehicles made by Tesla.

In a letter citing 's recent reporting on the Trump administration's move to acquire $400 million of Teslas, U.S. Reps. Gregory Meeks of New York, the ranking member of the House Committee on Foreign Relations, and Jared Moskowitz of Florida, who's the top Democrat on the committee's oversight subcommittee, said the plans represent ""a serious violation of federal procurement laws"" that would ""unlawfully enrich Mr. Musk,"" the billionaire tech mogul serving as a top official in the White House.

Earlier this week, Democratic Sen. Richard Blumenthal of Connecticut also wrote Rubio a letter demanding details about plans to purchase Teslas. 

Last month, a State Department spokesperson told  the $400 million figure was ""an estimate,"" and that there are now no plans of moving forward with the purchase. The spokesperson said a plan to begin studying the viability of using Teslas as armored vehicles first started in the Biden administration.

A document from the Biden White House obtained by  shows that the State Department planned to spend $483,000 on electric vehicle acquisition in 2025, less than 1% of the $400 million estimated expenditure that first showed up in a spreadsheet of expected State Department contracts. When reports first circulated of the spreadsheet item, a State official edited the document to say the award was for ""armored electric vehicles,"" not ""armored Tesla,"" which the lawmakers homed in on in their letter to Rubio on Friday.

""This raises serious questions about whether the Department not only scrubbed the document to remove any references to Tesla but also may have backdated the publicly available documentation to give the false impression that every element of these procurement plans  including the $400 million value  originated in the prior Administration,"" wrote the Democratic congressmen.

The State Department and Musk did not return requests for comment.

The lawmakers ask Rubio if State Department officials intentionally changed the electric vehicle purchase amount from $483,000 to $400 million, who oversaw the change and for proof that the contract has been ""definitively abandoned.""

While the Biden administration document obtained by  appears to show the push for the government to buy $400 million of Teslas started under Trump, who exactly put the item in the spreadsheet, and at whose direction, remains unclear.",Left-Center
Report: Former Eagles WR Parris Campbell agrees to terms with the Cowboys,"According to a report from ESPN, former Philadelphia Eagles wide receiver Parris Campbell is signing a one-year contract with the Dallas Cowboys.

Campbell was on and off the Eagles' roster all season, and he finished with 6 catches for 30 yards and a TD. He did not have any receiving stats in the playoffs, though the team trusted him to be on the active playoff gameday roster over rookie Ainias Smith.

Campbell's year-by-year stats: 

Campbell blazed a 4.31 40 at the 2019 NFL Combine, but for such a fast player he has had an oddly low 9.1 yards per catch average over his career. Over the last two seasons, he had an almost impossibly low 5.2 yards per catch on 26 receptions.

The Cowboys were reportedly interested in Cooper Kupp, who ultimately signed with the Seahawks. Campbell probably won't excite their fan base as a consolation prize.

It's a pretty safe bet that Campbell did not get a contract lucrative enough to qualify toward the comp pick formula. 

Follow Jimmy & PhillyVoice on Twitter: @JimmyKempski  thePhillyVoice

Like us on Facebook: PhillyVoice Sports

Add Jimmy's RSS feed to your feed reader",Left-Center
Report: Eagles CB Isaiah Rodgers agrees to terms with the Minnesota Vikings,"According to a report from ESPN, Philadelphia Eagles CB Isaiah Rodgers has agreed to terms with the Minnesota Vikings on a two-year deal worth $15 million.

In June of 2023, Rodgers was suspended for the entirety of the 2023 season for violating the NFL's policy on gambling, and was subsequently released by the Colts for no good reason. In a pure stash move, the Eagles signed Rodgers that August. He was reinstated by the NFL in April of 2024, and looked good during Eagles spring practices.

He was beaten out for a starting job in training camp by Quinyon Mitchell, but really only because Mitchell was just really good. Otherwise, Rodgers perhaps could have been a capable CB2. He was the team's primary backup at outside corner in 2024, appearing in 15 games (three starts), and playing 420 snaps in the regular defense (328 in the regular season, 92 in the playoffs). He finished with 26 tackles, a forced fumble, and four pass breakups. He was also forced into action in the playoffs after Mitchell got hurt against the Rams. In four playoff games, he had six tackles, a fumble recovery that he returned 40 yards, and three pass breakups.

He also averaged 28.1 yards per return on 8 kick returns, with a long return of 51 yards.

At 5'10, 170, Rodgers has slot corner size, but he mainly played outside for the Colts and Eagles. He has 4.28 speed and can run with any wide receiver in the NFL. 

The Eagles reportedly intend on releasing veteran CB Darius Slay, though there's still a chance Slay could return to the team. If the Eagles lose both Rodgers and Slay, Kelee Ringo would be the in-house favorite to land the CB3 job, playing on the outside alongside Mitchell and Cooper DeJean.

Follow Jimmy & PhillyVoice on Twitter: @JimmyKempski  thePhillyVoice

Like us on Facebook: PhillyVoice Sports

Add Jimmy's RSS feed to your feed reader",Left-Center
Police rescue 2 kidnapped FULafia students,"The Nasarawa State Police Command has confirmed that its personnel have rescued two students of the Federal University of Lafia, FULafia, who were abducted from their residence. DAILYPOST reported that on the night of 6 December 2023, gunmen invaded off-campus student accommodation in the Gandu community, a hub housing over 6,000 students near the university. Initial reports indicated that approximately 17 students were kidnapped during this attack. Following the abductions, students organised protests demanding the unconditional release of their peers and calling for enhanced security measures in and around the university environment. In a statement by the Police Public Relations Officer, SP Ramhan Nansel, the kidnappers stormed a student lodge behind Nasara Estate in Tudun Kauri, Lafia, and took the students captive. Following this, the Commissioner of Police, Shetima Jauro Mohammed, ordered immediate action and swiftly mobilised operatives from the Anti-Kidnapping Unit to track down the perpetrators. This led to a rescue operation, which involved an exchange of gunfire between the kidnappers and police personnel, resulting in the kidnappers abandoning their victims and fleeing in different directions. The police arrested a suspect, Ibrahim Musa from Abuni village in Awe Local Government Area, who is currently assisting with ongoing investigations. Commending the operatives for their bravery, Commissioner Jauro reassured residents of the police commands dedication to combating crime and urged officers to remain vigilant in their mission to maintain security across the state. In December 2023, the Federal University of Lafia (FULafia) in Nasarawa State experienced a series of student abductions that raised significant concerns about security in the area.",Least Biased
What's Lost When the Human Drivers Are Gone?,"You can follow Michael Calore on Bluesky at @snackfight, Lauren Goode on Bluesky at @laurengoode, and Aarian Marshall on Bluesky at @aarianmarshall. Write to us at uncannyvalley@wired.com.
How to Listen
You can always listen to this week's podcast through the audio player on this page, but if you want to subscribe for free to get every episode, here's how:
If you're on an iPhone or iPad, open the app called Podcasts, or just tap this link. You can also download an app like Overcast or Pocket Casts and search for uncanny valley. Were on Spotify too.

Note: This is an automated transcript, which may contain errors.
Michael Calore: Lauren, would you like to introduce our guest?
Lauren Goode: I thought we were going to do the old Lauren, Mike, Lauren. I would be happy to introduce our guest. So Zoe is not here today, but she's around. She's very busy and we are very excited to welcome in her place: Aarian Marshall. Aarian is a staff writer at WIRED covering all things' transportation. There's a lot going on in transportation these days. Aarian, it's great to have you here.
Aarian Marshall: It's great to be here.
Michael Calore: Why didn't you fly on an airplane out to San Francisco to join us?
Aarian Marshall: I didn't fly on an airplane out to San Francisco to join you because that's not in Conde Nast's budget right now.
Lauren Goode: Do you live in New York now?
Aarian Marshall: No, I'm just here for a few months.
Michael Calore: Do they have Waymos in New York City?
Aarian Marshall: They do not have Waymo's or any sort of self-driving cars. I think New York City is kind of the final boss of self-driving cars and we are far away from the final boss. Maybe one day.
Michael Calore: Well, that's our topic this week. That's why we're bringing you on because you do a lot of the reporting as Lauren mentioned about all the different self-driving car, robotaxis, driverless vehicles, autonomous vehicles.
Lauren Goode: Planes, trains, automobiles, e-bikes, everything with wheels.
Michael Calore: Well, we're so excited to have you here today, Aarian, because we're going to talk about the race to flood our streets with self-driving cars. We'll consider the pros and cons of sharing the road with these robotaxis and talk about how companies are dealing with all of those pesky safety regulations. We'll also examine what the end game is for tech companies building self-driving cars, and we'll imagine what the future will look like once driverless cars become fully mainstream. This is WIRED's Uncanny Valley, a show about the people, power, and influence of Silicon Valley. I'm Michael Calore, director of Consumer Tech and Culture here at WIRED.
Lauren Goode: I'm Lauren Goode. I'm a senior writer at WIRED.
Aarian Marshall: And I'm Aarian Marshall. I'm a staff writer at WIRED.
Michael Calore: So let's put some names on the board to start out with.
Lauren Goode: Cybertruck.
Michael Calore: Hopefully we won't be talking about the Cybertruck a whole lot this week.
Lauren Goode: Third show in a row, I think so let's skip that one.
Michael Calore: We have to keep bringing it up, but who are the big players in self-driving cars? When we're talking about autonomous vehicles, there are very big names. Who are those names and what are they up to?
Aarian Marshall: So I'd say the biggest name in self-driving cars is Waymo. That is Google's sister company. In fact, it used to be the Google self-driving car project. I think everyone knows that Waymo is in the lead right now in self-driving cars. They operate paid taxi services, paid driverless taxi services in Phoenix, in San Francisco and Los Angeles and just this month, Austin, Texas in conjunction with Uber right now. You can actually get on Uber in Austin and try to order yourself a self-driving car, which is a big deal.
Lauren Goode: That's timed to South by Southwest presumably?
Michael Calore: Probably.
Aarian Marshall: Exactly. Soon they will be operating in Atlanta and then next year Miami. So they have a lot of cities that they're operating in.
Michael Calore: Lauren, the first Waymo ride I ever had was with you.
Lauren Goode: Was it on my birthday?
Michael Calore: Yeah. (affirmative)
Lauren Goode: Oh really? That was your first one?
Michael Calore: That was the first time I ever rode in one.
Lauren Goode: That was super fun and we took it all the way to Cow Hollow or something. We took it over the hills, so we really had the experience of feeling it careen over these hills in San Francisco and just putting our lives in its hands.
Michael Calore: We did. They are absolutely everywhere here. If you don't live in San Francisco or you don't visit the Bay Area often, you should know that there are tons of Waymos on the street. You'll get here, you'll see one, you're like, ""Hey look, there's nobody behind the wheel of that car, and it's going down the road at 30 miles an hour."" And you'll pull out your phone and you'll take a picture of it or shoot a video to show your friends and then within the next five minutes you'll see another 10 of them.
Lauren Goode: And you'll see them driving side by side on the road and stuff. It's almost like a Tesla Model 3 at this point.
Michael Calore: Yes, there are certain parts of the city that they don't go in, they don't go on the freeways yet.
Lauren Goode: Do they go to the airport? Aarian you might know. Do they go to San Francisco airport?
Aarian Marshall: They don't go to San Francisco airport yet. They are testing on the highways and they actually have permission from the state to operate paid services on the highways, but they don't do it quite yet.
Michael Calore: Aarian, what has your experience with Waymos been?
Aarian Marshall: Funny thing about me is that WIRED first hired me to cover self-driving cars because I didn't have a driver's license until very recently and they thought it would be adorable if they had someone who couldn't drive write about self-driving cars. It was probably a bad idea, but here I am. So my first experience with the self-driving car was back in 2017 when I was in a cruise and it was a real scaredy-cat and it would break hard whenever it saw someone on the sidewalk who maybe looked to it, they might cross the street even if it was in the middle of the street, not in a crosswalk. So it was kind of an unpleasant experience and I remember feeling a little ill. Since then, I've taken a lot of really impressive rides in Waymos and cruises all over the country. I think most recently I took a ride in Arizona. That was great except for one interesting experience where we were driving next to a dog park and a dog was running full tilt after a ball towards the fence of the dog park and clearly the car didn't realize that there was a fence for this dog park, so it braked really, really hard. If there was someone behind us, we probably would've gotten rear-ended because it doesn't have that kind of human intelligence to be able to say, ""Oh, that dog is in a dog park. They're not going to run ahead of me because there's a fence in the way and they're not going to scale the fence somehow to get their ball."" So that was an interesting experience I had, but in generally they've been very pleasant and I do recommend it.
Michael Calore: Waymo, love them or don't, but they're everywhere. Who else should we be talking about?
Aarian Marshall: So there are a few more players. So we have Zoox, which is actually owned by Amazon. They have been testing for a while in San Francisco, in Foster City, on the Peninsula. They're testing in Las Vegas, Seattle, Austin, Miami. They say they're actually going to launch a paid service finally in Las Vegas later this year. And this is in a purpose-built, little mint green toaster looking thing. It really looks very different from any other car on the road, whereas Waymo's are operating in real cars that actually do have steering wheels. The Zoox looks like nothing you've ever seen on the road, so that'll be cool when that happens. And then the other big player I'd say is Tesla, and this is kind of the big question mark with self-driving. Tesla has their advanced driver assistance feature called full self-driving and they've had that for a while now. Now full self-driving doesn't actually self-drive. It just helps people navigate in certain situations and they always say, ""Despite the branding, you have to keep your eyes on the road."" Now Elon Musk has promised that soon that will not be the case, and they are saying that in June they're going to launch a totally self-driving robotaxi service in Austin, Texas, and then they're also going to do that in California at some point this year. I'd say some people are skeptical about that timeline, but that's what Elon has said it's going to happen.
Lauren Goode: I'm going to ask a question that might be kind of dumb, but why do these self-driving vehicles roll out in major cities first? Why are they not in the suburbs?
Aarian Marshall: That is not a dumb question at all. This was actually a big controversy in self-driving cars when they first started operating as robotaxis. There's a company that kind of doesn't exist any more called Cruise, which was acquired by General Motors and they were operating robotaxi services. They started out in San Francisco and their theory was we want to start out where we know a lot of people take Ubers. There's a high demand for taxi services where there's a lot of people and a lot of density and we want to try the hardest thing first. We want to make sure that we can deal with the craziness of San Francisco. Waymo had a different strategy at first, they launched in Phoenix, Arizona and in metro Phoenix, Arizona. So it's a bit more suburban there and they decided that they wanted to kind of do this slightly easier things first where there are clear road signs. I think at this point it's become clear that the best business case for robotaxis is going to where the most people need taxis and where people need taxis all the time, and that's in cities.
Michael Calore: Aarian, these companies are using different technologies to find their way around the cityscape. Can you tell us a little bit about how they differ and how they're similar?
Aarian Marshall: I feel like they're kind of two big schools of thought and it's Tesla versus everyone else. Generally self-driving cars work by placing a ton of sensors on cars and using those sensors which include cameras, radar, and lidar to have the car understand where it is in space. And then in addition, most self-driving car companies create these very detailed high-definition maps of the places they're going to operate. So the car also has these maps to help them get around. Now, Tesla doesn't think they need that. They haven't done the intensive mapping that we've seen from other companies, and their big differentiator is they don't think they need lidar. They think that they can create self-driving cars mostly on a totally camera-based system. They really like this idea because it's cheaper. Lidar has actually come down a lot in price over the past decade or so, but it's still kind of expensive. So to put it all over every car, especially for Tesla, their vision is that every Tesla on the road right now can eventually become a self-driving car. So if they were to sell every Tesla right now with lidar, that would be really a lot of expense for them. So they think they can do it with just cameras.
Lauren Goode: How much does a single Waymo car cost, which is a Jaguar, right?
Aarian Marshall: We don't have a firm answer on this from Waymo. This is not something they talk about publicly. We do have an analysis from a bank called Citizens JMP, which did some number crunching last year and they assumed that Waymo, it costs about $70,000 in hardware and then $41,000 a year to operate. And they said based on those figures, Waymo would generate about $112,000 in annual revenue per car in San Francisco specifically. And again, that's based on the Jaguar as you said. Waymo also has their own little, purpose built robotaxi coming out. They're actually testing it in San Francisco right now from a Chinese company called Zeekr, so that might change the numbers a bit. Again, this is very back-the-envelope math, but this is what we have so far.
Lauren Goode: That's surprising. I wouldn't think they're making money.
Michael Calore: Well, they cost $30 to take a trip sometimes.
Lauren Goode: But you don't have to tip.
Aarian Marshall: Now I will say pretty robust revenue on a per-car unit basis. Does that factor in what they're paying to have people at a call center answering phones related to Waymo or infrastructure or the lobbying they have to do to influence regulations in different cities or states on a federal level? We're not sure about that either, so we're not sure what the total math is, but it's interesting that they do say it's making pretty robust revenue on a per-car unit basis.
Michael Calore: Well, thanks for that overview. Let's take a quick break and we'll come right back. Welcome back to Uncanny Valley. Let's talk about how it's been going out on the roads. What has the reception been like? I think we should start with passengers. Do people like robotaxis? Do they like riding in them? Are they riding in them? Do they like sharing the roads with them if they're driving a car next to one?
Aarian Marshall: WIRED actually did some fun reporting on this over the summer where we chased a few robotaxis with this very ornery, talkative Uber driver. It was a crazy day and we ended up talking to a lot of people as they were getting in and out of Waymos, which we thought was kind of the best way for us to organically find Waymo passengers.
Lauren Goode: So just to be clear, the group of WIRED reporters hopped in a regular car that was driven by an Uber driver. He was driving the group around as you chased a Waymo.
Aarian Marshall: Correct. Yes. There was also a supplementary chase car. The logistics were, we had someone at HQ watching everyone on maps. It was really an amazing operation, but when we talked to the people who were coming in and out of cars, people tended to love them. So I'd say one dynamic that was interesting is that in San Francisco at least it seemed like it was a lot of tourists. So people who would do a trip to San Francisco and they would show up and be like, ""Oh my God, I didn't know there were so many of these things around."" And then we talked to some people who just take them as part of their everyday lives. So we talked to a woman who was going to get her nails done. The big theme was that people were like, ""I love that I'm alone and I don't have to talk to a driver and I don't have to have some sort of awkward interactions that make me a little bit uncomfortable with a driver."" And as someone who kind of worries about how technology is changing our relationships with other people, I've spent some time thinking about whether that's good and it makes me feel a little bit yucky. I think a lot of people and women in particular have had some really bad experiences with taxi drivers, so I understand that kind of feeling of relief that you don't have to worry about that. At the same time, I've had a lot of sort of lovely serendipitous conversations with taxi drivers and Uber drivers, and I would be sad to exist in a world where that doesn't happen, which is all to say, people love it. People love being alone in their own little tube on the road. So that's kind of interesting.
Lauren Goode: There have been some incidents of vandalism and I happen to have seen people kind of act out around them. I once saw a person who was carrying a jacket walking up the street and the Waymo was driving slowly by them to turn a corner and the person just whipped their jacket at the Waymo, which obviously did nothing, but they were expressing some kind of displeasure about this robot overtaking their street.
Michael Calore: Trying to hurt it. And the stuff that I've seen as a passenger and just on the roads has mostly been sort of civil disobedience, people jumping out in front of a Waymo because if you do that it stops and then they look at you. I was sitting in the car and in the back seat somebody jumped out and was looking at me and making faces at me and wagging their finger and just being silly, but trying to express to me their displeasure that I had chosen this as my mode of transportation. And then of course there were safe streets activists who were doing this really fun thing where they would put a traffic cone on the hood of a self-driving car because in the early days before the company figured out that people were doing this, you could do that and it would just confuse the car and it would stop.
Lauren Goode: It would just stop.
Michael Calore: It would think that it had something on its hood and it would be like, ""Oh, I can't move now.""
Lauren Goode: They're so smart until they're not.
Aarian Marshall: Mike, you probably know this better than any of us, but I've heard from a lot of bicycle commuters in particular who love driving next to Waymos because they drive in a predictable way. They're very polite to bicycles. They're never going to pull down their window and spit at them or curse at them, which is something that human drivers do to bike riders sometimes. That said, there have been times when masses of people have attacked Waymos. There was one incident in Chinatown where a crowd set one on fire, so there's definitely been backlashes in cities for sure, and I would honestly expect that to continue because it is really disconcerting to some people and they can be a little pokey. Drivers can be frustrated with them because sometimes they're not as aggressive with yellow lights and stuff like that, and there have been situations where Waymos and cruises when they were operating really just froze in the middle of the streets, and this is something that still happens. Sometimes they just freeze and that can be disturbing when you're in traffic and suddenly the car in front of you just isn't moving and there's kind of nothing you can do about it because it's driven by a robot and not by a human.
Michael Calore: You can honk and people do honk and-
Lauren Goode: Nothing happens.
Michael Calore: Endlessly amusing.
Lauren Goode: Because there's nobody there, there's no driver to respond to that. In some ways, Waymos are like the Starbucks of electric vehicles because you get in one and you always know what you're going to get. Every car smells the same and it drives pretty much exactly the same, and there's a sort of, I don't know, almost like a diluted experience to it. When I think of Starbucks, I don't think... And by the way, I drink Starbucks, it's great, but I don't think of it as a place necessarily to commune. You're not necessarily there for the human-to-human interaction. You're there to get in and get out. That's kind of what getting into a Waymo feels like relative to getting into a taxi.
Michael Calore: Or a bus for that matter.
Lauren Goode: Right, or a bus or train.
Michael Calore: I'm curious how city governments have been responding. Are cities welcoming when self-driving cars want to come operate in their town? Are they pushing back? Are they setting special rules?
Aarian Marshall: So it really depends on the city. Something that the autonomous vehicle industry has been complaining about for years and years is that this country is really a patchwork of regulations for self-driving cars and they differ not only state by state, but by city. Some states have preempted cities in terms of regulations, so I think of Texas for example, which is kind of like a hotbed of autonomous vehicle action right now. And part of that reason is because the cities don't have the power to say no. And Texas has basically said, ""If you want to come operate a self-driving car service here, go ahead. We think it's great."" And that can be really disturbing to not only city governments, but city residents who say, ""Hey, this is happening on my road that I live on with my children and my family. I would like some input into when and where these things operate."" California, for example, also has rested power away from its cities, so San Francisco in particular doesn't actually have any power over the Waymos and Zooxes that operate there, but California has a very robust and multistep rollout process for self-driving cars. They publish a fair amount of public data on how those self-driving cars are doing, including accident reports if something goes down and those are released publicly. In general, it feels like the self-driving car companies have gotten much savvier about really spending time engaging with city leaders, with law enforcement that includes police, the fire departments to make sure that even if they don't have to give those entities any specific information, that they kind of go out of their way to make friends with them because they know that it's going to be better to have friends in city hall than not.
Lauren Goode: There have been a couple major incidents with self-driving cars, one that WIRED has written about extensively. Aarian, tell us about these.
Aarian Marshall: The first most notorious, I'd say incident that happened with a self-driving car was with a player that is no longer in self-driving cars, and that was Uber in... Gosh, was it 2018? It was a number of years ago now. A car hit a woman who was crossing a highway on ramp and she was killed. It was a really horrible situation. They later revealed that the technology wasn't quite working in the way it should. The woman was pushing a bike, but she was on foot. The bike had a number of bags on it. The technology wasn't able to tell if she was riding a bike and she was moving as if she were a bike or if she were a human, and it just wasn't able to break in time. WIRED has a great feature story by Lauren Smiley if you're interested in this incident about the person who was operating that self-driving car and sort what that woman has gone through personally. That I would say really contributed to Uber's decision to get out of the self-driving car game period. So they don't develop their own technology anymore. They're now working with Waymo and allowing Waymos to deploy on their network. So that was the first big terrible incident. The other one was something that happened October 2023 with a company called Cruise that was owned by General Motors. This was an incident in which actually the self-driving car wasn't really at fault. There was a human driven car driving on Market Street in San Francisco. It hit a passenger on foot and threw that woman in the path of the cruise that then also hit that woman. The human that hit that person is still at large. It was a hit-and-run. So we've never figured out who hurt this person and they were seriously injured. What came out, gosh, a month later and really upset regulators in California and on a federal level is that it turned out that the Cruise vehicle, it had been sort of trained to pull to the side of the road to get out of traffic, so it didn't create more of a hazard by just being in the middle of the road. It actually dragged this pedestrian 20 feet because they were still attached to the car and that wasn't revealed to regulators, and that led to Cruise losing its permit to operate in California and it never recovered.
Michael Calore: But there haven't been any reported incidents yet with Waymo cars, right?
Aarian Marshall: So far, Waymo has not been involved in a fatal crash. They have been involved in crashes that have hurt people, but nothing that's killed someone so far. So many people I talk to say it is inevitable that Waymo will be involved in that kind of crash because this is the reality of the road system we have in this country, is that people die on our roads and how will they respond when that happens?
Michael Calore: Something we always end up talking about whenever we hear these incidents of self-driving cars harming humans on the road is what is the cost of human drivers harming people on the road and proponents of self-driving cars will often argue that self-driving cars harm many fewer people than human drivers in aggregate on the roads, and therefore they are safer even when horrific things happen. Isn't that right?
Aarian Marshall: I don't have specific numbers in front of me, but I know that there have been several studies that I will note generally are put out by these companies, but that show that their cars get into less serious safety incidents than human-driven cars. They always say robotaxi doesn't drink, and it's not going to fall asleep on the road. So that's all good news. Now, when I talk to researchers who look into this stuff, they have been very clear that we simply do not have enough data to know if that's the case. These cars are doing a lot of trips, they're doing more and more trips every day, but they simply do not equal the huge number of trips that we see human drivers take every day and the many millions of miles that they drive. So it's hard to compare. It's kind of comparing apples and oranges at this point.
Lauren Goode: Aarian, in those terrible stories, you mentioned in both cases the human drivers that were somehow involved, and when it comes to human drivers, I'm wondering what the impact is of a Waymo rollout, of a broader Zoox rollout on all of the human drivers who make their living driving taxis?
Aarian Marshall: It's a really great question and I think not something that's really been adequately answered. If you ask Uber about this or if you ask Waymo about this or if you ask Lyft, they will tell you that's not going to happen for a really long time. That the future for the next decade or so looks like robots working alongside human drivers. I always say with self-driving cars, it's not when, it's where. So for example, in New York City where I am now, it's going to be a really long time before robots are able to deal with the absolute bananas roads here. I think it'll be a long time before that happens, but I would encourage people to ask their policymakers about this. I think this goes along with sort of any technology we look at that contributes to automation. What happens to the people who do those jobs now? What do their futures look like? I don't think we really know.
Michael Calore: Every time I climb into an Uber, I ask the driver how they feel about the self-driving cars on the road.
Lauren Goode: What do they say?
Michael Calore: The answers are wildly different. Some drivers just don't want to talk about it. They're like, ""Whatever. It's fine."" And other drivers are either enthusiastically for or against the self-driving cars. The ones who are for it say that they're good citizens on the road, people like to take them, and if people want to be alone, they should be allowed to be alone and that's fine. What I did notice is that recently there was an option in the Uber app for you to choose to not have a conversation with your driver. So it feels like if you're the type of person who would rather just be alone in the car, but you want to take an Uber or Waymo is not operating in your city, you now have the choice to do that. That feels like a response to that desire, to not want to talk to people while you're in the car.
Lauren Goode: That feels a little bit darker than just taking Waymo where you are explicitly not talking to a human. Just-
Michael Calore: Super awkward.
Lauren Goode: Tapping something in an app to let the person know who's giving you a lift.
Michael Calore: Don't talk to me.
Lauren Goode: Don't talk to me, really.
Michael Calore: But if you're going to do that, you have your reasons and we have to respect that.
Lauren Goode: Fair enough.
Michael Calore: Well, anyway, let's take another quick break and we'll come right back with more. Aarian, you just said that as far as self-driving cars taking over the roads, it's a matter of where more so than when, but I'm curious if you have any thoughts about when and/or where the balance is going to tip and we're going to wind up with a city or a place with more self-driving cars, more self-driving vehicles on the road than human-driven vehicles?
Aarian Marshall: Frankly, I kind of have no idea. I will say I wouldn't be surprised if it were outside the United States. In the US, people like to drive and they feel it's an important part of their identity and their personal liberty. I wouldn't be surprised to see, for example, somewhere in the Middle East. I wouldn't be surprised to see it happen where there's a very centralized, powerful government that can just kind of say one day, ""No more human-driven cars anymore, starting very soon. Go forth."" That wouldn't shock me, but I think it's a little ways away.
Michael Calore: But what is going to happen to the bus?
Aarian Marshall: This is a great question.
Michael Calore: We love our buses.
Lauren Goode: Do you mean if more capital is flowing into these privately run companies and this is what takes over our road, does it actually mean there's less funding going into public transit?
Michael Calore: And I also think that there are people active in government right now in the United States who are looking at the amount of money that we spend on basically inefficient and dirty and difficult to manage bus systems and thinking that that money could be better put towards automated systems.
Aarian Marshall: This is also one of my obsessions, Mike. So I will say that we've sort of seen these ideas trialed out and not quite worked in the context of Uber. So these have drivers, but we've seen city governments say, ""Hey, running a bus system is a pain in the butt. Why don't we just have on-demand Ubers that come and pick people up from their homes and take them to where they want to go? Isn't that more efficient and won't that save us money in the end?"" There have been cities that have tried this out and they have run out of their budget extremely quickly because people are really into being picked up at their homes and then dropped off exactly where they want to go, and it's not efficient because you have one body, in this case, two bodies. Because you have a driver, but they don't really count in a car, and that takes up X amount of space on the road, and if you have a ton of those cars flood the at one time because they're really cheap because there's no driver you have to pay for and the costs are already baked in, you get a ton of traffic. I mean, that's what we've seen with Uber. We've seen cities that brought Uber in. Uber and Lyft when they first came out, they said, ""Hey, we're going to actually get rid of traffic because everyone's going to be able to sell their car."" It turns out that wasn't the way it worked. People didn't sell their car. They just used Uber and Lyft for kind of one-off trips. In fact, some people bought cars so that they could drive for Uber and Lyft, and we actually ended up having more traffic in cities. So I think that's kind of the big fear.
Lauren Goode: So one thing, we haven't really talked about are freight trucks because for a while, companies like Uber were making investments in that and then seemed to back away from it. There are still some other companies, I think Kodiak is one in Texas that are pretty interested in making autonomous shipping a thing. Aarian, where do we stand on that?
Aarian Marshall: They still exist. They're out there working on it. A lot of this is happening in Texas because of the lack of regulation that's happening there. They're working on it, and some people see great promise in the technology, and it's being tested everywhere from California to Atlanta, Georgia mostly on highways. I will say that it feels a lot riskier to governments, and that can freak them out because if something goes wrong with a Waymo that's traveling on a street in San Francisco at 10 miles per hour and it freezes, it's really annoying for everyone. It is not the end of the world. If something goes wrong with a truck that's carrying more than 10,000 pounds of goods and it's traveling at 70 miles per hour on a highway, that could be really bad. A lot of companies are working on fixing this, and they see, because freight is kind of the lifeblood of so many places, economies. There's huge upside there, but it's taken a little while and I think it's notable that Waymo, for example, has pulled out of its truck operations. It's no longer working on trucks. They just clearly don't think it's worth it.
Michael Calore: Well, you bring up a good point, which is that there are significant regulatory barriers to self-driving trucks being on highways just as there are less significant regulatory barriers to self-driving cars being on city streets, and I'm curious who the big players are here as far as regulations go. We know how cities mostly operate independently, but once you're talking about highways, you're talking about different regulatory bodies.
Aarian Marshall: I'd say that the big thing to watch right now is, I don't know if you've heard of this guy called Elon Musk. He is the first buddy of the United States right now.
Michael Calore: Tell us more.
Lauren Goode: He's a regular on this podcast.
Aarian Marshall: And Elon Musk has said prior to Trump taking office that he really wanted to prioritize autonomous vehicle regulations. In general, the federal government has taken a pretty slow and hands-off approach to regulations, but there's a possibility that they could put in some sort of regulation. This would probably have to be passed by law through Congress, which is not something we're seeing a lot of lately, but who knows? And they could preempt all of these rules that are going on in states. Now I don't think that's a slam dunk for them. In general, states have their departments of motor vehicles, and those are regulated by the states and general autonomous vehicles have been regulated by DMVs, so they're kind of clinging to their power in that way. But that's something the autonomous vehicle industry really wants is just one rule for everyone. Everyone has to go through the same process. It doesn't matter if you're in New York City or Peoria or Omaha.
Michael Calore: Nice. Lauren, what are you keeping your eye on in this space? What are the things that you're looking at about self-driving cars that you want to see change or get better or go away?
Lauren Goode: Or go away. I don't want them to go away. I think I would like to see some really smart predictions from economists who of course are not always right. None of us are always right about what this actually does mean for the labor market, what it means for drivers. That's the first thing. The second thing is highway driving, I think. Because that to me, if that becomes mainstream and it's safe is probably one of the things that would make me give up having a car, and yet it is more terrifying than being on city streets. The idea of going 65 miles per hour in a self-driving car is in fact a little terrifying, but that seems like a threshold. What about you? What are you keeping an eye on?
Michael Calore: The thing that I keep thinking about is the humanity of it all. When you leave your house and you call a car to take you somewhere and a person shows up in the car, you get in that car, you talk to the person, you interact with the person in some way, and maybe it's not the best interaction or maybe it's a positive interaction, but either way, their humanity rubs off a little bit on you. Likewise, if you drive a car or like me, if you ride a bike, you're out there on the road and you're sharing the road with other human beings, and some of them are in a generous mood, some of them are in a foul mood, some of them just are in a hurry and they're driving really fast, and those can be pleasant interactions. They can be very unpleasant interactions as long as you don't get hurt, they're harmless. But again, you're interacting with human beings and their humanity is rubbing off on you. So in a world where you're getting in a car and there's no human in that car, or in a world where you're going onto a road where it's mostly non-human cars on the road, then I feel like you lose a lot of the human interactions that we rely on to keep us human and to keep us normal people who know how to interact with each other. So I feel like it would just sort of increase feelings of isolation and loneliness and lack of community, and a lot of the things that cause a lot of our problems as a society if we don't have humans in those public spaces.
Lauren Goode: The fact that we talk so much I think on this podcast, but in general about what it means to be human, means we've already lost something there. And Aarian, what are you keeping your eye on in terms of the future of self-driving?
Aarian Marshall: The stuff I'm really interested in terms of the future of self-driving is pretty nerdy, but something that comes up a lot when I talk to researchers, which is I think these cars have a real opportunity to totally change the way our cities work, for better or for worse. The sort of hell situation is that these rides are so cheap that everyone takes self-driving cars everywhere, and then we spend the rest of our lives trapped in endless gridlock and we sleep and pee and do all of our work in our little own pods, and it's like, WALL-E, and that's horrifying to me. So how do we prevent that? We've rent that through regulation, and I actually think that self-driving cars present a really interesting opportunity to really think robustly about what we want our cities to look like and what we want our streets to look like, and who we want our streets to be designed for. If these things are going to come in and change everything, maybe we can make them change everything for the better. Maybe there are a few places where only self-driving cars can operate and no cars are allowed in the city, and everywhere else is people walking and biking, and there are a lot of places for people to hang out outside, and they're third places again where people feel comfortable hanging out and don't have to spend money to do it. I think self-driving cars could be a really interesting catalyst for a lot of great city change. They could also be terrible, but I'm hoping for the great scenario.
Michael Calore: I agree with you. I hope they lead to a big, beautiful, robust, and free public transit system in every major city in America.
Aarian Marshall: Amen.
Michael Calore: Thank you for listening to Uncanny Valley. If you'd liked what you heard today, make sure to follow our show and rate it on your podcast app of choice. If you'd like to get in touch with us with any questions, comments, or show suggestions, write to us at uncannyvalley@WIRED.com. We want to thank Aarian Marshall for joining us this week. Zo Schiffer will be back next week, and I'm told she will be bringing us cookies. Today's show is produced by Kyana Moghadam. Amar Lal at Macrosound mixed this episode. Matt Giles fact checked this episode. Jordan Bell is our executive producer. Katie Drummond is WIRED's global editorial director. And Chris Bannon is the head of global audio.",Left-Center
"Exclusive: 'Koi bhi situation mei bhejo, karke aaunga' - Shreyas Iyer","TimesofIndia.com in Dubai: The 2025 Champions Trophy winners medal around his neck and the iconic white blazer on, Shreyas Iyer broke into an impromptu jig when the rest of his teammates assembled for a group picture. Sukhbir's popular song 'Oh ho ho' was too hard to resist for the right-hander and he ensured not to miss a beat with his sublime footwork. It wasn't his usual Afrobeat number but on hearing ""mera waala gaana"" on the loudspeaker, the dancing skills took over and soon became a buzz on social media.Go Beyond The Boundary with our YouTube channel. SUBSCRIBE NOW!The grooving continued in post-match interviews and the 30-year-old celebrated what was a very successful campaign where he ended as India's leading run-getter with 243 runs in five innings. These were hard-fought runs which came in tricky situations and allowed India to control the middle overs - the passage of play which was very crucial on the sluggish surfaces in Dubai. One knock at a time, not only did he remind of his class in the format but also put doubts, if there were still any, to rest.Over the past year, there were lows of missing a central contract and losing spot in the Test side but Shreyas took it on the chin and responded with an Indian Premier League (IPL) title for Kolkata Knight Riders and a very consistent run in the domestic circuit for Mumbai, across formats. Hours after the biggest high of his career, yet, India's No.4 opened up on the CT campaign, confidence he has in his game, unfinished business in whites and more. 118828518Edited excerpts:Last one year has been a roller-coaster for you. Lots of things happened. Central contract, so much noise but you responded with one title at a time. IPL trophy, domestic success... how satisfying was it when you collected the Champions Trophy white blazer?Extremely satisfying. To be honest it has been a journey and I have learnt a lot in this phase of my life where I got out of the contract after playing the 2023 ODI World Cup. I reassessed where I went wrong, what I should be doing, how well I need to focus on my fitness. I asked myself all these questions and prepared a routine and started focussing on my training and also the skills I added side by side. Once I got continuous matches in domestic cricket, I figured out how important fitness was for me especially when I raised my concerns at the start of the year. Overall I am extremely happy with myself... the way I came out of this, the way I handled the situation and most importantly I believed in myself.Did frustration ever creep in during this period?Frustration toh nahi tha because I was playing IPL. The major focus was to win the IPL and thankfully I won it. I personally felt I didn't get the recognition I wanted to after winning the IPL but at the end of the day, as long as you have self integrity and you keep doing the right things when no one is watching, that is more important and that is what I kept doing. ShreyasIyer15 (@ShreyasIyer15) Your KKR teammates have publicly appreciated your captaincy and the decisions during pressure situations. How much have you evolved as a captain after leading in the IPL, then Mumbai in the domestic competitions? You were in the leadership discussions for the Indian team too.I would say I am more of an instinctive person. I see the situation, read the situation and based on that I call my shots. I believe a lot on my gut calls. Whatever the first thought comes in my mind, I take that and back it. Most important is you back your teammates, you back your calls and every individual who is part of the team on the given day. It's important you back them in pressure situations and make sure that you believe in their abilities. Once all these patterns are set up for you, everything else follows.Your back troubled you for a long time and it wasn't something which was fixed after a quick rehab. It flared up when you played the longest format. What changes did you have to make in terms of routine, physical exercises and how confident are you with your body after undergoing what you did?I am extremely happy with my training routine. There is this guy Sagar who has been working with me on my training and he creates schedules for me based on my activities on the field. He helped me a lot in terms of changing my body, the training and understanding what I was going through. He worked with me during the IPL as well. Lot of credit goes to him also. From there on I was convinced to follow whatever he says in terms of my fitness and it worked well. ShreyasIyer15 (@ShreyasIyer15) You spoke about not getting that recognition after the IPL title but India captain Rohit Sharma was very vocal in his praise for you. He termed you the ""silent hero"" of the Champions Trophy campaign. It wasn't typical Shreyas contributions because you are known for those big hands right from your early days but you mentioned during one of the chats after the final that even if the big runs didn't come you were happy to contribute in winning causes throughout the tournament.When I talk about recognition, it's about getting that respect. It was about the respect for whatever efforts I put on the field. I think sometimes it gets unnoticed but extremely satisfied with the efforts I put in because they weren't easy wickets to bat on. It wasn't easy to take singles especially when the bowlers were bowling so tight. I just had the belief in myself that once I get two sixes here or there, I can change the momentum towards our side. Luckily I got them at crucial times.It's a tough job to be the No. 4 in ODIs and be the link between the top and lower-order. There are some superstars in the team but you quietly come and do the job more often than not. How do you prepare for that difficult job?I don't come quietly (laughs). I come with my full heart and there is something else going on in my mind. I have a lot of confidence in myself to do the job. Koi bhi situation mai bhejo, karke aauga. This mindset works for me and this confidence comes after facing rejections and failures. They are the best teachers. You also get to know during tough times, only you can lift yourself. No one else. 96ShreyasIyer (@96ShreyasIyer) How difficult were the tough times?Whenever I am in that low phase of life, very few people message me. And they are Pravin Amre sir, Abhishek Nayar, Sagar and there are few other people who supported me a lot during that time and I will always keep them with me. They are normal when everything is fine but even nicer when I am undergoing that low period. I appreciate that kind of mentality and you will definitely grow if you have such people around you.Did the Champions Trophy win feel sweeter because you played a very crucial role in winning the tournament for the side. Leading run-getter, getting them in difficult situations.Nothing is sweeter than winning the trophy. Your individual score and all is secondary and important is that the team wins. People are happy in India. So many people support us from the ground and everywhere and winning the game for them feels very good. thebharatarmy (@thebharatarmy) Do you feel there is unfinished business in the white jersey? Leadership ambitions?Obviously there is... I want to play as much as I can. I have done well in the domestic tournaments but let's see what happens. I don't want to think too much about it because the more I think, more mind will be taxed. It will basically get tired. I live in the moment, maze karta hu [I enjoy] and think about the match when it comes. I don't think too much about [the] future or past. It has helped me a lot.",Right-Center
"After 5 years, Kailash Mansarovar Yatra to resume in June this year","NEW DELHI: India and China will restart the Kailash Mansarovar Yatra in June after nearly five years, in a move seen as a step towards restoring bilateral relations that deteriorated following the eastern Ladakh border conflict.""Kailash Manasarovar Yatra organised by the Ministry of External Affairs (MEA) is set to take place during June to August 2025,"" the MEA announced on Saturday.The Yatra will be held from June to August through two routes  Lipulekh Pass in Uttarakhand and Nathu La in Sikkim, they added.The pilgrimage to Mount Kailash and Mansarovar Lake, situated in China's Tibet Autonomous Region, carries deep religious importance for Hindus, Jains and Buddhists.""This year, five batches, each consisting of 50 Yatris, and 10 batches, each consisting of 50 Yatris, are scheduled to travel through Uttarakhand State crossing over at Lipulekh Pass, and through Sikkim state crossing over at Nathu La Pass, respectively,"" the MEA continued.The Yatra was first suspended in 2020 due to the COVID-19 pandemic, and later because of the military standoff between India and China along the Line of Actual Control (LAC) in eastern Ladakh.The armed forces of both countries finalised troop withdrawal at Demchok and Depsang friction points following an agreement reached on October 21 last year.Subsequently, Prime Minister Narendra Modi and Chinese President Xi Jinping conducted discussions in Kazan, Russia, choosing to reinstate various bilateral dialogue channels.The Modi-Xi meeting catalysed several bilateral discussions over recent months, aimed at improving diplomatic relations.Earlier in January, Foreign Secretary Vikram Misri's visit to Beijing included productive talks with Chinese counterpart Sun Weidong.During their meeting, both parties agreed to restart the Kailash Mansarovar Yatra and implement specific people-centric steps to ""stabilise and rebuild"" ties.The MEA confirmed that applications can be submitted via kmy.gov.in, adding that pilgrims will be chosen through a ""fair, computer-generated, random and gender-balanced"" selection process.""Since 2015, the entire process commencing with on-line application till selection of Yatris is a fully computerised process. Therefore, applicants do not need to send letters or fax to seek information,"" the MEA concluded in the readout.",Right-Center
"Liquor bottles, threats and theft: Coimbatore trio arrested after video go viral; watch","COIMBATORE: Kattoor police in Coimbatore city arrested three youths on Sunday night for drunken driving. The youths were violating traffic rules while travelling on a scooter, and they were holding liquor bottles.  timesofindia (@timesofindia) The video went viral on social media on Sunday evening, and the police arrested them that night.The arrested youths were identified as S Gowtham, 28, a daily wage labourer from Ezhil Nagar at Vadamadurai, S Susinthkumar, 23, and L Rajkumar, 28, both natives of Thanjavur. Police said Susinthkumar was engaged in air conditioner service and was staying in a mansion in Coimbatore city. Rajkumar was also engaged in air conditioner service and was staying at Gandhipuram.They were travelling on the second-level flyover connecting 100 Feet Road - Chinnasamy Road on a scooter on Saturday around 10 pm, and they were holding a liquor bottle in their hands. They were also travelling the wrong way on the flyover. Some motorists took videos using their mobile phones, and the video went viral on social media on Sunday. The rider of the scooter did not wear a helmet.R Rajkumar, 26, from Ambika Layout at Siddhapudur in Coimbatore city, questioned the trio on Saturday night about why they were involved in reckless driving that would create fear among other motorists. One of the youths broke a liquor bottle and kept the bottle on the abdomen of Rajkumar, threatening him to give money. Otherwise, he would insert the broken bottle into Rajkumars abdomen. The trio robbed Rs 500 in cash from Rajkumar and threatened him with dire consequences. The trio managed to escape.The victim lodged a complaint with the police on Sunday afternoon, and the police registered a case against the trio under sections 296 (b), 308 (4), 351 (3), 281 of the Bharatiya Nyaya Sanhita (BNS) act and sections 128, 129 read with 177 of the Motor Vehicles Act. The police traced the trio and arrested them. The police also seized a motorcycle from them. The arrested youths were remanded in judicial custody and were lodged at the Coimbatore central prison on Monday morning.",Right-Center
How Donald Trump could benefit from Greenland’s general election,"Greenland is holding a general election on March 11, just a week after President Donald Trump reiterated his interest in the Arctic territory. 

While Trump renewed his invitation for Greenland to join the United States during that speech, his tone was notably softer than previous pronouncements on the subject.

This election comes amid a growing movement for Greenlandic independence from Denmark, a drive that has gained significant traction in recent months. 

The potential outcome of this election holds considerable weight; a victory for pro-independence parties could open the door to increased US influence in the region.

Greenlands complicated relationship with Denmark, its former colonial ruler, has been strained by recent revelations of historical mistreatment. 

However, Trumps interest in purchasing the island has spurred Denmark to accelerate efforts to mend the fractured ties.

The island's future relationship with Denmark, and potentially the United States, hangs in the balance this election.

Opinion polls show that a majority of Greenland's inhabitants support independence, but they are divided over the timing and potential impact on living standards. 

Trump's interest has shaken the status quo in Greenland and, combined with the growing Inuit pride, has led some of the island's 57,000 residents to view the election as a historic chance to free Greenland from Danish influence. 

However, many Greenlanders warn against acting rashly, fearing Greenland could become worse off and expose itself to the United States if it too quickly seeks independence from Denmark.

Since 2019, politicians on the island have repeatedly said they are interested in strengthening cooperation and trade with the United States. 

However, Greenland Prime Minister Mute Egede, who has stepped up a push for independence, has stressed the island is not for sale and that only its people should decide their future.

Greenland's strategic location and resources could benefit the US. It lies along the shortest route from Europe to North America, vital for the US ballistic missile warning system.

The US has expressed interest in expanding its existing military presence on the island, including placing radars there to monitor the waters between the island, Iceland and Britain, which are a gateway for Russian navy vessels and nuclear submarines.

The island, whose capital Nuuk is closer to New York than the Danish capital Copenhagen, boasts mineral, oil and natural gas wealth, but development has been slow.

Asked for comment, a White House official said: ""Greenland has ample supply of rare earth minerals that will power the next generation of America's economy.""

So far, though, Greenland's economy has remained reliant on fishing, which accounts for over 95 per cent of exports, and annual subsidies from Denmark, which cover roughly half of the public budget.

In total, Denmark spends just under $1 billion each year on Greenland, or $17,500 for each inhabitant.

The US military maintains a permanent presence at the Pituffik air base in Greenland's northwest.

A 1951 agreement between the United States and Denmark established a US right to move around freely and construct military bases in Greenland as long as Denmark and Greenland are notified.

Historically, Denmark has accommodated the US because Copenhagen does not have the capability to defend Greenland, and because of US security guarantees to Denmark through NATO, according to Kristian Soeby Kristensen, senior researcher at Copenhagen University's Centre for Military Studies.

Greenland's mining sector has seen very limited US investment. The mining companies operating in Greenland are mostly Australian, Canadian or British. 

The island, a former colony of Denmark, became a formal territory of the Nordic kingdom in 1953 and is subject to the Danish constitution.

In 2009, the island was granted broad self-governing autonomy, including the right to declare independence from Denmark through a referendum.

Under the 2009 law, Greenland's parliament, Inatsisartut, can invoke a provision that would have Denmark and Greenland begin negotiations about achieving full independence.

The people of Greenland would need to endorse independence through a referendum, and an independence agreement between Denmark andGreenland would also require consent from the Danish parliament.

According to Ulrik Pram Gad, senior researcher and expert on Greenland, the idea of buying Greenland is based on a misunderstanding of international law and the principle of self-determination, which gives people the right to choose their own political status.

Trump has declined to rule out the use of military or economic means to gain control of Greenland. Vice President JD Vance, speaking to Fox News, has dismissed the use of military force.

If Greenland became independent, it could choose to become associated with the US without becoming USterritory.

The island could form a so-called ""free association"" with the United States that would replace Danish subsidies with US support and protection in return for military rights, a set-up similar to the Marshall Islands, Micronesia and Palau. 

While there is a push in Greenland to be independent from Denmark, Greenlanders are not interested in a new colonial master, opinion polls show.

Greenlanders, who enjoy a Nordic-style welfare model including universal healthcare and free education, would likely want to make sure they don't become worse off economically before holding an independence referendum, according to Gad, the researcher.

When Trump offered to buy the island in 2019, during his first presidential term, Danish Prime Minister Mette Frederiksen rejected the idea and called it ""absurd"".

Asked about Trump's renewed interest in January, Frederiksen said Denmark needed to cooperate closely with the US, but stressed that Greenland should determine its future.",Left-Center
Crozer Health could shutter soon as owner files motion for 'expedited closure',"Crozer Health appears poised for closure after its owner asked a bankruptcy court to approve a plan to shut down the system's four Delaware County hospitals.

The for-profit parent company Prospect Medical Holdings filed an emergency motion late Thursday to authorize the ""expedited closure"" of Crozer-Chester Medical Center, Springfield Hospital, Taylor Hospital and Delaware County Memorial Hospital. (The latter has been ""temporarily"" closed since 2022.) If it is granted, Prospect Medical would aim to shutter the health care hubs by Friday, March 14. 

Looking ahead to Philly's busy 2026, leaders allocate $45 million for planning, beautification and security projects

Five other Crozer facilities  Media Medical Plaza, Crozer Health at Broomall, the Surgery Center at Haverford, Crozer Medical Plaza at Brinton Lake and the Community Campus in Chester  could close on that date, too.

The company claimed in court documents that it had tried and failed to identify new sources of funding for Crozer Health, the largest health care provider in Delaware County. Operating the Pennsylvania hospitals beyond March 14, it wrote, would jeopardize the rest of its holdings. Prospect Medical also owns health systems in Connecticut, Rhode Island and California, where it is based. The company filed for Chapter 11 bankruptcy in Texas on Jan. 11.

A judge ordered Prospect Health, Pennsylvania Attorney General Dave Sunday and the Foundation of Delaware County to meet in Harrisburg by noon Monday to ""attempt to resolve certain issues relating to funding and ongoing operation"" of the hospitals. 

While Crozer Health assured patients in a message Friday that ""no final decisions have been made,"" local lawmakers have already accepted the closure as a done deal. 

""The closure of Taylor Hospital and Crozer-Chester Medical Center wasn't inevitable, it is the direct result of greed and incompetence from Prospect's corrupt ownership group,"" Richard Womack, vice chair of Delaware County Council, said in a statement. ""As officials accountable to our neighbors and their needs, we worked hard to create an excellent Health Department that is building public health infrastructure to serve the community and supporting residents navigating these changes.""

State Rep. Tarik Khan (D-194), a former nurse practitioner who represents portions of Philadelphia and Montgomery counties, said in a video released Friday that he was working on a bill with state Rep. Lisa Borowski (D-168), of Delco, to ""hold these for-profit companies to a different standard when it comes to owning our hospitals.""

The Delaware County Health Department is encouraging patients to call its 24/7 wellness line at (484) 276-2100 for updates on the case and help connecting to services. The department also has created a page to follow the bankruptcy proceedings online. 

Follow Kristin & PhillyVoice on Twitter: @kristin_hunt
  @thePhillyVoice

Like us on Facebook: PhillyVoice

Have a news tip? Let us know.",Left-Center
"Aniket Verma's journey: Uncle's sacrifices, and Pandya's Maggi story","Aniket Verma's childhood hero is Hardik Pandya.Aniket was not only captivated by Hardik Pandya's strokeplay but also intrigued by his backstory. His uncle, Amit Verma, narrated the story of how Hardik and his brother Krunal survived on Maggi for three years due to financial constraints. ""Aniket must have been 14 back then. I read it in a newspaper and told him the story while we were on our way to his academy,"" Amit told TimesofIndia.com.The distance between Verma's rented accommodation and the Ankur Cricket Academy, where Aniket trained, was 13 kilometers. Amit recalls that his nephew kept asking him about Hardik Pandya's journey, his struggles, and rise. ""That day, I saw the spirit, the passion, and the hunger in him. He wanted to make it big. Once we reached the stadium, he touched my feet and said, 'I complain about trivial things.' I laughed, but he was serious,"" he says.Go Beyond The Boundary with our YouTube channel. SUBSCRIBE NOW!Fast forward to the present, and Aniket is making waves in the IPL with his six-hitting abilities. In just 56 balls, he has already hit 12 sixes. On Sunday, against Delhi Capitals, with his team at 25 for 3, he smashed a 41-ball 74, studded with five fours and six sixes. Against Lucknow Super Giants, he clobbered a 13-ball 36 with five maximums. The sample size is small, but against spin, he is as effective as his Sunrisers teammate Heinrich Klaasen. He picks up lengths early and muscles the ball over the boundary rope. EARLY LIFE IPL (@IPL) Aniket lost his mother when he was three. A year later, his father remarried. This forced his grandmother, Parvati Verma, to move to Bhopal alongside Amit. ""We moved to Bhopal. I had just finished school. My late father was in the Railways, so my mother received his pension. She took care of me and Anni (Aniket's nickname). Since I called her 'Ma' or 'Mummy,' Aniket also picked it up and calls her the same. It was tough, but we managed,"" recounts Amit.https://www.youtube.com/watch?v=q04gAlebl3sWhen Aniket turned eight, Amit, a cricket enthusiast, took him to Nand Jeet Singh, a coach at Railways Youth Sports Club in Bhopal. Impressed by young Aniket's hand-eye coordination and aware of their financial situation, Nand Jeet waived his fees. Aniket trained there for two years before Nand Jeet sent him to Jyoti Prakash Tyagi. ""Unique kid. He called me before joining the squad. I gave him my blessings. The family stayed in one of my flats for years. I have seen him grow in stature,"" says Singh.FOR CHACHU WITH LOVE 119853676Before the IPL started, when TimesofIndia.com reached out to Aniket for an interview, his first response was, ""Brother, I haven't achieved anything yet. I'm not even a regular for MP. Can we do this interview after the IPL season?"" After some persuasion, the youngster replied, ""You talk to my uncle. He can tell you better. His life has revolved around me.""Amit, who returned to Bhopal after traveling with Aniket for the first three matches, became emotional when he unwrapped the gift Aniket gave him. Aniket had asked him to open it once he reached home. It was a branded shoe with a message: ""To the world's best Chachu.""""My first job was at an automobile showroom. My salary was Rs 3,000. He was playing with torn shoes. I immediately took him to the shop and bought him sports shoes that cost Rs 1,200. I had never worn something that expensive in my life, but for him, I would have done anything. He slept with his new shoes that day,"" laughs Amit, who now works for a private company and earns Rs 20,000 per month.A NATURAL Chakrigoud2211 (@Chakrigoud2211) Aniket's coach, Jyoti Prakash Tyagi, says his ward was always a natural and played with aggressive intent, but he feels the 23-year-old is still raw and needs to work on certain areas.""There is no question about his work ethic. I have seen that those who don't think about Plan 'B' or 'C' are the ones who nail their Plan 'A' with precision. I never stopped him from playing aggressive cricket. Now, cricket has changed. His strength is to go aerial and take on the bowlers. Why curb that aggression? It's his strength,"" says Tyagi.""I still feel he needs to learn how to finish games. He must develop that temperament if he wants to play for his country. He will learn from experience, and in the next games, I would like him to take his team home. The intent should remain the same,"" he says. SunRisers (@SunRisers) Aniket was scouted by Sunrisers Hyderabad during the 2024 Madhya Pradesh Premier League. Playing for Bhopal Leopards, he amassed 273 runs in six innings, hitting a staggering 25 sixes.""We were over the moon when he was hitting sixes for fun in the MPL. Never thought he would do the same in the IPL,"" said Amit with a laugh.",Right-Center
How indie movie theaters have mounted a post-pandemic comeback in Philly,"The Bryn Mawr Film Institute was ready to party when its doors opened five years ago from today. It was the Main Line nonprofit's 15th birthday, and it had ordered hundreds of cupcakes for the occasion.

How the stars of 'Dope Thief' found dark humor in the AppleTV+ series  and 'the best candles' in New Hope

But in a cruel twist, this would be a memorable birthday for all the wrong reasons. March 12, 2020, was the last day the theater welcomed customers through its doors for the rest of the year. Later that afternoon, Gov. Tom Wolf issued an advisory discouraging people from visiting movie theaters to stop the spread of COVID-19. BMFI, the Philadelphia Film Society, Landmark Theatres, Regal, AMC and the Colonial Theatre in Phoenixville all shuttered in a matter of days and wouldn't fully return to normal operations until 2021, when vaccines against the coronavirus rolled out to the masses.

Industry experts and casual movie fans have been speculating about the future of movie theaters ever since. Domestic box office plunged from $11.4 billion in 2019 to about $2.2 billion in 2020, and while exhibitors have clawed back a significant chunk of change, they still haven't returned to that pre-pandemic haul. The 2024 total was $8.7 billion, a slight dip from the $9.03 billion generated in 2023. Experts attribute this decline to the back-to-back Writers Guild of America and Screen Actors Guild strikes, which stalled the production and release of numerous films.

The Philly region's independent movie theaters admit that new release revenue isn't what it used to be, but they're seeing unprecedented growth in other areas. At BMFI, attendance of repertory screenings is 10% higher than it was 2019, and enrollment in their education program is up 30%. The Colonial Theatre has likewise seen a bigger appetite for older, classic movies and responded with regular series like Art House Cinema Sundays. The Philadelphia Film Society, which has drastically expanded its second-run programming since the onset of COVID-19, said its membership has reached an all-time high of nearly 3,600 people, a milestone they hadn't hit before the pandemic. 

The people who run these companies are enthusiastic and optimistic about their future, but it took five years to get there. 

How movie theaters survived 2020

When film programmers cast their minds back to March 2020, they tend to tell the same story: We all thought we'd be gone for a few weeks. It turned out to be much longer.

As COVID rates climbed through the Philadelphia region, independent movie theaters had to start thinking of long-term solutions. Without a physical space to screen films, most turned to virtual platforms. Moviegoers would pay a fee to screen movies, mostly from smaller distributors, through a theater's on-demand portal. Staff would set their theaters apart with bonus features like communal viewing options or recorded introductions. The Colonial Theatre let people run wild with the latter assignment.

""At one point we had a volunteer who did a floating head,"" said Bob Trate, director of programming for the Colonial Theatre. ""We had a sci-fi movie and he was floating and talking, just his head inside a TV box. I went to a graveyard myself and shot an opening for 'Night of the Living Dead.' It was something to keep us entertained and give us this little extra thing to do.""

PFS capitalized on the late-summer weather by opening a drive-in theater at the Navy Yard in August. The pop-up remained open through Jan. 3, 2021, and returned after a brief pause during the coldest winter months. The setup allowed the group to host its annual film festival safely in the fall of 2020. PFS planned another outdoor event at Cira Green to accommodate its Oscar party.

""The two cool things are that even in the pandemic, we didn't skip an annual event,"" said Andrew Greenblatt, CEO and executive director of PFS. ""Both of them continued and have not had a break in their runs, which is really exciting.""

These remote and outdoor viewing options only stretched so far. PFS, BMFI and the Colonial Theatre all received various government assistance to sustain themselves through the initial wave of COVID-19. All three obtained funds from the Shuttered Venue Operators Grant program, which provided up to $10 million to closed businesses. PFS and the Colonial Theatre also took out Paycheck Protection Program loans.

While these infusions carried theaters into 2021, there were losses along the way. Some staff were temporarily furloughed, others never returned. The landlord of PFS Roxy took the property back, shuttering the theater in the process. But better days were on the horizon, thanks, in part, to Barbenheimer.

The post-pandemic comeback

Social distancing requirements and lingering aversions to crowds made the return to movie theaters a bit bumpy. The Colonial Theatre came back earlier than its peers, reopening at reduced capacity in July 2020, but it was shut down again in December. It reopened in January 2021. BMFI began offering private rentals that February, then opened to wider crowds on April 9. PFS welcomed audiences to the Philadelphia Film Center on Memorial Day 2021 and launched a new location, the PFS Bourse, in June.

The staff at these theaters remembered light crowds and slow business. It was hard to even feel good about the brief signs of life. Trate recalled the ""unnerving"" feeling when a surprisingly big crowd packed the Colonial's largest theater for a double showing of ""The Fog"" and ""Creepshow"" in May 2021; he hadn't seen 200 people in the audience in many months.

Greenblatt felt PFS was ""kind of back"" by 2022, at least enough to remove proof of vaccination and reduced seating requirements. But a 2023 cultural juggernaut was the turning point for many.

""It was Barbenheimer,"" said Gina Izzo, director of marketing and membership for BMFI. ""Swear to god. That box office for 'Barbie' and 'Oppenheimer' was so strong, it felt like pre-pandemic ages. People were showing up, doing back-to-back double features, having conversations about it. ... We had sellouts for our main attractions, whole theaters were sold out to the max capacity. The 150, and not the 30 out of the 150, you know?""

The staff at the Colonial Theatre didn't need to crunch the numbers to know Barbenheimer double features were a hit for them, too. They could see the pink crowds crossing the building to see ""Oppenheimer"" and the more somber, black-clad moviegoers walking into ""Barbie.""

""'Barbie' is the number one film that we've shown in five years,"" Trate said. ""No one will touch that attendance. It's impossible. Over 3,000 people came to see 'Barbie.'""

Greenblatt credits ""Barbie"" with bringing audiences to his organization's newest theater, PFS East. Opened in late 2022, the former AMC branch was primed for big blockbusters. The acquisition also brought the total number of PFS theaters up to three, exceeding the locations it operated at the start of the COVID-19 pandemic. The film society now had, and still maintains, nine screens in Center City. That placed it ahead of its only competition in the neighborhood, the AMC Fashion District multiplex. It was a good omen of things to come.

The new normal 

Five years after COVID-19 upended the industry, indie movie theaters have a new outlook on who their audience is and what they want. 

One of the biggest changes is the age of moviegoers. Arthouse and independent theaters have been ""traditionally buoyed by an older audience,"" Greenblatt noted, but he and his peers have noticed an uptick in young customers. This trend is borne out by national data, which shows that 90% of Gen Z women see at least one movie in theaters each year and 89% of Gen Z men do. Some older audience members, conversely, never returned to their pre-pandemic habits.

""For some people, maybe this isn't the life that they feel good about,"" Izzo said. ""Everybody changed. So yeah, we did lose some people and we'd love to see them back, but we also have a lot of new folks coming in just discovering BMFI.""

These newcomers have been receptive to ""edgier"" programming, Izzo said, but also to the BMFI educational program. Its classes were free and virtual during the early pandemic days, giving more people the chance to sample the offerings. Now the in-person courses  which include one-off seminars on ""Heathers"" and monthslong discussions of film history  sell out quickly, weeks before they actually begin. These offerings can help offset first-run ""main attractions,"" which Izzo said are still 5-10% below pre-pandemic levels.

The Colonial Theatre has also not seen ""the same level of attendance for new release film,"" according to Jennifer Carlson, its executive director. The nonprofit reported about 70,000 visitors per year in pre-pandemic times, and is now averaging about 52,000, a dip she attributes partially to the depressed interest for new movies. So the Colonial has also embraced the classics, focusing more attention on what Trate calls ""comfort food"" movies like ""Casablanca"" and ""Rocky."" He's also seen interest in 35 or 16 millimeter prints and LaserDiscs, formats which offer ""bragging rights"" to film buffs. Experiential offerings like ""Edible Cinema,"" which pairs a movie with thematic snacks (i.e. a box of bon bons for ""Chocolat""), have been another attraction. 

PFS has shifted the programming at the Philadelphia Film Center, home of the biggest screen in Center City, to almost exclusively repertory fare in the aftermath of the pandemic. With this decision, Greenblatt aimed to give the city its answer to New York's Film Forum or Chicago's Music Box Theatre  a ""great consistent repertory theater"" that Philly was missing. It is also the main hub of PFS's annual film festival, which saw a 50% increase in badge and ticket sales between 2023 and 2024.

By doubling down on second-run films, niche prints and education, independent cinema operators believe they can offer audiences something even better than what they'll find at a multiplex or streaming at home.

""You can Google the Mona Lisa, and if that was enough, no one would go to the Louvre,"" Izzo said. ""There are ways of appreciating and watching art and movies that we find very cool and very fun and very enriching and entertaining.""

Follow Kristin & PhillyVoice on Twitter: @kristin_hunt
  @thePhillyVoice

Like us on Facebook: PhillyVoice

Have a news tip? Let us know.",Left-Center
BYOB trolley tour traces the path of Philly's most notorious Prohibition mobsters,"Learn about the kingpins who ran Philadelphia's illegal liquor trade during Prohibition on a new BYOB trolley tour.

The Philly Mob Tour offers a history course on organized crime, with an emphasis on the speakeasies and bootlegging operations that proliferated in city in the 1920s. The trolley stops at the Clarence B. Moore House and Franklin Mortgage and Investment Company in Center City, both properties operated by mobster Max ""Boo Boo"" Hoff. The former proprietor of the Benjamin Franklin Hotel, then the Continental House, was busted for selling liquor; passengers will hear his story when the trolley arrives at the hotel on Sansom Street.

Eventually, the tour travels south to the Italian Market, where numerous turf wars raged. Hoff rival Pius Lanzetti was fatally shot at a luncheonette on Eighth and Fitzwater streets in 1936. John Avena, aka ""Big Nose John,"" also died in the area that year; he and his bodyguard were killed in a drive-by attack.

Founding Footsteps, the company behind the tour, hopes to continue its journey into the criminal underworld with a sequel. It plans to host a tour on '50s Philadelphia mobsters like Angelo Bruno at a later date. 

The Philly Mob Tour departs from Craft Hall at 901 N. Delaware Ave. each Thursday, Friday and Saturday through the end of March. (A few dates have already sold out.) Tickets start at $55.

Philly Mob Tour

Now through Saturday, March 29Various times  $55901 N. Delaware Ave. Philadelphia

Follow Kristin & PhillyVoice on Twitter: @kristin_hunt
  @thePhillyVoice

Like us on Facebook: PhillyVoice

Have a news tip? Let us know.",Left-Center
Eagles stay or go: Safety,"Over the last few weeks, we've be taking position-by-position looks at which players will likely be back with the Philadelphia Eagles in 2025, and which ones likely won't. Today we'll continue on with the safeties.

Regarding the polls below, they are your votes on what you think the Eagles should do, not necessarily what you think they will do. Please think of them more as approval polls for each player.

C.J. Gardner-Johnson

The Eagles missed Gardner-Johnson in 2023, after he left the Eagles in free agency to go play in Detroit. That season, the Eagles were depleted at times both at safety and at slot corner. In 2022, Gardner-Johnson played both positions for the Eagles at a high level, and he did so with swagger and confidence, which the Eagles' defense was also missing at times.

After rejoining the team in 2024, CJGJ helped bring some attitude and toughness back to the defense. He has also been a playmaker for the Eagles in his two seasons in Philly. He finished the 2024 regular season with six interceptions in 2024, tied for third-most in the NFL. He also had 6 INTs in his other season with the Eagles in 2022, which tied for the league lead.

#JimmyVerdict: CJCG is under contract through 2026. He's not going anywhere. Stay.

Do you want C.J. Gardner-Johnson back on the Eagles' 2025 roster?

Reed Blankenship

In 2023, Blankenship had an up and down season. Near the midpoint of the season, he led all NFL safeties in pass breakups, and he was a sure tackler, typically taking good angles to the football and preventing good offensive plays from becoming disasters. However, like many of his teammates on both sides of the ball, he struggled down the stretch during the team's collapse.

MORE EAGLESEagles stay or go: CornerbackThree free agents who make sense for the Eagles, version 3.0Eagles stay or go: Linebacker

In 2024, Blankenship has a good season from start to finish. Like Gardner-Johnson, he was also a playmaker, as he had four INTs, tied for tenth-most in the NFL. 

During the week leading up to the Super Bowl, Gardner-Johnson and Blankenship said that they are the best safety duo in the NFL. That might be a little lofty, but it's not a stretch to say they're at least top 5.

#JimmyVerdict: Blankenship has one year left on his contract, which makes him a strong candidate for an early extension, not unlike Cam Jurgens on the other side of the ball. Stay.

Do you want Reed Blankenship back on the Eagles' 2025 roster?

Sydney Brown

Brown tore an ACL in the regular season finale against the Giants in 2023. He missed the entirety of training camp last summer as well as the first four games of the 2024 season.

Brown was a core special teamer as a rookie in 2023 who only played 335 snaps in the regular defense, despite the team suffering quite a few injuries at safety. He was oddly buried on the depth chart early in the season behind Band-Aids like Justin Evans and Terrell Edmunds, playing just 16 snaps the first three weeks of the season before missing the next three games with a hamstring injury. When he got extended action in games later in the season, it was typically out of position at slot corner, where he was filling in for Avonte Maddox and Bradley Roby, after guys like Mario Goodrich and Josiah Scott proved to be ineffective.

In 2024, Brown was once again oddly behind Tristin McCollum on the depth chart for the entirety of the season. He played just 79 snaps in the regular defense, more than half of which came in the Eagles' meaningless regular season finale against the Giants.

Brown is a very good gunner, and just generally an intense special teams player. His most notable moment of the season came against the Cowboys, when he got into a melee with several Cowboys players. Brown was ejected from that game, and left to a loud ovation at the Linc.

Brown has ideal athletic measurables, and he seems to love to play football, but for whatever reason two consecutive defensive staffs have had oddball players higher than him in the safety pecking order.

#JimmyVerdict: Now healthy, Brown will have a chance for an elevated role in the Eagles' defense, though the starting spots are spoken for. Stay.

Do you want Sydney Brown back on the Eagles' 2025 roster?

Tristin McCollum

McCollum made the Eagles' 53-man roster out of training camp, and it is my understanding that he was ""the 53rd guy."" He was the first safety off the bench in 2024, and played 250 snaps in the regular defense. He finished the season with 33 tackles and 2 pass breakups. After Gardner-Johnson was ejected for saying something mean to Commanders receivers in a Week 16 loss, McCollum entered the game and struggled.

#JimmyVerdict: The Eagles' addition of Lewis Cine late in the season should be viewed by McCollum as a threat to his roster spot. He's under contract in 2025 and will be back in camp, but will have to earn his way onto the roster again.

Do you want Tristin McCollum back on the Eagles' 2025 roster?

Cine was a Vikings 2022 first-round pick (32nd overall) who suffered a compound fracture in his leg Week 4 of his rookie season. He missed the rest of the 2022 season, and played sparingly in 2023 before being released by the Vikings following 2024 training camp. Cine spent 2024 on the Bills' practice squad, until the Eagles poached him late in the season.

Cine has appeared in 11 NFL games in three seasons. He has only played 10 career snaps in the regular defense, with 134 special teams snaps. He has 1 career tackle.

Like many other Eagles players on the defensive side of the ball, Cine is a former Georgia Bulldog. He joined Jalen Carter, Jordan Davis, Nolan Smith, Nakobe Dean, and Kelee Ringo from Georgia's 2021 national championship team.

College highlight reel:

Cine has good length and he had very good athletic traits coming out of college, including a 4.37 40 time.

Cine didn't play for the Eagles during their playoff run, but the Eagles obviously felt his potential was worthy of a spot on the 53-man roster, just to get a closer look at him in practice the rest of the season and next offseason.

#JimmyVerdict: Cine will be back in camp, with no guarantees to make the roster.

Do you want Lewis Cine back on the Eagles' 2025 roster?

James Bradberry

The Eagles selected cornerbacks with each of their first two picks in the 2024 draft, causing Bradberry to request a move to safety. He showed the defensive staff enough during training camp to make the team, however, he revealed during locker room cleanout day that he tore an Achilles shortly after final cuts, ending his season.

Bradberry wasn't often seen by the media during the 2024 season, but he was around, and willingly gave guidance to the Eagles' young cornerbacks behind the scenes. He'll leave Philadelphia with a Super Bowl ring.

Bradberry will be released with a June 1 designation. He'll count for $10,813,000 in dead money, which will be spread out over two years ($3,095,000 in 2025, $7,718,000 in 2026). His cap number in 2025 was scheduled to be $5,195,000, and the Eagles have to carry that number into June, but they'll get roughly $2 million in relief on June 1 when his 2025 cap number goes from $5,195,000 to $3,095,000.

#JimmyVerdict: There's still a chance that Darius Slay could re-sign with the Eagles on a cheaper deal after the team released him. There is no such hope the Bradberry will be back. Go.

Do you want James Bradberry back on the Eagles' 2025 roster?

#JimmyVerdict Stay or Go Results

Green = Stay

Blue = Will be back in camp in 2025, but a 53-man roster spot is not a given.

Follow Jimmy & PhillyVoice on Twitter: @JimmyKempski  thePhillyVoice

Like us on Facebook: PhillyVoice Sports

Add Jimmy's RSS feed to your feed reader",Left-Center
No. 3 UH volleyball sweeps No. 12 Ball State,"Swipe or click to see more

 GEORGE F. LEE / GLEE@STARADVERTISER.COMHawaii Warriors Justin Todd put a blocked ball down on Ball State Cardinals Vanis Buckholz during an NCAA men's volleyball match on Thursday, at the SimpliFi Arena, Stan Sheriff Center. 

 Swipe or click to see more

 GEORGE F. LEE / GLEE@STARADVERTISER.COMHawaii Warriors Tread Rosenthal, left, Justin Todd and Louis Sakanoko were up for a block against Ball State Cardinals Raj Alleyne during an NCAA men's volleyball match on Thursday, at the SimpliFi Arena, Stan Sheriff Center. 

 Swipe or click to see more

 GEORGE F. LEE / GLEE@STARADVERTISER.COMHawaii Warriors Justin Todd hit the ball against Ball State Cardinals Vanis Buckholz during an NCAA men's volleyball match on Thursday, at the SimpliFi Arena, Stan Sheriff Center. 

 Swipe or click to see more

 GEORGE F. LEE / GLEE@STARADVERTISER.COMHawaii Warriors Kurt Nusterer was at the net against Ball State Cardinals Braydon Savitski-Lynde during an NCAA men's volleyball match on Thursday, at the SimpliFi Arena, Stan Sheriff Center. 

 Swipe or click to see more

 GEORGE F. LEE / GLEE@STARADVERTISER.COMHawaii Warriors Adrien Roure hit the ball against Ball State Cardinals Lucas Machado during an NCAA men's volleyball match on Thursday, at the SimpliFi Arena, Stan Sheriff Center. 

 Swipe or click to see more

 GEORGE F. LEE / GLEE@STARADVERTISER.COMHawaii Warriors Kurt Nusterer, left, and Adrien Roure put down a block for point against Ball State Cardinals Patrick Rogers during an NCAA men's volleyball match on Thursday, at the SimpliFi Arena, Stan Sheriff Center. 

 Swipe or click to see more

 GEORGE F. LEE / GLEE@STARADVERTISER.COMHawaii Warriors Justin Todd took his swing against Ball State Cardinals Patrick Rogers and Braydon Savitski-Lynde during an NCAA men's volleyball match on Thursday, at the SimpliFi Arena, Stan Sheriff Center. 

 Swipe or click to see more

 GEORGE F. LEE / GLEE@STARADVERTISER.COMHawaii Warriors Kristian Titriyski, left, Kurt Nusterer and Louis Sakanoko were up for a block against Ball State Cardinals Tinaishe Ndavazocheva during an NCAA men's volleyball match on Thursday, at the SimpliFi Arena, Stan Sheriff Center. 

 Swipe or click to see more

 GEORGE F. LEE / GLEE@STARADVERTISER.COMHawaii Warriors Louis Sakanoko took his swing against Ball State Cardinals Wil Basilio, Vanis Buckholz and Ryan Louis during an NCAA men's volleyball match on Thursday, at the SimpliFi Arena, Stan Sheriff Center. 

 Swipe or click to see more

 GEORGE F. LEE / GLEE@STARADVERTISER.COMHawaii Warriors Kurt Nusterer finessed a point against Ball State Cardinals Patrick Rogers during an NCAA men's volleyball match on Thursday, at the SimpliFi Arena, Stan Sheriff Center. 

 Swipe or click to see more

 GEORGE F. LEE / GLEE@STARADVERTISER.COMHawaii Warriors Kurt Nusterer finessed a point against Ball State Cardinals Patrick Rogers during an NCAA men's volleyball match on Thursday, at the SimpliFi Arena, Stan Sheriff Center. 

 Swipe or click to see more

 GEORGE F. LEE / GLEE@STARADVERTISER.COMHawaii Warriors Tread Rosenthal, left, and Justin Todd were up for a block against Ball State Cardinals Wil Basilio during an NCAA men's volleyball match on Thursday, at the SimpliFi Arena, Stan Sheriff Center. 

 Swipe or click to see more

 GEORGE F. LEE / GLEE@STARADVERTISER.COMHawaii Warriors Adrien Roure was on the hunt for a point against Ball State Cardinals Lucas Machado during an NCAA men's volleyball match on Thursday, at the SimpliFi Arena, Stan Sheriff Center. 

 Swipe or click to see more

 GEORGE F. LEE / GLEE@STARADVERTISER.COMHawaii Warriors Kurt Nusterer, left, and Louis Sakanoko were at the net against Ball State Cardinals Patrick Rogers during an NCAA men's volleyball match on Thursday, at the SimpliFi Arena, Stan Sheriff Center. 

 Swipe or click to see more

 GEORGE F. LEE / GLEE@STARADVERTISER.COMHawaii Warriors Adrien Roure took his swing against Ball State Cardinals Braydon Savitski-Lynde during an NCAA men's volleyball match on Thursday, at the SimpliFi Arena, Stan Sheriff Center. 

 Swipe or click to see more

 GEORGE F. LEE / GLEE@STARADVERTISER.COMHawaii Warriors Kristian Titriyski was on the hunt for a point against Ball State Cardinals Wil Basilio, left, Vanis Buckholz and Ryan Louis during an NCAA men's volleyball match on Thursday, at the SimpliFi Arena, Stan Sheriff Center. 

 Swipe or click to see more

 GEORGE F. LEE / GLEE@STARADVERTISER.COMHawaii Warriors Kristian Titriyski was on the hunt for a point against Ball State Cardinals Wil Basilio, left, Vanis Buckholz and Ryan Louis during an NCAA men's volleyball match on Thursday, at the SimpliFi Arena, Stan Sheriff Center.",Left-Center
The Week contest: Foot PSA,"SUBSCRIBE & SAVE

Less than $3 per week

View Profile

The Explainer

Talking Points

The Week Recommends

Newsletters

From the Magazine

The Week Junior

Food & Drink

Personal Finance

All Categories 

Newsletter sign up

puzzles and quizzes

The Week contest: Foot PSA

Newsletter sign up

Teens are participating in the #droppingthingsonmyfoot challenge

(Image credit: Visoot Uthairam / Getty Images)

The Week US 

13 March 2025

This week's question: Alarmed podiatrists are urging young people not to participate in the #droppingthingsonmyfoot challenge, in which TikTok users record their reactions to dropping heavy objects  including air fryers, tables, and computer monitors  on their own feet. In seven or fewer words, come up with a PSA message warning teens against crushing their toes for likes and shares.

Click here to see the results of last week's contest: Missed inheritance 

How to enter: Submissions should be emailed to contest@theweek.com. Please include your name, address and daytime telephone number for verification; this week, please type ""Foot PSA"" in the subject line. Entries are due by noon, Eastern Time, Tuesday, March 18. Winners will appear on the Puzzle Page of the March 28 issue and at theweek.com/contest on March 21. In the case of identical or similar entries, the first one received gets credit. All entries become property of The Week.

Subscribe to The Week

Escape your echo chamber. Get the facts behind the news, plus analysis from multiple perspectives.

SUBSCRIBE & SAVE

Sign up for The Week's Free Newsletters

From our morning news briefing to a weekly Good News Newsletter, get the best of The Week delivered directly to your inbox.

From our morning news briefing to a weekly Good News Newsletter, get the best of The Week delivered directly to your inbox.

The winner gets a one-year subscription to The Week.

Explore More

From the magazine

Sign up for Today's Best Articles in your inbox
A free daily email with the biggest news stories of the day  and the best features from TheWeek.com
Contact me with news and offers from other Future brandsReceive email from us on behalf of our trusted partners or sponsorsBy submitting your information you agree to the Terms & Conditions and Privacy Policy and are aged 16 or over.

The Week US

Social Links Navigation

Magazine solutions - March 21, 2025

Issue - March 21, 2025

By The Week US

Published 13 March 25

Magazine printables - March 21, 2025

Issue - March 21, 2025

By The Week US

Published 13 March 25

Earth's climate is in the era of 'global weirding'

The Explainer
Weather is harder to predict and more extreme

By Devika Rao, The Week US

Published 13 March 25

You might also like

Magazine solutions - March 21, 2025

Issue - March 21, 2025

By The Week US

Published 13 March 25

Magazine printables - March 21, 2025

Issue - March 21, 2025

By The Week US

Published 13 March 25

Magazine solutions - March 14, 2025

Issue - March 14, 2025

By The Week US

Published 7 March 25

Magazine printables - March 14, 2025

Issue - March 14, 2025

By The Week US

Published 7 March 25

Quiz of The Week: 1 - 7 March

Have you been paying attention to The Week's news?

By The Week Staff

Published 7 March 25

The Week contest: Amazon Bond

Puzzles and Quizzes

By The Week US

Last updated 13 March 25

Quiz of The Week: 22 - 28 February

Have you been paying attention to The Week's news?

By The Week Staff

Published 28 February 25

The Week contest: Missed inheritance

Puzzles and Quizzes

By The Week US

Last updated 6 March 25

View More 

Contact Future's experts

Terms and Conditions

Privacy Policy

Cookie Policy

Advertise With Us

The Week is part of Future US Inc, an international media group and leading digital publisher. Visit our corporate site.

Future US, Inc. Full 7th Floor, 130 West 42nd Street",Left-Center
Report: Eagles RB Kenny Gainwell finalizing deal with the Steelers,"According to a report from Jordan Schultz of FOX Sports, Philadelphia Eagles running back Kenny Gainwell is expected to agree to terms on a one-year deal with the Pittsburgh Steelers.

Gainwell had a role as a backup to Miles Sanders, D'Andre Swift, and most recently, Saquon Barkley. He also carved out a role as the team's two-minute offense back. 

Barkley stayed healthy all season in 2024, so Gainwell only got 75 carries for 290 yards and a TD. He averaged 3.9 yards per carry, but that was skewed a bit by the Eagles' meaningless Week 18 game against the Giants, when he had 11 carries for 14 yards running behind the Eagles' backup O-line. Take that game out and he averaged 4.3 yards per carry. Gainwell also returned 18 kicks for 456 yards (25.3 YPR).

Gainwell was one of Nick Sirianni's favorite players. He was a good culture guy, and he didn't make egregious mistakes. However, he has also not been a big play threat in his first four seasons in the NFL. Including the playoffs, he has just five career runs of 20+ yards, and two career receptions of 20+ yards (they were both exactly 20 yards). His career long run is 32 yards.

The Eagles have a potential RB2 waiting in the wings in 2024 rookie Will Shipley, who does seem to have some big play ability in him, as well as receiving chops. Shipley will almost certainly have a bigger role in 2025.

We'll update with financials on the Gainwell deal when they are made available, but he is not likely to have earned a dollar figure that will qualify him for the compensatory pick formula.

Follow Jimmy & PhillyVoice on Twitter: @JimmyKempski  thePhillyVoice

Like us on Facebook: PhillyVoice Sports

Add Jimmy's RSS feed to your feed reader",Left-Center
Why are top Indian GMs struggling at Freestyle Chess?,"NEW DELHI: Another Freestyle Chess Grand Slam tournament has concluded, leaving Indian chess fans disappointed once again.Out of the twelve players competing at the Pavillon Chesnaie du Roy in Paris, four were Indian.Chess Olympiad gold medal-winning coach GM Srinath Narayanan, who will captain Team MGD1 at the upcoming FIDE 2025 World Rapid and Blitz Team Championships, believes Indian grandmasters need more time to adapt to the freestyle format.Go Beyond The Boundary with our YouTube channel. SUBSCRIBE NOW!""It is too early to draw sweeping conclusions based on just two tournaments so far. Aside from the format, it's also important to consider the exceptionally high level of opposition, with almost all the world's best players participating,"" Srinath told TimesofIndia.com during an exclusive interaction.Freestyle Chess, inspired by the principles of Fischer Random, is still in its developmental stage.Created by World No. 1 Magnus Carlsen and German entrepreneur Jan Henric Buettner, it disrupts traditional opening theory by randomising starting positions, forcing players to rely more on creativity and adaptability. The first leg was won by Vincent Keymer in Germany, while Carlsen dominated the Paris leg without needing a single tie-break.  chesscom (@chesscom) ""Magnus was simply brilliant. He has done this so many times and continues to do so. He remains the best player of our time and one of the greatest of all time,"" Srinath added.From the Indian contingent, only Arjun Erigaisi advanced past the qualifying stage, only to be eliminated in the quarterfinals by eventual runner-up Hikaru Nakamura with a 1.5-0.5 scoreline. The rest of the Indian contingent performed poorly.Arjuns fifth-place finish, highlighted by his victories over Ian Nepomniachtchi and Maxime Vachier-Lagrave, has sparked discussions about whether the 21-year-old is Indias strongest contender in Freestyle Chess.""Arjun is very strong in the faster formats, and it benefits him that the qualification phase of freestyle chess is rapid. Arjun's versatility is excellent,"" Srinath continued. ""The limited opportunities in elite-level events like the Grand Chess Tour have shaped Arjun to adapt and make the most of every chance he gets.""The cut-off for reaching the quarterfinals was 4.5 points, a score achieved by Fabiano Caruana, who later defeated Germany leg winner Vincent Keymer to finish third behind Magnus Carlsen and Nakamura.120314520World Champion Gukesh Dommaraju, Vidit Gujrathi, and Rameshbabu Praggnanandhaa failed to secure a spot in the top eight during the round-robin phase, which featured a rapid time control of 10 minutes plus a 10-second increment per move.Gukesh and Vidit finished tied for 11th after struggling in the initial days of play.""I feel that Gukesh has not yet paid much attention to the freestyle format. In the only standard tournament he played, in Wijk Aan Zee, he finished joint first (with Pragg crowned champion),"" said Srinath.""There is nothing wrong with his play itself. However, much of the work he did on openings for the world championship match is not very useful in the freestyle format.""In the match for ninth place, Praggnanandhaa defeated Richrd Rapport over two days, finishing just outside the quarterfinal bracket in his debut Freestyle Chess Grand Slam appearance. This was also the first Grand Slam for both Arjun and Vidit.However, for someone like Gukesh, success in Freestyle Chess remains elusive.Despite strong wins over Arjun, Pragg, and Keymer in Paris, he failed to advance past the qualifying stage, following a winless performance in Germany.So, are Indian players simply not suited for Freestyle Chess?""It is too early to draw conclusions based on only one or two tournaments. As they play more and begin to take freestyle chess more seriously, I am confident they will adapt much better,"" said the 31-year-old grandmaster.",Right-Center
Russia Tajikistan - Herald and News,"Sale of personal information options

We won't sell your personal information to inform the ads you see. You may still see interest-based ads if your information is sold by other companies or was sold previously.",Left-Center
Eagles stay or go: Linebacker,"Over the last couple of weeks or so, we've be taking position-by-position looks at which players will likely be back with the Philadelphia Eagles in 2025, and which ones likely won't. Today we'll continue on with the linebackers.

Regarding the polls below, they are your votes on what you think the Eagles should do, not necessarily what you think they will do. Please think of them more as approval polls for each player.

As you already saw on Wednesday, Howie Roseman couldn't wait one more day and let me publish the linebackers edition of this series before he re-signed Baun to a three-year deal worth $51 million. But I promise you we had him as a stay.

Anyway, Baun went from a little-used edge rusher with the Saints to a bona fide star player with the Eagles as an off-ball linebacker. During the regular season, Baun finished with 151 tackles, 3.5 sacks, 5 forced fumbles, 4 pass breakups, and an INT. He was named First-Team All-Pro, Pro Bowler, and finished in the top five in NFL Defensive Player of the Year voting.

During the playoffs, Baun turned his game up another notch as he led the NFL with 33 tackles and 2 INTs, and added a forced fumble, 2 fumble recoveries, and 3 pass breakups.

#JimmyVerdict: The Eagles had maybe the worst linebacker play of any team in the NFL in 2023. In 2024, their linebackers were among the best. Maybe Fangio's scheme played a part in that, and maybe the Eagles could plug someone else in and they'd be fine. But to me, the big question is, why f*** around and risk finding out? Stay.

Do you want Zack Baun back on the Eagles' 2025 roster?

Nakobe Dean

Dean had a breakout season in 2024, making 128 tackles, three sacks, a forced fumble, two recoveries, and a game-sealing INT Week 9 against the Jacksonville Jaguars.

In the Eagles' Wildcard Round win over the Packers, Dean tore a patellar tendon, which is an extremely serious injury, as our Evan Macy laid out back in January. That ended his season, and he will very likely miss time in 2025 as well.

#JimmyVerdict: Dean has one year left on his contract, and if he hadn't suffered such a serious injury he would have been a candidate for an early contract extension. Instead, he'll likely enter the 2025 season on the final year of his rookie deal. He'll almost certainly begin training camp on the PUP list, which will likely carry over into the regular season. Still, he'll be in the team's plans for 2025, and could be a reinforcement at some point later in the season. Stay.

Do you want Nakobe Dean back on the Eagles' 2025 roster?

After missing a big chunk of training camp with a knee injury, Burks didn't make the team's initial 53-man roster, but was added to it before Week 1. He would find a role as a core special teamer and the first linebacker off the bench.

During the regular season, Burks had 41 tackles, 25 of which came in a pair of starts to close the season against the Cowboys and Giants.

After Dean went down with his patellar tendon tear, Burks entered the starting lineup and the Eagles' defense didn't miss a beat. In four playoff games (three starts), Burks had 25 tackles, a sack, and 2 huge forced fumbles, one on the opening kickoff against the Packers, and one on a Peanut Punch against the Commanders.

Burks is a free agent, and the Eagles would surely like to have him back, but will his playoff performance persuade a team to give him the opportunity to start, and money commensurate with that kind of role?

#JimmyVerdict: With the Eagles getting a deal done with Baun, Burks could be more inclined to look for more playing time elsewhere. Go.

Do you want Oren Burks back on the Eagles' 2025 roster

Jeremiah Trotter, Jr.

Trotter played 110 snaps in the regular defense his rookie season, 53 of which came against the Giants Week 18. He had 11 tackles in that game.

The rest of Trotter's snaps came in blowouts, as he was fourth in the linebacker pecking order behind Zack Baun, Nakobe Dean, and Oren Burks. 

Trotter seemed poised to split snaps with Burks in the regular defense in the Divisional Round Game against the Rams, but Vic Fangio said afterward that Burks ""was doing OK,"" so he left well enough alone.

Trotter's main contributions as a rookie came on special teams. He played 295 special teams snaps during the regular season, and 83 in the playoffs. His highlight of the season was wrestling the ball away from Keisean Nixon at the bottom of a pile in the Wild Card Round of the playoffs against the Packers after a Burks forced fumble on a kickoff.

Throughout training camp and the preseason games, Trotter was around the ball quite a bit. His profile is similar to Dean's, in that they're both undersized linebackers who lack elite athleticism, but have plus instincts. 

#JimmyVerdict: Trotter could have a chance to play in Dean's role in 2025, as Dean is likely to miss at least part of the 2025 season with his torn patellar tendon. Stay.

Do you want Jeremiah Trotter, Jr. back on the Eagles' 2025 roster?

Ben VanSumeren

VanSumeren was an undrafted rookie free agent in 2023 who did not make the initial 53-man roster, and who was thought of as more of an athlete than a football player in some scouting reports. He is one of the most athletic linebackers in the NFL, as he ran a 4.45 40 and vertical jumped 42.5"" at 231 pounds. 

VanSumeren eventually worked his way onto the 53-man roster during the 2023 season and found a role as a regular on special teams, where his athleticism was often praised by special teams coordinator Michael Clay. But he also proved to be more than just an athlete, as he was one of the most physical defenders in training camp last summer, and also one of the most improved players. He was a no-brainer choice to make the 53-man roster.

He resumed his role as a core special teamer, and while he didn't get on the field in the regular defense as a linebacker, he carved out a role on offense as a fullback, and he looked pretty good in that role. 

Late in the season, VanSumeren suffered a still unknown knee injury. I asked him what it was at the Super Bowl media night, and he would only disclose that (a) it wasn't an ACL tear, and (b) he'd be ready for the start of 2025 camp.

#JimmyVerdict: VanSumeren will very likely be back on the roster in 2025, and he is a sleeper pick to have an elevated role in the regular defense, while also maybe continuing to get sporadic chances to lead block for Saquon Barkley.

Do you want Ben VanSumeren back on the Eagles' 2025 roster?

#JimmyVerdict Stay or Go Results

Green = Stay

Blue = Will be back in camp in 2025, but a 53-man roster spot is not a given.

Follow Jimmy & PhillyVoice on Twitter: @JimmyKempski  thePhillyVoice

Like us on Facebook: PhillyVoice Sports

Add Jimmy's RSS feed to your feed reader",Left-Center
Rivers: Why I’m happy with Tinubu’s state of emergency declaration — Sowore,"The Presidential Candidate of African Action Congress at the 2023 Nigeria's general election, Omoleye Sowore said he is happy at President Bola Ahmed Tinubu's state of emergency declaration in Rivers State because it may push Nigerians to demand revolution. Sowore disclosed this in an interview on Channels Television on Thursday. His comments come following the state of emergency declaration in Rivers State by President Tinubu on Tuesday. Reacting, Sowore said the chaos in Rivers State would spur Nigerians to revolt against bad governance and leaders. ""To be clear, I am here to defend godfather and son. I don't care about them. I hope they destroy themselves. ""I am happy because maybe this is going to force Nigerians across the country to wake up. They have been too complicit, domicile as a result of cowardice. ""It will force Nigerian to complete the 30 days challenge and move on to the stage where is will be complete revolt. That is not me saying I love anarchy but love Justice,"" he stated. DAILY POST recalls that on Tuesday, Tinubu declared a state of emergency in Rivers State and suspended all democratically elected authorities. The declaration had sparked wide condemnations among Nigerians. Meanwhile on Wednesday, President Tinubu swore in Vice Admiral Ibokette Ibas as the sole administrator of Rivers State. DAILY POST reports that the Nigerian National Assembly is under pressure to rectify Tinubu's state of emergency proclamation in Rivers. https://dailypost.ng/2025/03/20/rivers-nigerian-lawmakers-under-pressure-to-rectify-tinubus-state-of-emergency-declaration",Least Biased
"Spin, strangle, conquer: India's quartet chokes New Zealand in CT final","TimesofIndia.com in Dubai: Eat, sleep, spin choke, repeat. India's bowling effort in the Champions Trophy has had a repetitive ring to it but in spite of that, every tightening of the grip has felt different and had a different protagonist. The seamless ease with which the support cast has assembled around the leading star on the particular day is what has made this spin quartet too hot to handle for any opposition at the Dubai International Stadium. There is no respite because if Axar Patel won't get you, Kuldeep Yadav will; if Ravindra Jadeja has an off day, there is the X-factor Varun Chakravarthy waiting to spin his web and together they have hunted like a relentless pack. The surfaces have been sluggish but different and even if they have aided the slow bowlers, they aren't your rank turners! It's the skill of the four spinners, and shrewd rotation by captain Rohit Sharma, which has allowed India to dictate terms throughout the Champions Trophy.Go Beyond The Boundary with our YouTube channel. SUBSCRIBE NOW!They don't operate to a rigid plan and the way the finger spinners compliment the wrist spinners, and give them the license to attack, has been a treat to watch in the multi-nation tournament. The India vs Pakistan pitch was used for the final but enough recovery time meant it wore a fresh look and offered least amount of turn. The skill, however, took over and run-scoring wasn't an easy affair. Facing 38 overs of spin, New Zealand could score only 144 runs - including just four boundaries and a six - and the run-rate remained under four. The start for the Black Caps was fluent vs pace but the moment Rohit went towards his wrist spinners in search of wickets, it became a different story. Varun made the first inroad but it was a Kuldeep Yadav show after that. The chinaman bowled an excellent three-wicket spell vs Pakistan but wicketless outings before and after that game put extra spotlight on him in the title clash. He is a bowler who relies a lot on rhythm and an injury layoff forced him to take the extra time before hitting top gear, again. 118813986The more he has bowled in the tournament, the better he has looked and best was indeed saved for the last as he brought his A game to the table where the surface wasn't playing the tricks and wristwork had to take over. First delivery of the spell, he cleaned up dangerman Rachin Ravindra with a googly. The left-hander didn't read it from the hand and played for the away turn only to see the ball disturb the woodwork. He struck next over again to see the back of Kane Williamson and with just eight deliveries, he had a massive impact on the game and reminded that there is still a lot of magic left in those wrists. The 30-year-old has by no means been ordinary in the tournament and has had a liking for the centre wicket where he picked up 5 of his seven wickets. There was a notable difference in his bowling speed on Sunday as he did look to bowl it much slower but didn't compromise on the amount of wrist he puts behind every delivery. That effort right before release ensures there are enough revolutions imparted on the ball for the magic to take over. His bowling was like a tantalising tease today and the batters did find going difficult when he stuck to his zone.The celebration of that Rachin wicket showed what it meant to the left-armer and the way the entire team celebrated Kane's departure emphasised the support he enjoys in the dressing room. He had ordinary outings in India's last two ICC finals where he went wicketless vs Australia in 2023 World Cup final and leaked plenty of runs vs South Africa in the 2024 T20 World Cup.Even if the New Zealand slowburn gave that familiar feeling, Kuldeep ensured his part in an ICC final had a different storyline.",Right-Center
"'Mickey 17' sends Robert Pattinson to the printer, but is the toner low?","Mickey 17' sends Robert Pattinson to the printer, but is the toner low? : Pop Culture Happy Hour Mickey 17 is writer-director Bong Joon Ho's follow-up to the Oscar-winning film Parasite. In the sharply satirical sci-fi film, Robert Pattinson is a manual laborer on a spaceship who just keeps dying. But then he gets reprinted  his memories get downloaded into a new body. What could go wrong? The film also stars Mark Ruffalo, Toni Collette, and Naomi Ackie.Follow Pop Culture Happy Hour on Letterboxd at letterboxd.com/nprpopculture.To access bonus episodes and sponsor-free listening for Pop Culture Happy Hour, subscribe to Pop Culture Happy Hour+ at plus..org/happy. 

 Pop Culture Happy Hour

 Pop Culture Happy Hour

 Apple Podcasts

 Amazon Music

 iHeart Radio

 YouTube Music

 'Mickey 17' sends Robert Pattinson to the printer, but is the toner low?

 March 7, 20253:00 AM ET

 Glen Weldon

 Aisha Harris

 Kristen Meinzer

 Liz Metzger

 Lennon Sherburne

 Jessica Reedy

 Mike Katzif

 'Mickey 17' sends Robert Pattinson to the printer, but is the toner low?

 Enlarge this image

 Robert Pattinson in Mickey 17.

 Warner Bros. Entertainment Inc.

 hide caption

 toggle caption

 Warner Bros. Entertainment Inc.

 Robert Pattinson in Mickey 17.

 Warner Bros. Entertainment Inc.

 Mickey 17 is writer-director Bong Joon Ho's follow-up to the Oscar-winning film Parasite. In the sharply satirical sci-fi film, Robert Pattinson is a manual laborer on a spaceship who just keeps dying. But then he gets reprinted  his memories get downloaded into a new body. What could go wrong? The film also stars Mark Ruffalo, Toni Collette, and Naomi Ackie. Follow Pop Culture Happy Hour on Letterboxd at letterboxd.com/nprpopculture.To access bonus episodes and sponsor-free listening for Pop Culture Happy Hour, subscribe to Pop Culture Happy Hour+ at plus..org/happy.",Left-Center
Champions Trophy: New Zealand better prepped than any opponent has been against India,"TimesofIndia.com in Dubai: Karachi to Rawalpindi to Dubai to Lahore to back in Dubai. Last few weeks have seen New Zealand play their four Champions Trophy fixtures at four different venues and they have only lost one game - to India in Dubai. Three days after losing the game, the Black Caps have landed in Dubai again to prepare for the title clash of the multi-nation tournament on March 9.The two top sides in the tournament have had a contrasting journey to the final as New Zealand acclimitised to different conditions for all their games and India were parked in Dubai since February 15, and played all their fixtures at the Dubai International Stadium.Go Beyond The Boundary with our YouTube channel. SUBSCRIBE NOW!Even in their only defeat, the Mitchell Santner-led unit posed a stiff challenge for India but fell short of the target by 44 runs. Unbeaten India have managed to tick most of the boxes in their outings but they will have to be wary of the Kiwis who are the most prepared team in the competition, and will definitely have a score to settle on Sunday. They have encountered different challenges at different venues and have come out on top in spite of the non-stop travel, and have excelled in the art of adapting to different conditions. They did put India under the pump early in the group stage contest but a solid repair job and late flourish meant there were just enough runs for the spin quartet of Ravindra Jadeja, Kuldeep Yadav, Axar Patel and Varun Chakravarthy to defend. Varun, who picked a fifer on his maiden outing in the tournament, tormented the opposition batters but they did put up a fight and had Kane Williamson, 81, got some support from the other end, it could have been a much closer contest. On paper, very little separates the two teams as they have a very similar make-up of the Playing XI and there is no dearth of experience in both camps. If India have the potent spin quartet, Santner has Rachin Ravindra, Michael Bracewell and even Glenn Phillips to play the support cast. And as far as quicks are concerned, New Zealand definitely hold the edge as spin-heavy approach means India are reliant on Mohammed Shami to do the heavy lifting and only has Hardik Pandya to do the support job.More than the similar makeup and ability to seamlessly adapt, what would make India wary of New Zealand is the fact that they will for the first time play an opposition which has had a recent taste of Dubai conditions. The conditions which have been on the sluggish side and favoured spin. Yes, the seamers - Shami and Matt Henry - have enjoyed success but the slower bowlers have had a bigger impact on the match. New Zealand have embraced the challenges without any complaints and have set-up a mouth-watering repeat of the 2000 edition of the Champions Trophy. Senior batter Kane Williamson said the team will take learnings from their last meeting into the final, and reiterated that anything can happen in the final.""India are an outstanding team and is playing really well. So, look, it's important we try and take away some learnings from that last game. Park this match, and in a final, anything can happen. And it was a great atmosphere last game and I'm sure it'll be a good one again,"" said Williamson after the win over South Africa in the semis.https://www.youtube.com/watch?v=n-zS5k9Mje0On the expected lines, Williamson was asked a familiar question on the advantage India have of playing at the same venue. The experienced campaigner responded with the straight bat and chose to focus on the cricket they wish to play in the title clash.118717804""I suppose having played there on a number of occasions; there's real clarity in how they want to operate. A little bit like our opportunity here, having played a number of times at this venue as well and I think that's part and parcel in cricket. So, it's just not something we're really looking too closely at. It's about the cricket that we want to play and take into account, obviously, the opposition, but be nice and smart come that final,"" added Williamson.New Zealand have few more days to do what they have seamlessly managed in the tournament so far - acclimitise and take the challenge head on.",Right-Center
NPR's health reporters catch you up on cuts to agencies and contract spending,"'s health reporters catch you up on cuts to agencies and contract spending It was a chaotic week for 's health agencies, as layoff notices rolled in along with an order for deep cuts to contract spending. 's health reporters tell us what they've learned.

 's health reporters catch you up on cuts to agencies and contract spending

 April 6, 20259:13 AM ET

 Heard on Weekend Edition Sunday

 Ayesha Rascoe

 Sydney Lupkin

 Selena Simmons-Duffin

 's health reporters catch you up on cuts to agencies and contract spending

 It was a chaotic week for 's health agencies, as layoff notices rolled in along with an order for deep cuts to contract spending. 's health reporters tell us what they've learned.",Left-Center
Ukraine strikes Russian strategic bomber airfield,"Ukraine on Thursday struck a major Russian strategic bomber airfield with drones, triggering a huge blast and fire about 700 km from the front lines of the war. It was gathered that there was a huge blast spreading out from the airfield, wrecking nearby cottages. Russia's defence ministry said its air defences shot down 132 Ukrainian drones over Russian regions. DAILY POST reports that the base in Engels, which dates back to Soviet times, hosts Russia's Tupolev Tu-160 nuclear-capable heavy strategic bombers, known unofficially as White Swans. The governor of Saratov, Roman Busargin said there had been a Ukrainian drone attack on the city of Engels that had left an airfield on fire, adding that nearby residents had been evacuated. According to Ukraine's defence ministry, its forces had struck the airfield and triggered secondary detonations of ammunition. Kyiv, the capital of Ukraine added that Russia had used the Engels base to carry out strikes on Ukraine. Following the attack, Engels district head Maxim Leonov said that a local state of emergency had been declared but gave few details. Ukraine has reportedly carried out previous attacks on the Engels air base dating back to December 2022. In January it claimed to have struck an oil depot serving the base, causing a huge fire that took five days to put out.",Least Biased
Ghana: Growing calls to punish 'wayward' soldiers - DW,"While Ghana's military is considered one of West Africa's more stable and disciplined armed forces, some soldiers' repeated actions are giving the army a bad name.

In mid-March, women, children, and the elderly in Bawku town said soldiers from the 11th Mechanized Battalion beat them up.

The battalion is stationed in the northern frontier town, located 744 kilometers (462 miles) from the capital, Accra, to monitor and deter a long-simmering chieftaincy and land ownership problem.

Local media reported that the incident occurred after a military officer was shot and killed by unknown gunmen.

'Beating everybody is not justice' 

""Men were attacked, women were attacked, old men were attacked and even their limbs broken, properties were destroyed,"" Dr. Thomas Anaba, a local MP told DW.

""If a military officer is killed and you don't have any idea who killed him, you don't have to go around beating everybody, that is not justice,"" he added.

Ghana's President, John Mahama, has called for restraint among military personnel and condemned the killing of the soldier amid growing demands for an investigation.

However, retaliatory attacks by the military are not new in Ghana.

""Since the eruption of this conflict in Bawku, the military has had some negative encounters with the people,"" Ibrahim Abode, a local reporter, told DW.

Growing number of attacks on civilians

In October 2023, the military brutalized some civilians in Bugri, Tempani and Garu, all in the Upper East Region of Ghana. Such attacks are not limited to remote rural regions.

Earlier, on March 7, 2023, the military conducted a raid in Ashaiman-Taifa, a suburb of Accra, according to the Ghana Armed Forces. But in the process, dozens were injured, and the widely publicized incident drew criticism.

Two years prior, on June 29, 2021, six Ghanaians were shot at Ejura in the Ashanti region after soldiers opened fire on protesters who were demonstrating against the killing of a youth activist.

Two days later, soldiers whipped residents of Wa in the Upper West Region with sticks and metal rods over the theft of a soldier's mobile phone.

Security analyst Adib Sanni says perpetrators are rarely held accountable for their actions.

""When you look deeper, you realize a lot of the soldiers believe the uniform gives them immunity,"" Sani told DW.

Calls for discipline and investigations

In most cases, the military unit retaliates when a civilian attacks a soldier.

""It is very worrying because gradually we are accepting this as a norm. It is very distressing because the practice is inconsistent with our [Ghanaian] laws,"" Sanni added.

Lawmakers from six constituencies in the Upper East Region have called for an investigation and sanctions against the soldiers involved.

Neither the Ghana Armed Forces, the National Security Coordinator, nor the Defense and Interior Ministers had commented on the cases at the time of publication.

For security analyst Mutaru Mumuni Muqthar, authorities must take immediate action to reverse the trend.

""We need to take new approach to dealing with incidents when they happen,"" he told DW.

""There must be a transparent, standardized approach in dealing with such brutalities. We need to have a situation where soldiers are punished, and people sanctioned.""

Edited by: Chrispin Mwakideu",Left-Center
Is Hollywood soft censoring Palestinian art?,"Why can't you watch 'No Other Land?' : It's Been a Minute Last weekend, the Academy Award for Best Documentary went to a film that still lacks a U.S. distribution deal. 'No Other Land' is a powerful look at Palestine's southern West Bank, and has received widespread acclaim. So what's holding it back from being seen in theaters across America?Brittany is joined by B.A. Parker, co-host of 's Code Switch, and professor and television producer Dr. Maytha Alhassen. Together they look at why one of the most critically-praised movies of the year seems to be experiencing a kind of soft censorship. Plus, in honor of Lady Gaga's new album Mayhem, Brittany shares her favorite Gaga moments.Support public media and receive ad-free listening & bonus content. Join + today.

 Perspective

 It's Been a Minute

 Perspective

 It's Been a Minute

 Apple Podcasts

 Amazon Music

 iHeart Radio

 YouTube Music

 Is Hollywood soft censoring Palestinian art?

 March 7, 20253:00 AM ET

 Brittany Luse

 B.A. Parker

 Barton Girdwood

 Corey Bridges

 Neena Pathak

 Is Hollywood soft censoring Palestinian art?

 Enlarge this image

 'No Other Land' wins Best Documentary at the 2025 Oscars

 Jason Armond / Los Angeles Times via Getty Images

 hide caption

 toggle caption

 Jason Armond / Los Angeles Times via Getty Images

 'No Other Land' wins Best Documentary at the 2025 Oscars

 Jason Armond / Los Angeles Times via Getty Images

 Last weekend, the Academy Award for Best Documentary went to a film that still lacks a U.S. distribution deal. 'No Other Land' is a powerful look at Palestine's southern West Bank, and has received widespread acclaim. So what's holding it back from being seen in theaters across America?Brittany is joined by B.A. Parker, co-host of 's Code Switch, and professor and television producer Dr. Maytha Alhassen. Together they look at why one of the most critically-praised movies of the year seems to be experiencing a kind of soft censorship. Plus, in honor of Lady Gaga's new album Mayhem, Brittany shares her favorite Gaga moments.Support public media and receive ad-free listening & bonus content. Join + today. 

 This episode was produced by Corey Bridges and Barton Girdwood. It was edited by Neena Pathak. Our Supervising Producer is Barton Girdwood. Our Executive Producer is Veralyn Williams. Our VP of Programming is Yolanda Sangweni.

 Oscars 2025
 No Other Land
 best documentary (feature)
 Israel Palestine

 Academy Awards

 documentary film",Left-Center
"Eid-el-Fitr: Nigerian government declares March 31, April 1 public holidays","The Federal Government on Wednesday declared Monday, 31 March and Tuesday, 1 April public holidays to mark the 2025 Eid-el-Fitr celebration. The Minister of the Interior, Dr Olubunmi Tunji-Ojo, made the declaration on behalf of the Federal Government. He congratulated the Muslim Ummah on the successful completion of the Ramadan fast. Tunji-Ojo urged all Muslims to embrace the virtues of self-discipline, compassion, generosity and peace, emphasising the importance of love, forgiveness, and solidarity in building a harmonious society. In a statement by the Permanent Secretary of the Ministry, Dr Magdalene Ajani, the Minister urged Nigerians to use this festive period to pray for the peace, stability, and prosperity of .",Least Biased
Rivers Crisis: Fubara surrounds himself with those who wanted to be governor — Wike,"The Minister of Federal Capital Territory, Nyesom Wike, has said that Governor of Rivers State Simi Fubara surrounds himself with those he wants to be governor of the state. The Minister made the claims while addressing a large number of Kalabari people at a grand reception in Rivers State on Saturday. He faulted Fubara's political allies, describing their advice to him as 'bad'. ""You (Fubara) surrounded yourself with people who wanted to be governor, whom I said 'no, these people don't mean well for Rivers State.' They are the ones surrounding you, giving you advice. Do you think you will succeed? They will give bad advice, and look at what bad advice is doing to you. You are already down 2-0, and there's more to come."" DAILY POST reported that Wike earlier alleged that Fubara was not an Ijaw man. https://dailypost.ng/2025/03/15/rivers-crisis-let-nobody-deceive-you-fubara-not-ijaw-man-wike/ The latest outburst against Fubara followed his recent budget presentation letter to the Martins Amaewhule's led Rivers House of Assembly. However, the House on Friday declared an indefinite recess. https://dailypost.ng/2025/03/14/pro-wike-lawmakers-adjourn-sitting-indefinitely/ Recall that weeks ago, the Supreme Court, in a judgement delivered by Justice Emmanuel Akomaye Agim, ordered the 27 members of the Rivers State House of Assembly to resume functions immediately.",Least Biased
Contact Us,"Submit a news tip

We welcome news tips from our readers. Click here to submit a tip.

Circulation customer service

To subscribe, to report missed delivery, to make vacation stops/starts, to order a change in service, to purchase back issues or to ask billing questions:

Phone: 314-340-8888E-mail: service@stltoday.com

Hours of operation are:

Monday through Friday: 6:30 a.m. to 3:30 p.m.

Weekends and Holidays: Use our automated service 314-340-8888, or visit our Online Support Portal to manage your account.

Submit an event

Our events calendar offers free and paid options to feature events for your school or church, your bar or restaurant, your band or community organization. We hope it makes submitting and finding events on STLtoday.com, in the Post-Dispatch and in Go!, much easier! This will give you more control over listing your event and make it easier for our readers and your customers to find out what is happening in the St. Louis area.

Share your community news with our readers

See our Press/News Release page for details.

General site help

Please reach out to sitehelp@stltday.com regarding issues using our websites and systems.

Mailing address and phone

For calls from outside the 314 and 636 area codes, you can call us at 800-365-0820.

You can e-mail Post-Dispatch staff members by using an individual's first initial and last name @post-dispatch.com

The marketing department creates awareness about the Post-Dispatch and its products by communicating ways it has impact on people's lives, their businesses and communities. Listed below are some of the Post-Dispatch marketing programs.

Media inquiries

All inquiries from other media (TV, radio, etc.) should call 314-340-8903, or e-mail Tracy Rouch.

The Post-Dispatch Store

Visit ShopSTLtoday.com to see merchandise sold by the St. Louis Post-Dispatch. Or call 1-877-767-8785.

Have a correction?

If we made a mistake, we want to fix it.

For corrections in the newspaper, contact the editor in charge of the section in which the mistake occurred.

Corrections to the prep sports section must come from the school coach. Have the coach contact our prep sports editors at 314-830-5400 or by e-mailing stats@stltoday.com.

Newsroom archives

Looking for an old article, photo or obit? Go here.

Photo Department suggestions

If you have a suggestion for a photo assignment, please try to make your suggestion at least a week before the scheduled event. You can submit those suggestions to our visual team via e-mail to PD_NewsPhotoEds@post-dispatch.com.

Fax numbers

Classified: 314-340-8665Retail advertising: 314-340-3140Circulation: 314-340-3028Business: 314-340-3060City Desk: 314-340-3050Editorial: 314-340-3139Features: 314-340-3080Metro: 314-340-3050Photo: 314-340-3103Sports: 314-340-3070",Left-Center
The Week contest: Bird battle,"SUBSCRIBE & SAVE

Less than $3 per week

View Profile

The Explainer

Talking Points

The Week Recommends

Newsletters

From the Magazine

The Week Junior

Food & Drink

Personal Finance

All Categories 

Newsletter sign up

puzzles and quizzes

The Week contest: Bird battle

Newsletter sign up

A Canada goose fights off Americas national bird

(Image credit: Arthur Morris / Getty Images)

The Week US 

20 March 2025

This week's question: An amateur photographer in Ontario went viral after capturing images of a 20-minute battle between a Canada goose and a bald eagle; the clash on a frozen lake ended with the feisty goose fighting off Americas national bird. In seven or fewer words, come up with a photo caption for this symbolism-laden image.

Click here to see the results of last week's contest: Foot PSA

How to enter: Submissions should be emailed to contest@theweek.com. Please include your name, address and daytime telephone number for verification; this week, please type ""Bird battle"" in the subject line. Entries are due by noon, Eastern Time, Tuesday, March 25. Winners will appear on the Puzzle Page of the April 4 issue and at theweek.com/contest on March 28. In the case of identical or similar entries, the first one received gets credit. All entries become property of The Week.

Subscribe to The Week

Escape your echo chamber. Get the facts behind the news, plus analysis from multiple perspectives.

SUBSCRIBE & SAVE

Sign up for The Week's Free Newsletters

From our morning news briefing to a weekly Good News Newsletter, get the best of The Week delivered directly to your inbox.

From our morning news briefing to a weekly Good News Newsletter, get the best of The Week delivered directly to your inbox.

The winner gets a one-year subscription to The Week.

Explore More

From the magazine

Sign up for Today's Best Articles in your inbox
A free daily email with the biggest news stories of the day  and the best features from TheWeek.com
Contact me with news and offers from other Future brandsReceive email from us on behalf of our trusted partners or sponsorsBy submitting your information you agree to the Terms & Conditions and Privacy Policy and are aged 16 or over.

The Week US

Social Links Navigation

Magazine solutions - March 28, 2025

Issue - March 28, 2025

By The Week US

Published 20 March 25

Magazine printables - March 28, 2025

Issue - March 28, 2025

By The Week US

Published 20 March 25

How are attorneys dealing with Trump's attacks on law firms?

Today's Big Question
Trump has sanctioned the law firm that investigated his dealings with Stormy Daniels, among others

By Justin Klawans, The Week US

Published 20 March 25

You might also like

Magazine solutions - March 28, 2025

Issue - March 28, 2025

By The Week US

Published 20 March 25

Magazine printables - March 28, 2025

Issue - March 28, 2025

By The Week US

Published 20 March 25

Quiz of The Week: 8 - 14 March

Have you been paying attention to The Week's news?

By The Week Staff

Published 14 March 25

The Week contest: Foot PSA

Puzzles and Quizzes

By The Week US

Last updated 20 March 25

Magazine solutions - March 21, 2025

Issue - March 21, 2025

By The Week US

Published 13 March 25

Magazine printables - March 21, 2025

Issue - March 21, 2025

By The Week US

Published 13 March 25

Magazine solutions - March 14, 2025

Issue - March 14, 2025

By The Week US

Published 7 March 25

Magazine printables - March 14, 2025

Issue - March 14, 2025

By The Week US

Published 7 March 25

View More 

Contact Future's experts

Terms and Conditions

Privacy Policy

Cookie Policy

Advertise With Us

The Week is part of Future US Inc, an international media group and leading digital publisher. Visit our corporate site.

Future US, Inc. Full 7th Floor, 130 West 42nd Street",Left-Center
Protests against ex-NNPCL boss Mele Kyari sponsored – Shehu Sani,"Former senator representing Kaduna Central Senatorial District, Shehu Sani, wrote off the protest held by some groups in Abuja against the former Group Chief Executive Officer of the Nigerian National Petroleum Company Limited, NNPCL, as nothing but a sponsored project by some displeased or disgruntled oil interests. DAILYPOST recalls that a group of protesters had on Tuesday stormed the office of the Attorney General of the Federation and Minister of Justice, Lateef Fagbemi, to demand the prosecution of former NNPCL Group Chief Executive Officer, Mele Kyari. Reacting on his verified Facebook page, Sani wrote: ""I came across some protesters at the Federal Secretariat Abuja, raising placards against the ex NNPCL CEO Kyari. Most of the young guys there don't actually know what they were protesting about. They just joined. ""It's clearly a sponsored project by some displeased or disgruntled oil interests against Kyari.""",Least Biased
Mt. Airy Restaurant Week and a PAWS promotion: Your weekend guide to things to do,"There are two ways to appreciate animals in Philadelphia this weekend, one of which promises a new fuzzy friend.

In honor of March Madness, the Philadelphia Animal Welfare Society is offering prospective pet parents the chance to name their adoption fees on certain dogs and cats. It's called ""Match Madness"" and it's running through Sunday. Animal lovers can also learn about endangered species  and snap photos with a giant ferret statue  at the Philadelphia Zoo's latest exhibit.

Proud puppy haters, there's stuff for you, too. Mt. Airy restaurants, cafes, cideries and scoop shops are offering specials for the neighborhood's restaurant week, and the Arden Theatre Co. is staging an August Wilson classic directed by Philadelphia's buzziest playwright. Binge-watching TV is also a valid weekend plan, and luckily, there's a new Philly crime comedy waiting on Hulu.

Eat around Mt. Airy

After passing through Center City, East Passyunk and Northern Liberties, restaurant week has hit Northwest Philly. Mt. Airy is getting in on the action with a new promotion running Sunday through Saturday, March 15. Each of the 13 establishments participating is offering a custom deal. Customers can order prix fixe menus at places like Bar Lizette, Young American Cider and Tosaka Restaurant & Brewery. At Malelani Cafe and Jansen, each purchase comes with a free side or dessert. Flights of sourdough bread and ice cream are available at Downtime Bakery and Zsa's Ice Cream, respectively.

See an August Wilson play

James Ijames, the Philadelphia playwright who won a Pulitzer Prize in 2022 for ""Fat Ham,"" is taking on the work of another Pulitzer laureate at the Arden Theatre Company. Ijames is directing a production of ""King Hedley II,"" one of the 10 plays in August Wilson's Pittsburgh Cycle. That series chronicles the Black experience in America through each decade of the 20th century. ""King Hedley II"" takes on the 1980s through the eyes of a man returning from prison and attempting to rebuild his life. It is playing at the Old City theater through March 23.

Adopt a pet at your own price

PAWS is getting in the NCAA Tournament spirit with a thematic adoption special. Now through Sunday, the shelter is letting people name their own fees for certain pets for ""Match Madness."" The animals looking for homes include some of the longest residents at PAWS, like Choco Taco the cat.

Climb a giant eagle statue at the zoo

A new exhibit at the Philadelphia Zoo teaches visitors about endangered species  and lets them scale a few, too. The Fairmount Park attraction recently welcomed the traveling Second Chance at Survival display, a collection of sculptures of threatened animals. The 13 creatures depicted were ""pushed to the brink of extinction"" but recovered thanks to conservation efforts. Visitors can climb and pose with the super-sized statues; the menagerie includes a bald eagle, crested gecko, red panda, snow leopard and black-footed ferret, among others. 

Follow Kristin & PhillyVoice on Twitter: @kristin_hunt
  @thePhillyVoice

Like us on Facebook: PhillyVoice

Have a news tip? Let us know.",Left-Center
Elon Musk reacts to reports he’ll leave DOGE after discussion with Trump,"Elon Musk, leader of the US Department of Government Effectiveness, DOGE, has labelled reports that he will leave his government role in the coming months as ""fake news"". This comes after a senior White House official previously told , Sky's US partner network, that US President Donald Trump had discussed the Tesla and X boss transitioning back to the private sector at a cabinet meeting last month. After reports emerged of the meeting, White House press secretary Karoline Leavitt said it was ""garbage"". Leavitt added that ""Elon Musk and President Trump have both publicly stated that Elon will depart from public service as a special government employee when his incredible work at DOGE is complete."" However, reacting to the development, Musk said in response on X on Wednesday: ""Yeah, fake news.""  reported that the official said Musk would leave at the end of his 130 days as a special government employee. That would be 30 May, but it is unclear if the Tech billionaire will indeed leave on that date. Previously, the White House said that as a temporary organisation, DOGE would be terminated on 4 July next year - the 250th anniversary of the US. This comes days after Musk said he and some members of his DOGE team were getting death threats on a daily basis. https://dailypost.ng/2025/03/28/tesla-people-issuing-death-threats-against-me-elon-musk",Least Biased
