Unnamed: 0,title,allsides_summary_text,external_link,bias
0,Alex Ovechkin breaks Wayne Gretzky’s NHL all-time career goals record,"It’s been a long time coming, but Alex Ovechkin can finally call himself the NHL’s all-time leading scorer with number 895 on Sunday.
The 39-year-old overtook Wayne Gretzky’s mark of 894 goals after scoring in the second period in the Washington Capitals 4-1 loss to the New York Islanders in Elmont, New York.
Ovechkin rocketed a wrist shot past goalie and fellow Russian Ilya Sorokin as the left winger’s family and Gretzky looked on at UBS Arena.
It was a power play goal, which was fitting – no one in NHL history...",https://edition.cnn.com/2025/04/06/sport/alex-ovechkin-surpasses-wayne-gretzky-goals-record-nhl-spt/index.html,Lean Left
1,ICC sent Hungary a request to arrest and surrender Netanyahu hours after his arrival,"The International Criminal Court (ICC) sent a request to the Hungarian government to arrest and surrender Prime Minister Benjamin Netanyahu to its detention center in The Hague, due to the arrest warrant issued against him by the court last year, it emerged on Sunday.
According to a report by Channel 12 news, the surrender request was sent several hours after Netanyahu landed in the country on Thursday, but the Hungarian government refused to comply, and promptly announced it was quitting the ICC.",https://www.timesofisrael.com/icc-sent-hungary-a-request-to-arrest-and-surrender-netanyahu-after-his-arrival/,Center
2,US defends tariffs on remote island of penguins and seals,"The US Commerce Secretary has defended the country's decision to impose tariffs on a group of uninhabited islands, which are populated only by penguins and seals.
The imposition of tariffs on the Heard and McDonald islands were meant to close ""ridiculous loopholes"" and would prevent other countries from shipping through the islands to reach the US, Howard Lutnick told the BBC's US partner CBS.
Authorities in Australia reacted with surprise last week when they found out about the tariffs on the island, which sits 4,000km (2,485 mi) from Australia.
Its...",https://www.bbc.com/news/articles/ce84jr5mvnno,Center
3,"12,000 Brits arrested per year over social media posts – Times","Thousands of people in the UK have been detained and questioned by police over online posts deemed threatening or offensive, The Times has reported, citing custody data.
According to figures published on Friday, officers make around 12,000 arrests annually under Section 127 of the Communications Act 2003 and Section 1 of the Malicious Communications Act 1988. These laws criminalize causing distress by sending messages that are “grossly offensive,” or by sharing content of an “indecent, obscene or menacing character” via electronic communications networks.",https://www.rt.com/news/615320-12000-brits-arrested-social-media-posts/,Lean Right
4,FEMA: Democrats question Homeland Security secretary,"Four Democrats from North Carolina want answers from the Homeland Security secretary about President Donald Trump’s consideration to eliminate FEMA.
U.S. Reps. Deborah Ross, Alma Adams, Valerie Foushee and Don Davis asked Secretary Kristi Noem how her agency will fulfill core functions of the Federal Emergency Management Agency. They also ask if consultation has been made with emergency management, first responders or state and local officials.",https://www.thecentersquare.com/north_carolina/article_98345ee7-3d03-42f2-b647-f06b4b43b0ec.html,Lean Right
5,"GOP Rep: Adversaries are ""laughing at us"" over NSA firings","Rep. Don Bacon (R-Neb.) slammed the decision to fire Gen. Timothy Haugh, the National Security Agency director and head of U.S. Cyber Command, without any explanation as ""heartbreaking"" Sunday.
The big picture: Haugh, along with his civilian deputy Wendy Noble, was fired Thursday, the same day that several members of President Trump's embattled National Security Council were ousted.
Their firings followed conspiracy theorist Laura Loomer's Oval Office visit, where she pressed Trump to fire specific NSC staffers, Axios previously reported.",https://www.axios.com/2025/04/06/nsc-nsa-firings-loomer,Lean Left
6,Meet The Government Consultants Raking In Millions To Spread Climate Doom,"More than three decades ago, Congress launched an initiative called the U.S. Global Change Research Program. Today, it spends billions of dollars a year empowering liberal climate scientists to spread climate change doom. 
The government group says its role is to provide the “scientific foundation to support informed decision-making across the United States” on climate change. It’s done so by producing five National Climate Assessment reports, which are considered the “crown jewel” of climate research.",https://www.dailywire.com/news/meet-the-government-contractor-raking-in-millions-to-spread-climate-doom,Right
7,Fans left baffled as FBI boss Kash Patel sits with Wayne Gretzky as Alexander Ovechkin breaks NHL scoring mark,"Already facing criticism over his ties to President Donald Trump, Wayne Gretzky was once again seen alongside FBI director Kash Patel as Washington Capitals star Alex Ovechkin scored another historic goal on Sunday on Long Island.
This time it was Ovechkin's 895 career score, which broke Gretzky's all-time mark on Sunday afternoon against the New York Islanders at UBS Arena.
And as was the case when the Russian icon tied Gretzky at 894 on Thursday in Washington, Gretzky was taking in the action with his wife, Janet, and one of Trump's key insiders in Patel. Later, Patel and Gretzky...",https://www.dailymail.co.uk/sport/nhl/article-14577425/FBI-Kash-Patel-Wayne-Gretzky-Alexander-Ovechkin.html,Right
8,Why Action Trumps Apologies!,"Well, would you look at that? The U.S. government is finally acting like... a government.
Gone are the days when mid-level bureaucrats could sip soy lattes, shuffle papers, ignore actual law, and still walk away with a pension fat enough to rival a small country’s GDP. The message is clear under President Trump’s America First administration: Do your job—or don’t expect to keep it.
In recent actions, we’ve seen what real leadership looks like when the White House decides enough is enough. First, the Trump administration dropped the hammer on...",https://townhall.com/columnists/kevinmccullough/2025/04/06/why-action-trumps-apologies-n2655067,Right
9,Judicial blocks on Trump spark battle over nationwide injunctions,"The Trump administration’s repeated losses in courts have sparked Republican efforts to limit the reach of the judiciary, something Democrats argue is designed to hamstring reviews of lawless orders.
Congressional Republicans have rolled out two legislative vehicles that would curb nationwide injunctions, arguing this will restore order to the judiciary and put district court judges in their place.
“These rogue judge rulings are a new resistance to the Trump administration and the only time in which judges in robes in this number have felt it necessary to participate in the...",https://thehill.com/regulation/court-battles/5232755-trump-administration-courts-restrict/,Center
10,Wall Street titans push back on Trump’s trade war,"Wall Street’s rule of thumb for President Donald Trump had been that he would curb his aggressive trade policies if markets tanked or the economy began to falter. No more.
With U.S. financial markets poised for another potential selloff and Trump remaining defiant about his sweeping tariffs, JPMorgan Chase CEO Jamie Dimon on Monday cautioned investors that the trade wars could threaten economic alliances that have made the U.S. the world’s most powerful country. Goldman Sachs Chief Economist Jan Hatzius bumped up the odds of a U.S. recession to 45...",https://www.politico.com/news/2025/04/07/wall-street-trump-trade-war-tariffs-dimon-00276178,Lean Left
11,"Defense Secretary Pete Hegseth Heads to Panama to Meet with Regional Leaders, U.S. Troops","Defense Secretary Pete Hegseth is heading to Panama City, Panama, on Monday, for a two-day visit to attend the 2025 Central American Security Conference and meet with American troops stationed there.
“The Secretary will meet with partner-nation senior civilian, military, and security leadership in a series of bilateral meetings that will drive ongoing efforts to strengthen our partnerships with Panama and other Central American nations toward our shared vision for a peaceful and secure Western Hemisphere,” Chief Pentagon Spokesman Sean Parnell said in a statement.
Hegseth’s visit to Panama takes place as President...",https://www.breitbart.com/politics/2025/04/07/defense-secretary-pete-hegseth-heads-to-panama-to-meet-with-regional-leaders-u-s-troops/,Right
12,Trump's tariff 'medicine' engulfs markets as U.S. stocks brace for more turmoil,"President Donald Trump's sweeping tariff plans hammered global financial markets and U.S. stocks braced for more turmoil on Monday, after he warned foreign governments they would have to pay ""a lot of money"" to lift the levies he called ""medicine"".
Asian equity markets sank, European shares crashed to a 16-month-low and oil prices plummeted as investors feared the duties Trump announced last week could lead to higher prices, weaker demand and potentially a global recession.",https://www.reuters.com/world/trumps-tariff-medicine-injects-turmoil-into-global-markets-2025-04-07/,Center
13,Alarm as Republicans in Congress back Trump and Musk’s attacks on US judges,"As Donald Trump and Elon Musk widen their radical attacks on US judges who have stalled some of Trump’s executive orders and Musk’s slashing of federal agencies, they’re gaining backing from top House Republicans and other politicians, including some to whom the tech billionaire made big campaign donations.
House speaker Mike Johnson and judiciary panel chairman Jim Jordan have echoed some of Trump’s attacks on judges, and a judiciary subcommittee hearing on April 1 explored “judicial overreach” and ways to curb judges who have stymied some Trump orders or Musk’s “department of...",https://www.theguardian.com/us-news/2025/apr/07/republicans-trump-musk-attacks-us-judges,Left
14,Price tag: How much Americans could pay between tariffs and tax cuts expiring,"With new wide-ranging and aggressive tariffs from the Trump administration and the possibility of the 2017 Tax Cuts and Jobs Act (TCJA) expiring at the end of the year, average Americans could face a hefty price tag. 
""If the tax cuts expire, the median family would lose about $1,000,"" nonresident senior fellow at the Peterson Institute for International Economics (PIIE) Kimberly Clausing told Fox News Digital, citing a model from the Urban-Brookings Tax Policy Center. 
And if the recently unveiled tariffs continue, ""that would generate an average per household consumer loss of $3,800,"" she...",https://www.foxbusiness.com/fox-news-politics/price-tag-how-much-americans-could-pay-between-tariffs-tax-cuts-expiring,Right
15,'Sometimes you have to take medicine': Trump defends sweeping tariffs,"US President Donald Trump has defended sweeping tariffs on imports that sent shockwaves through global stock markets, saying ""sometimes you have to take medicine to fix something"".
Speaking to reporters aboard Air Force One late on Sunday, he said jobs and investment would return to the US to make it ""wealthy like never before"".
Trump's top officials stressed that the tariffs - announced last week - would be implemented as planned, playing down recession fears.
Just hours after Trump's comments, stock markets plunged in Asia early on Monday, with Japan's...",https://www.bbc.com/news/articles/c2093qgx14po,Center
16,Inflation could hit different this time,"When sky-high inflation pummeled Americans in 2022, the labor market was booming and wages were rising, softening the blow.
Now we're in a more vulnerable place.
Why it matters: With economists expecting tariffs to drive inflation, at least in the short-term, the concern is wages won't keep up, leading to lower incomes and real pain for many.
What they're saying: ""The pinch from higher prices that we expect in coming months may hit harder than in the post-pandemic inflation spike,"" wrote J.P. Morgan chief economist Michael Feroli in a note Friday.
ING chief international...",https://www.axios.com/2025/04/07/inflation-trump-tariffs,Lean Left
17,The First Victim of Trump’s Trade War: Michigan’s Economy,"If President Trump’s trade war has a physical battleground, it is Michigan, where companies and workers are already feeling the beginning of an onslaught that could blow a hole in the state’s economy.
Nearly 20% of the economy is tied to the auto industry, which has become increasingly dependent on parts and vehicles from Canada, Mexico and China—imports Trump hit with steep tariffs in recent weeks. This trade has grown so large that Michigan ranks fifth in the nation by the size of its imports and exports, even though its total economy ranks 14th.",https://www.wsj.com/economy/the-first-victim-of-trumps-trade-war-michigans-economy-ea6ff8b2?mod=hp_lead_pos7,Center
18,Kennedy’s Plan to Send Health Officials to ‘Indian Country’ Angers Native Leaders,"Health Secretary Robert F. Kennedy Jr. made a show on Facebook of his meeting with American Indian and Alaska Native leaders last month, declaring himself “very inspired” and committed to improving the Indian Health Service, which he says has “always been treated as the redheaded stepchild” by his agency.
Now Native leaders have some questions for him.",https://www.nytimes.com/2025/04/07/us/politics/rfk-indian-health-service.html,Lean Left
19,"Under the Trump Team’s Formula, Russia Should Have 77 Percent Tariffs, But Instead It’s Only 35 Percent","Let’s be exceptionally clear. While the amount of trade between the U.S. and Russia is significantly lower than it was before the war, it is not nonexistent. In 2024, the U.S. sent $526.1 million to Russia, and the U.S. imported $3 billion in goods from Russia.
That’s according to the Office of the U.S. Trade Representative, and that’s with an existing 35 percent tariff on Russia.",https://www.nationalreview.com/corner/under-the-trump-teams-formula-russia-should-have-77-percent-tariffs-but-instead-its-only-35-percent/?utm_source=recirc-desktop&utm_medium=homepage&utm_campaign=right-rail&utm_content=corner&utm_term=first,Lean Right
20,How Obama and Biden Paved the Way for Trump's Attacks on Universities,"President Donald Trump has been laying siege to Columbia University, canceling $400 million in federal grants to the elite school. In exchange for having funds restored, Columbia's administration has agreed to capitulate to a list of demands relating to campus anti-Israel demonstrations: The university will ban protesters from concealing their identities with face masks, create new disciplinary bureaucracies to punish purportedly disruptive students, and even police the Middle Eastern studies department for alleged antisemitism.
It's not inherently wrong for the federal government to refrain from funding an extremely wealthy private institution of...",https://reason.com/2025/04/07/trump-columbia-free-speech-obama-biden-title-ix/,Center
21,Texas county that swung to Trump grapples with immigration crackdown after bakery is targeted,"Leonardo Baez and Nora Avila-Guel’s bakery in the Texas community of Los Fresnos is a daily stop for many residents to share gossip over coffee and pick up cakes and pastries for birthdays, office parties or themselves.
When Homeland Security Investigations agents showed up at Abby’s Bakery in February and arrested the owners and eight employees, residents of Los Fresnos were shocked.",https://apnews.com/article/immigration-enforcement-texas-bakery-border-homan-trump-335468ef4f0e577fa03ec03463e20854,Left
22,‘Should Have Recused Himself’: Legal Experts Sound Alarm On Obama-Appointed Judge Blocking Trump’s Deportations,"As U.S. District Court Judge James Boasberg continues to be a thorn in the side of the Trump administration’s effort to deport gangbangers, legal experts have begun to raise questions about his handling of the case.
The Obama-appointed judge in March blocked President Donald Trump from using wartime authorities to send suspected Tren de Aragua gangbangers to a mega-prison in El Salvador, prompting incredible pushback from the president himself. As the challenge to the deportations play out in court, some legal experts have argued Boasberg should recuse himself from the case entirely, while...",https://dailycaller.com/2025/04/06/legal-experts-question-boasbergs-order/,Right
23,"Batya Ungar-Sargon: ""Trump is waging class warfare on Wall Street for the sake of the American working class""","For the last decade, the media, Democrats, and Never Trump Republicans have denounced Trump as a tool of the rich and of Wall Street. Trump’s populism was fake, they said. He doesn’t really care about the working class. He just cares about himself and his Wall Street buddies.
Trump’s tariffs and Wall Street’s reaction to them prove that all of that was a lie, says Batya Ungar-Sargon, the author of two important recent books, one about the media (Bad News) and the other about the working class (Second Class).
“Liberation Day should go down in history as the day that finally put to bed the myth that Donald Trump only cares about the rich,” she said in a new podcast with me today. “It's the exact opposite. He is waging class warfare on Wall Street for the sake of the American working class. And to punish him, Wall Street is literally just shorting him. They're shorting his agenda. They are betting against America, they are betting against the president because they cannot stand the idea that there is a person with power in America was not on his knees in front of Wall Street asking them, ‘And what would you like next?’ the way both parties have been doing for 60 years.”",https://www.public.news/p/batya-ungar-sargon-trump-is-waging,Center
24,Supreme Court delays midnight deadline for Trump admin to fix mistaken deportation,"Supreme Court Chief Justice John Roberts has issued a temporary administrative stay -- putting off a midnight deadline for the government to return a mistakenly deported Maryland man to the U.S. -- giving the court more time to consider the arguments presented by both sides.
The Trump administration had asked the Supreme Court for emergency intervention in the case of Kilmar Armando Abrego Garcia, who the government -- by its own admission -- removed to El Salvador by mistake.",https://abcnews.go.com/Politics/appeals-court-affirms-judges-order-return-wrongly-deported/story?id=120562513,Lean Left
25,"Trump’s tough-love tariffs: Pain now, prosperity later","The latest economic numbers don’t look good. The inflation rate, which had inched down in the last two months, started to rise again. Moreover, stock prices continue their downward trend as the market faces ongoing uncertainty and volatility. And then there are tariffs.
The short-term impact of tariffs may be painful. If the 25% tariffs stick, your favorite European cars will be more expensive — as will all Canadian goods and possibly many Mexican goods. Nearly all American-made cars contain components manufactured elsewhere, meaning their prices will rise too.",https://www.theblaze.com/columns/opinion/trumps-tough-love-tariffs-pain-now-prosperity-later,Right
26,The end of free trade? What history has to say about Trump’s tariffs.,"With President Donald Trump’s announcement of “Liberation Day” trade tariffs Wednesday, the world appears to have crossed into a new era.
For nearly a century, the international economy has been driven by the seemingly unstoppable force of globalization, built on the premise that free trade benefits all.
Those days seem to be over.",https://www.csmonitor.com/World/2025/0404/tariffs-trump-protectionism-history?icid=cdp%3Ahp-leftrail,Center
27,Here’s one key thing you should know about Trump’s shock to the world economy: it could work,"It’s less than a week since Donald Trump’s sensational announcement that he was unilaterally ending the world’s trading system with the imposition of a 10% minimum tariff for trading with the US – and a very much higher rate for those countries unfortunate enough to have the US as a major export partner. Long-term allies such as Japan and South Korea have been hammered with tariffs of around 25%, while export-dependent poorer countries such as Vietnam, which sells about a third of its exports to the US, have been hit with tariffs in excess of...",https://www.theguardian.com/commentisfree/2025/apr/07/donald-trump-world-economy-shock-us,Left
28,Trump says US will deal 'directly' with Iran in high-level meeting on Saturday,"President Donald Trump on Monday said the U.S. will engage ""directly"" with Iran in a high-level meeting set to occur this coming Saturday. 
""We have a very big meeting on Saturday, and we're dealing with them directly,"" Trump told reporters from the Oval Office while sitting next to Israeli Prime Minister Benjamin Netanyahu. 
The announced meeting is the first known time the U.S. will directly engage with Iran since the previous Trump administration, when it withdrew from the Joint Comprehensive Plan of Action (JCPOA) in 2018. ",https://www.foxnews.com/world/trump-says-us-deal-directly-iran-high-level-meeting-saturday,Right
29,‘I didn’t start out wanting to see kids’: are porn algorithms feeding a generation of paedophiles – or creating one?,"Andy was enjoying a weekend away with his wife when it happened. “My neighbour phoned me and said, ‘The police are in your house. They’re looking for you.’” He didn’t need to wonder why. “You know. You know the reason. I was petrified when I got that call. It wasn’t just the thought of other people knowing what I had done; I also had to face myself, and that is a sick feeling – it is guilt, shame.”
Andy had been watching and sharing images of children being sexually abused...",https://www.theguardian.com/society/2025/apr/05/i-didnt-start-out-wanting-to-see-kids-are-porn-algorithms-feeding-a-generation-of-paedophiles-or-creating-one,Left
30,30 years behind bars: How Erik and Lyle Menendez have spent their lives in prison,,https://www.cnn.com/2025/04/06/us/erik-lyle-menendez-prison-life/index.html,Lean Left
31,Colossal Biosciences Resurrects Long-Extinct Dire Wolf,"Dire wolves went extinct around 12,000 years ago, at the end of the last ice age. Weighing around 150 pounds, they were about twice the size of today's gray wolves. Dire wolves roamed both North and South America, preying on ancient horses, camels, sloths, and bison.
Colossal Biosciences, the private company aiming to bring back from extinction the woolly mammoth, announced today that it had produced three dire wolf pups using genetic editing and cloning. The researchers at the company extracted and sequenced the genomes of dire wolves from a 13,000-year-old tooth from Ohio and a 72,000-year-old...",https://reason.com/2025/04/07/colossal-biosciences-resurrects-long-extinct-dire-wolf/,Center
32,RFK Jr. kicks off MAHA tour in Utah to address fluoride ban,"Health and Human Services Secretary Robert F. Kennedy Jr. kicked off his “Make America Healthy Again” tour in Utah to discuss the state’s fluoride ban.
Utah Gov. Spencer Cox signed legislation Thursday barring cities and communities from adding the mineral to their water systems. The ban goes into effect May 7.
Kennedy announced that he plans to tell the Centers for Disease Control and Prevention to stop recommending fluoridation for communities throughout the United States and that he will be assembling a task force to focus on potential health risks...",https://www.newsnationnow.com/health/rfk-jr-mmr-vaccine-measles-texas/,Center
33,Gavin Newsom’s rebrand is DOA,"Recently, Newsom has undergone cosmetic surgery for his brand. Newsom spent years presenting himself as one of the faces of the progressive movement, but President Donald Trump’s dispatching of fellow Golden State liberal Kamala Harris persuaded Newsom that to act on his well-established ambitions in 2028, he would need to ditch the unpopular agenda that doomed Harris. 
Former President Joe Biden governed to the left of where he had run in 2020, when Harris had run to his left. In 2024, the country roundly rejected the Biden-Harris legacy, and Newsom, with his finger perpetually suspended in the...",https://www.washingtonexaminer.com/premium/3367269/gavin-newsom-rebrand-failed-attempt-be-moderate/,Lean Right
34,Newsmax Stock Breaks Records in Opening Week,"Newsmax's stock broke records for initial public offerings in its first week of trading, becoming the first Regulation A+ offering to go directly to the NYSE's Big Board – while captivating the markets with a dizzying valuation.
After trading began Monday just before 11 a.m. ET, Newsmax (NMAX) soon found itself with a share price of $44.30 and a market capitalization of $4.18 billion.
The New York Times marveled that Newsmax's spectacular rise briefly put it at a richer valuation than U.S. Steel...",https://www.newsmax.com/newsfront/newsmax-nmax-stock/2025/04/07/id/1205986/,Right
35,Key safety hotlines disrupted by HHS cuts,"Teams manning government hotlines for reporting adverse events from foods, supplements and cosmetics, and call centers that provide other essential safety information were among the thousands of Health and Human Services Department employees laid off last week.
The big picture: Though the department is hurriedly calling some workers back, the episodes show how information blackouts are becoming a feature of the Trump administration's efforts to reorganize the health bureaucracy.",https://www.axios.com/2025/04/06/hhs-cuts-food-safety-services-disrupted,Lean Left
36,Exclusive: US admiral at NATO fired in expanding national security purge,"U.S. Navy Vice Admiral Shoshana Chatfield, who holds a senior position in NATO, has been fired as part of what appears to be an expanding national security purge of top officials by the Trump administration, three sources told Reuters on Monday.
The information was not immediately confirmed by the Pentagon. However, the sources told Reuters that allies had been notified that Chatfield had been removed from her job.",https://www.reuters.com/world/us/us-admiral-nato-fired-expanding-national-security-purge-2025-04-07/,Center
37,"DOGE cuts $51M from US African Development Foundation, including $229K to market shea butter","The Department of Government Efficiency (DOGE) announced $51 million in cuts from the U.S. African Development Foundation, which included hundreds of thousands of dollars for marketing shea butter and pineapple juice, as well as mango drying facilities.
DOGE made the announcement on X, highlighting several initiatives the money was put toward.
For instance, $229,296 was used to market 100% organic shea butter in Burkina Faso; $246,217 was spent on mango drying facilities in the Ivory Coast; and $239,738 was spent on marketing pineapple juice in Benin.",https://www.foxnews.com/politics/doge-cuts-51m-from-us-african-development-foundation-including-229k-market-shea-butter,Right
38,SCOTUS: Trump Was Right,"Not to say I told you so. But let’s be real — I’m fully and completely, unashamedly, absolutely saying I told you so. And the Supreme Court of the United States just backed me up. Again.
Today, in a one-two punch of constitutionally glorious vindication, the highest court in the land handed President Donald J. Trump a 2-0 win, one of which should have every America-hating, Constitution-twisting, open-borders cheerleader choking on their avocado toast. Because, yes, SCOTUS just greenlit Trump’s use of a 1798 law to deport foreign gang members....",https://townhall.com/columnists/kevinmccullough/2025/04/08/scotus-trump-was-right-n2655153,Right
39,Republicans rattled by tariff troubles begin to push back on Trump,"Cracks are growing between congressional Republicans and President Trump over his tariff policy, with some lawmakers looking to strip him of his unilateral tariff authority and others seeking briefings from the White House on the strategy amid growing economic tumult.
Seven Republican senators signed on to a bill led by Sens. Chuck Grassley (R-Iowa), the Senate’s president pro tempore, and Maria Cantwell (D-Wash.) that would require the president to give Congress 48 hours notice of new tariffs, make them subject to congressional approval after 60 days, and allow Congress to rescind tariffs.
The legislative...",https://thehill.com/homenews/senate/5237139-congressional-republicans-trump-tariffs/,Center
40,‘The opposite of what Americans voted for’: Market turmoil causes Trump backlash,"During the first two turbulent months of President Donald Trump’s term, the White House has shrugged off scrutiny of its most controversial policies with a simple assertion: The American people voted for this.
Now, Trump allies and GOP voters spooked by the tariff-induced market crash are beginning to respond en masse: No, we didn’t.
Trump won in November because many voters saw him as an antidote to their economic malaise; as a candidate, he frequently promised to lower Americans’ everyday prices. But as president, he has chosen instead to plunge the country...",https://www.politico.com/news/2025/04/07/trump-politics-tariffs-backlash-republicans-00007065,Lean Left
41,Congress Should End Trump’s Trade War,"Last Wednesday, standing at a podium in the White House Rose Garden, the president of the United States threw the world’s economy into turmoil. Having declared that America’s trade deficit represented a bona fide “emergency,” President Trump revealed a completely rewritten federal tariff regime. The result of these alterations was an increase in protectionist barriers that exceeded even the infamous Smoot-Hawley law in its scope.
For two days, the stock market responded to this move by diving sharply downward. Monday morning, after a false report that the president was planning to...",https://www.nationalreview.com/2025/04/congress-should-end-trumps-trade-war/,Right
42,Trump Misleads on Transgender Issues,"On the first day of his administration, President Donald Trump signed an executive order directing the federal government to no longer consider a person’s gender and to recognize people as either male or female, as defined by the size of their reproductive cells.
The directive served as a basis for a series of subsequent orders that called for defunding medical or educational institutions that have protections for transgender students, provide gender-affirming medical care to transgender youth or allow transgender girls or women to participate in women’s sports. Another order attempted to ban transgender people from the military. 
But some...",https://www.factcheck.org/2025/04/trump-misleads-on-transgender-issues/,Lean Left
43,China vows to ‘fight to the end’ against latest Trump tariff threat,"China’s government says it will “fight to the end” if the US continues to escalate the trade war, after Donald Trump threatened huge additional tariffs in response to China’s retaliatory measures.
On Tuesday, China’s commerce ministry accused the US of “blackmail” and said the US president’s threats of additional 50% tariffs if Beijing did not reverse its own 34% reciprocal tariff were a “mistake on top of a mistake”.
It vowed to “resolutely take countermeasures”, adding: “China will fight to the end if the US side is bent on going down the wrong path.”...",https://www.theguardian.com/world/2025/apr/08/china-vows-to-fight-to-the-end-against-latest-trump-tariff-threat,Left
44,House Republicans short on votes to adopt budget blueprint for Trump agenda,"House Republicans do not have enough votes to adopt changes the Senate made to a budget blueprint for enacting President Trump’s agenda, which the lower chamber is scheduled to vote on this week.
The House GOP cannot afford to lose more than three votes on the budget given the united Democratic opposition. More Republicans than that have already announced their opposition to the Senate changes, arguing the blueprint no longer ensures steep spending cuts.
“From budget gimmicks to a pathetic $4 [billion] in spending cuts, the Senate’s budget resolution is a non-starter,” Rep. Andrew S. Clyde, Georgia Republican, posted on social...",https://www.washingtontimes.com/news/2025/apr/7/house-republicans-short-votes-adopt-budget-blueprint-trump-agenda/,Lean Right
45,China is not backing down from Trump's tariff war. What next?,"The trade war between the world's two biggest economies shows no signs of slowing down - Beijing has vowed to ""fight to the end"" hours after US President Donald Trump threatened to nearly double the tariffs on China.
That could leave most Chinese imports facing a staggering 104% tax - a sharp escalation between the two sides.
Smartphones, computers, lithium-ion batteries, toys and video game consoles make up the bulk of Chinese exports to the US. But there are so many other things, from screws to boilers.
With a deadline looming in...",https://www.bbc.com/news/articles/ckg51yw700lo,Center
46,Can Musk Pull Trump Back From the Tariff Ledge?,"Elon Musk is known for many things. Subtlety is not one of them.
When Musk shared a grainy two-minute video at 4:59 a.m. Monday to his 218 million followers, his post contained no words, and yet the message was clear. It showed the free-market intellectual Milton Friedman, in a 1980 clip well known to economists, waxing poetic about free trade as he sketched out the international origins of the parts that form a pencil.
Musk was expressing his discomfort with President Trump’s imposition of draconian new tariffs. And yet one has to...",https://www.nytimes.com/2025/04/07/us/politics/elon-musk-tariffs-trump.html,Lean Left
0,Former US Attorney Jessica Aber found dead in Virginia at 43,"Former U.S. Attorney for the Eastern District of Virginia Jessica Aber was found dead Saturday morning, in Alexandria, Virginia, according to police.
She was 43.
Police in Alexandria, Virginia, were called to a home on Beverly Drive in the suburb of Washington, D.C., at around 9:18 a.m. Saturday for the report of an unresponsive woman, according to a police statement. They found Aber dead inside.
Former U.S. Attorney Jessica Aber held the position from October 2021 to January 2025.(Justice Department)",https://abcnews.go.com/amp/US/former-us-attorney-jessica-aber-found-dead-virginia/story?id=120064277,Lean Left
1,Istanbul mayor arrested ahead of selection to run against Erdogan,"The main rival to Turkey's President Recep Tayyip Erdogan has been formally arrested and charged with corruption.
Ekrem Imamoglu, the mayor of the Turkish city of Istanbul, is expected to be selected as the opposition Republican People's Party's (CHP) 2028 presidential candidate in a ballot on Sunday.",https://www.bbc.com/news/articles/c0egjvj8vdro,Center
2,Punk band UK Subs say they were deported over anti-Trump views,"Three members of the punk band, the UK Subs – including Iggy Pop’s bass player Alvin Gibbs – were denied entry into the US.
The musicians are the latest foreign nationals to run into trouble with immigration at US airports since Donald Trump entered office.
The UK Subs, who have toured the US previously without incident, were due to perform at a punk festival in Los Angeles and flew into LAX.",https://www.telegraph.co.uk/us/news/2025/03/21/punk-band-uk-subs-say-were-deported-anti-trump-views/,Lean Right
3,‘Renting a womb’: Behind California’s underground baby farm industry,"As the battle over President Donald Trump’s executive order ending birthright citizenship heats up, the administration is cracking down on an underground industry in California where Chinese nationals pay money to baby brokers who get pregnant Chinese women into the country so their babies are born U.S. citizens.
Officials say these couples are often housed in luxury apartments or large mansions in the suburbs of Los Angeles, which neighbors call “baby farms.” ",https://www.newsnationnow.com/us-news/immigration/behind-californias-underground-baby-farm-industry/,Center
4,Schumer says he's staying put amid growing resignation pressure,"Minority Leader Chuck Schumer (D-N.Y.) said he's ""not stepping down"" from leadership in an interview aired Sunday amid mounting pressure from within his party to abandon his post.
Why it matters: He's remaining defiant as Democratic lawmakers and outside groups pile on calls for him to step aside. But Schumer, who dealt a key blow to former President Biden's reelection bid, argued he's ""absolutely"" not making the same mistake Biden did when he hesitated to step down.",https://www.axios.com/2025/03/23/schumer-not-stepping-down-democratic-pressure,Lean Left
5,Israeli Strike in Gaza Kills Senior Hamas Leader,"An Israeli strike in southern Gaza killed senior Hamas leader Salah Bardawil, according to the Associated Press.
Bardawil was a Palestinian parliament and political bureau member and was among at least 26 people killed in the Israeli strikes between Saturday night and Sunday morning. 
Bardawil’s wife was also killed by the strike.",https://www.nationalreview.com/news/israeli-strike-in-gaza-kills-senior-hamas-leader/,Lean Right
6,Venezuela to resume accepting US deportation flights,"Venezuela will resume accepting deportation flights from the US after Venezuelan President Nicholas Maduro suspended the flights earlier this month.
Jorge Rodríguez, the president of Venezuela's Assembly and chief negotiator with the U.S. announced the change in policy on Saturday.
""We have agreed with the U.S. government to resume the repatriation of Venezuelan migrants with an initial flight tomorrow, Sunday,"" Rodriguez said.",https://www.foxnews.com/world/venezuela-resume-accepting-us-deportation-flights,Right
7,White House Narrows April 2 Tariffs,"The White House is narrowing its approach to tariffs set to take effect on April 2, likely omitting a set of industry-specific tariffs while applying reciprocal levies on a targeted set of nations that account for the bulk of foreign trade with the U.S.
President Trump has declared his April 2 deadline to be “Liberation Day” for the U.S., when he will put in place so-called reciprocal tariffs that seek to equalize U.S. tariffs with the duties charged by trading partners, as well as tariffs on sectors like automobiles, pharmaceuticals and semiconductors...",https://www.wsj.com/politics/policy/trump-tariff-reciprocal-deadline-industrial-delay-97508838,Center
8,"Mia Love, First Black Republican Woman Elected to Congress, Dies at 49","Mia Love, the first Black Republican woman elected to Congress, who served from 2015 to 2019, died on Sunday at her home in Utah. She was 49.
Her family confirmed the death in a post on one of Ms. Love’s social media pages. She had been diagnosed in 2022 with a glioblastoma, an aggressive type of brain tumor.",https://www.nytimes.com/2025/03/24/us/politics/mia-love-dead.html,Lean Left
9,Tiger Woods confirms his relationship with Vanessa Trump in a social media post,"Tiger Woods has confirmed his relationship with the former daughter-in-law of President Donald Trump, publishing two images to social media in a post that said, “Love is in the air.”
Woods and Vanessa Trump, who was married to Donald Trump Jr., had been seen at Torrey Pines in San Diego along with her daughter, Kai, when Woods arrived for the final round to hand out the trophy to the winner of the Genesis Invitational. He is the tournament host.",https://apnews.com/article/tiger-woods-vanessa-trump-donald-trump-jr-9b2a50f11efce7f23dcec362963ee839,Left
10,"US and Russia talk about Ukraine war, eye a Black Sea ceasefire","U.S. and Russian officials began talks in Saudi Arabia on Monday aimed at making progress towards a broad ceasefire in Ukraine with Washington eyeing a separate Black Sea maritime ceasefire deal before securing a wider agreement.
The talks, which followed U.S. negotiations with Ukraine in Saudi Arabia on Sunday, come as U.S. President Donald Trump intensifies his drive to end the three-year-old conflict after he last week spoke to both Ukrainian President Volodymyr Zelenskiy and Russian President Vladimir Putin.",https://www.reuters.com/world/europe/us-delegation-aims-black-sea-ceasefire-ukraine-russia-talks-2025-03-23/,Center
11,MLB Removes References to ‘Diversity’ from Website’s Careers Page,"Major League Baseball has removed the word “diversity” from the careers page of its website, joining other corporations that have pulled back on diversity, equity, and inclusion efforts since President Trump took office.
“Our values on diversity remain unchanged,” MLB said in a statement to the Associated Press on Friday.
“We are in the process of evaluating our programs for any modifications to eligibility criteria that are needed to ensure our programs are compliant with federal law as they continue forward.”",https://www.nationalreview.com/news/mlb-removes-references-to-diversity-from-websites-careers-page/,Lean Right
0,US military takes an abrupt turn after decades of climate change research,"Every other winter, the U.S. military gathers with allies on the Arctic for Operation Ice Camp as the warming region becomes increasingly accessible, raising concerns about borders and peace.
At the U.S. Naval Academy in Annapolis, Maryland, a $37 million sea wall project was finished last year to keep out the rising tides now flooding the base 30 to 40 times a year.",https://www.usatoday.com/story/news/nation/2025/04/05/military-climate-change-research/82352083007/,Lean Left
1,Kamala Harris Vows to Stay Politically Active: ‘I’m Not Going Anywhere’,"Despite her failed 2024 presidential run, former vice president Kamala Harris says Americans haven’t seen the last of her.
“We can’t go out there and do battle if we don’t take care of ourselves and each other. I’ll see you out there. I’m not going anywhere,” Harris said Thursday during a rare public appearance since she lost the November election.",https://www.nationalreview.com/news/kamala-harris-vows-to-stay-politically-active-im-not-going-anywhere/,Lean Right
2,Barack Obama shares candid revelation about Michelle Obama marriage amid divorce rumours,"Barack Obama has shared a candid revelation about his marriage to Michelle Obama.
The former US president opened up about the state of his relationship to Michelle while “speaking publicly” for “the first time in a while” during a talk at Hamilton College on Thursday (3 April).",https://www.the-independent.com/life-style/barack-obama-michelle-obama-trump-b2727963.html,Lean Left
3,Federal officials are quietly terminating the legal residency of some international college students,"A crackdown on foreign students is alarming college leaders, who say the Trump administration is using new tactics and vague justifications to push some students out of the country.
College officials worry the new approach will keep foreigners from wanting to study in the U.S.
Students stripped of their entry visas are receiving orders from the Department of Homeland Security to leave the country immediately — a break from past practice that often permitted them to stay and complete their studies.
Some students have been targeted over pro-Palestinian activism or criminal infractions — or...",https://apnews.com/article/college-international-student-f1-visa-ice-trump-7a1d186c06a5fdb2f64506dcf208105a,Left
4,Americans Want Retirement Redefined,"Anew survey has found that 80 percent of Americans believe the Trump administration and Congress should prioritize legislation to help people plan and save for a secure retirement.
BlackRock's study, which surveyed 1,000 registered voters between January 11 and January 15, found that only 28 percent believe the United States retirement system gives working Americans the necessary tools and resources to save for a secure later life. Only 18 percent are confident they will have enough money to see out their post-work years, while 51 percent are more worried about running out...",https://www.newsweek.com/americans-want-retirement-redefined-2054233,Center
5,"Tornados, strong storms rip through Central US, causing at least 10 deaths","Tornadoes and strong storms ripped through states in the central U.S., causing at least 10 deaths. 
Property damage has been reported in Arkansas, Missouri, Tennessee, Kentucky, Illinois and Indiana.
The deaths occurred in Tennessee, Kentucky, Missouri and Indiana, according to the Weather Channel.",https://justthenews.com/government/local/tornados-severe-weather-rip-through-central-us-causing-least-10-deaths?utm_source=justthenews.com&utm_medium=feed&utm_campaign=external-news-aggregators,Lean Right
6,"Far from being cowed by US airstrikes, Yemen’s Houthis may be relishing them","For weeks, US airstrikes have pounded Houthi targets in Yemen, hitting oil refineries, airports and missile sites, with President Trump vowing to use “overwhelming force” until the US achieves its goal of stopping the Houthis from targeting shipping in the Red Sea.
The Houthis began the campaign in solidarity with Palestinians when Israel went to war in Gaza in October 2023. The group has carried out more than 100 attacks and have sunk two vessels. The result: 70% of merchant shipping that once transited the Red Sea now takes the...",https://edition.cnn.com/2025/04/06/middleeast/us-airstrikes-yemen-houthis-may-be-relishing-them-intl/index.html,Lean Left
7,"US revokes all South Sudan visas, bars future issuance until deportees accepted","Secretary of State Marco Rubio on Saturday announced the U.S. will revoke visas held by South Sudanese passport holders and no others will be issued, effective immediately.
Rubio attributed the change to ""the failure of South Sudan's transitional government to accept the return of its repatriated citizens in a timely manner,"" according to a statement posted on X.",https://www.foxnews.com/politics/us-revokes-south-sudan-visas-bars-future-issuance-until-deportees-accepted,Right
8,U.S. to allow logging in national forest to spur timber production amid trade war,"The U.S. Department of Agriculture on Friday announced will allow logging in national forests, which will help spur timber production amid reciprocal tariffs on other nations.
A memo by USDA Secretary Brooke Rollins follows an executive order by President Donald Trump last month to expand timber production.",https://www.upi.com/Top_News/US/2025/04/04/Agriculture-allows-logging-national-forrests/5401743810956/,Center
9,"IDF shares initial details from Gaza ambulance probe, says troops told UN of burial site","The Israel Defense Forces acknowledged on Saturday evening that it had been incorrect in its initial account of an incident in southern Gaza’s Rafah last month during which troops fired on Palestinian emergency vehicles, killing 14 or 15 medics whose bodies were later recovered from a mass grave.
On Saturday, the army detailed the initial findings from its investigation of the incident, which it said was ongoing. It asserted that at least six of those killed had been posthumously identified as Hamas operatives, denied that any of those killed had...",https://www.timesofisrael.com/idf-shares-initial-details-from-gaza-ambulance-probe-says-troops-told-un-of-burial-site/,Center
0,"Zachary Young, Who Won $5 Million in CNN Defamation Case, Sues Associated Press","AU.S. Navy veteran who was awarded $5 million in a defamation case against CNN filed a lawsuit against the Associated Press on Friday.
A Florida jury ruled in favor of Zachary Young in January. The veteran sued the network over a 2021 segment aired on The Lead with Jake Tapper. The story centered around allegations of profiteering in the aftermath of the U.S. withdrawal from Afghanistan, specifically focusing on organizations that charged high prices for evacuations.","https://www.newsweek.com/zachary-young-who-won-5-million-cnn-defamation-case-sues-associated-press-2058886#:~:text=A%20U.S.%20Navy%20veteran%20who,The%20Lead%20with%20Jake%20Tapper.",Center
1,ICE deports former Mexico governor serving federal prison sentence in Illinois,"A former governor and presidential candidate in Mexico serving a federal prison sentence in the U.S. for money laundering was deported by U.S. Immigration and Customs Enforcement (ICE) this week.
Tomas Jesus Yarrington Ruvalcaba, 68, was removed by ICE on Wednesday and turned over to Mexican authorities, whom he was wanted by, the agency announced on Friday.",https://www.foxnews.com/us/ice-deports-former-mexico-governor-serving-federal-prison-sentence-illinois,Right
2,Trump's tariffs will make things so damn expensive for everyone,"President Donald Trump's nonsensical ""Liberation Day"" tariffs amount to the largest tax hike on Americans since 1982, and will end up costing every American household thousands of dollars in an effort to solve global trade deficits that experts say are not a problem in the first place.
Multiple studies were released this week that show just how costly Trump's tariffs will be for Americans.",https://www.dailykos.com/stories/2025/4/11/2315901/-Trump-s-tariffs-will-make-things-so-damn-expensive-for-everyone?pm_campaign=front_page&pm_source=top_news_slot_3&pm_medium=web,Left
3,What we know about victims of Hudson River helicopter crash in New York,"A family of five and the pilot have been identified as the six victims of a fatal helicopter crash in New York, after the aircraft plunged into the Hudson River.
The tourist helicopter broke apart midair on a trip around Manhattan before plummeting into the waters below on Thursday afternoon.
Agustin Escobar, CEO of Rail Infrastructure at Siemens Mobility, his wife, Mercè Camprubí Montal, global commercialization manager at Siemens Energy, and their children Agustín, 10, Mercè, 8 and Víctor, 4, were all killed.",https://www.independent.co.uk/news/world/americas/hudson-river-helicopter-crash-augustin-escobar-victims-b2731474.html,Lean Left
4,Immigration Court Gets It Right on Mahmoud Khalil Deportation Call,"An immigration judge ruled on Friday that the Trump administration may deport Mahmoud Khalil, the legal alien who became a fixture in the pro-Hamas campus agitation at Columbia University. This is just the first step in the removal process, though an important one. There will now be an appeal in the immigration tribunal, and challenges in the judicial courts.",https://www.nationalreview.com/2025/04/immigration-court-gets-it-right-on-mahmoud-khalil-deportation-call/,Lean Right
5,Tourist helicopter that crashed into the Hudson did not have a flight recorder: NTSB,"The helicopter was on its eighth flight of the day, officials said. Tourist helicopter that crashed into the Hudson did not have a flight recorder: NTSB NTSB team surveying the wreckage recovered from the Bell 206 L-4 helicopter that crashed into Hudson River on April 10 near Jersey City, New Jersey. NTSB team surveying the wreckage recovered from the Bell 206 L-4 helicopter that crashed into Hudson River on April 10 near Jersey City, New Jersey. NTSB team surveying the wreckage recovered from the Bell 206 L-4 helicopter that crashed...",https://abcnews.go.com/US/tourist-helicopter-crashed-hudson-flight-recorder-ntsb/story,Lean Left
6,Trump lawyers confirm wrongly deported Maryland man in El Salvador prison,"The Trump administration on Saturday confirmed to a federal judge that a Maryland man who was wrongly deported last month remains confined in a notorious prison in El Salvador.
However, the White House filing did not address the judge’s demands that the administration detail the steps it was taking to return Kilmar Abrego García to the United States. The White House only confirmed that García was under the authority of the El Salvador government.
The administration’s confirmation of García’s location was confirmed to the court by Michael G Kozak, who...",https://www.theguardian.com/us-news/2025/apr/12/kilmar-abrego-garcia-wrongly-deported,Left
7,Dave Smith-Douglas Murray debate highlights Right-wing fault lines,"Yesterday’s much-discussed debate between Douglas Murray and Dave Smith, hosted by Joe Rogan, almost perfectly epitomises the divide on the political Right. Murray is a neoconservative intellectual and one of the most prominent public defenders of Israel; Smith is an anti-war libertarian comedian and firm anti-Zionist. The conflict in Gaza has provided a clear fault line for their differences to be exposed.",https://unherd.com/newsroom/dave-smith-douglas-murray-debate-highlights-right-wing-fault-lines/,Center
8,What Dave Rubin's Netanyahu Meeting Reveals About Independent Media,,https://www.youtube.com/watch?v=lpC8n10ESyg,Center
9,Donald Trump Promises to ‘Make Showers Great Again’ with New Executive Order Tackling Water Pressure,"Shower lovers, rejoice! Donald Trump’s latest executive order is for you.
While the president has signed a flurry of executive actions beginning just hours after he was sworn in on Inauguration Day dealing with major issues like border security, radical gender ideology, and diversity, equity, and inclusion (DEI) practices, there have been some smaller – though no less impactful – policy changes as well.
Days after taking office, Trump signed an order to protect the “freedom to choose light bulbs,” including incandescents. In February, a stroke of his pen ended the forced...",https://www.megynkelly.com/2025/04/10/trump-signs-exective-order-to-restore-water-pressure-in-showerheads/,Lean Right
10,Sen. Bernie Sanders delivers ranting speech at Coachella festival as Trump thrills UFC crowd in Florida,"While President Trump thrilled crowds in Miami — Senator Bernie Sanders found a more left-leaning audience at Coachella Saturday where the socialist firebrand took the stage to rant about his pet causes.
The independent Vermont senator was the surprise opening act for singer-songwriter Clairo, who Sanders thanked for “allowing him” to speak to the captive audience ahead of her much-anticipated performance — a speech he used to rail against the 1%, President Trump, and the war in Gaza.
“This country faces some very difficult challenges and the future of what happens to America is...",https://nypost.com/2025/04/13/us-news/coachella-2025-bernie-sanders-delivers-ranting-speech-at-festival-as-trump-thrills-ufc-crowd-in-florida/,Lean Right
11,UK government to take emergency control of British Steel,"Members of Parliament in the United Kingdom approved on Saturday plans to take emergency control of British Steel's blast furnaces.
The decision to save the steel plant in the industrial town of Scunthorpe followed an emergency parliamentary session.
Keir Starmer's government recalled lawmakers, who had been on Easter recess, to pass a law in the House of Commons which allows Business Secretary Jonathan Reynolds to direct the company's board and workforce, ensure they get paid, and order the raw materials to keep the blast furnace running.",https://www.dw.com/en/uk-government-to-take-emergency-control-of-british-steel/a-72228916,Center
0,JD Vance meets with top Vatican officials amid Pope's criticism of Trump's policy on migrants,"US Vice President JD Vance met with senior Vatican officials amid sharp differences over the White House's crackdown on migrants, with the Holy See reaffirming good relations but noting “an exchange of opinions” over the issue and current international conflicts.
According to a statement by the Vatican, Vance, a Catholic convert, met with the secretary of state, Cardinal Pietro Parolin, and the foreign minister, Archbishop Paul Gallagher.",https://www.euronews.com/my-europe/2025/04/19/jd-vance-meets-with-top-vatican-officials-amid-popes-criticism-of-trumps-policy-on-migrant,Center
1,"This Easter, a Religious Revival Is What America Needs","This Easter weekend, it’s time for some Good News: Christianity’s decline in America has slowed and might soon turn an upward corner – just what America needs as we struggle with record rates of suicide and depression.
As a former agnostic who converted to Christianity in 2017, I find this an encouraging development, especially during a season when Christians celebrate resurrection and renewal. Science suggests that faith is a healing force, and that’s something Americans can use more of.",https://www.usnews.com/opinion/articles/2025-04-18/easter-christian-religion-mental-health,Lean Right
2,‘They are trying to make it unbearable’: Jerusalem Christians face Easter under Israeli crackdown,"As the bells rang out across the courtyard of the Church of the Holy Sepulchre, the priests began to sing a deep, low prayer. Heads bowed over candles, and escorted by people bearing aloft large gold crosses, they made their way to a platform at the heart of the ancient square.",https://www.theguardian.com/world/2025/apr/18/jerusalem-christians-easter-israeli-crackdown-church-holy-sepulchre,Left
3,Gaza journalist featured in new Cannes documentary killed in Israeli airstrike,"Fatima Hassouna, a war documentarian who had covered the conflict in Gaza on the ground for 18 months and the subject of a new documentary to be screened at the Cannes Film Festival next month, was killed along with seven members of her family in an Israeli strike this week.
“If I die, I want a resounding death, I do not want me in urgent news, nor in a number with a group,” Hassouna wrote in a post on Instagram in August 2024. “I want a death that the world hears, an...",https://edition.cnn.com/2025/04/18/middleeast/fatima-hassouna-killed-israeli-airstrike-gaza-intl-latam/index.html,Lean Left
4,DOGE places entire federal homelessness agency staff on leave,"The Department of Government Efficiency effectively shut down a small agency that coordinates homelessness policy, leaving all staff on administrative leave. The shutdown followed a Trump administration executive order.
The agency had a budget of just over $4 million and focused on managing high homelessness rates, especially among veterans.
Jeff Olivet, the agency’s last executive director, stated that the government created the agency to coordinate federal efforts to reduce homelessness efficiently.
Rep. Emanuel Cleaver II, D-Mo., criticized the targeting of the agency, calling it “nonsensical” during a historic rise in housing costs and...",https://san.com/media-miss/doge-places-entire-federal-homelessness-agency-staff-on-leave/,Center
0,US Republican lawmakers voice alarm over possible Pentagon command shake-up,"The top two Republican lawmakers who lead the Pentagon's oversight committees in the U.S. Congress issued a rare, joint statement on Wednesday expressing alarm about a potential shake-up in U.S. military commands by the Trump administration.
The statement from the offices of Senator Roger Wicker and Representative Mike Rogers cited press reports, including that the Trump administration is weighing relinquishing the U.S. role as NATO's Supreme Allied Commander Europe.",https://www.reuters.com/world/us/us-republican-lawmakers-voice-alarm-over-possible-pentagon-command-shake-up-2025-03-19/,Center
1,Greenpeace ordered to pay Dakota Access Pipeline operator hundreds of millions in defamation suit,"Greenpeace must pay the oil company that operates the Dakota Access Pipeline hundreds of millions of dollars in damages for defaming them, a North Dakota jury decided Wednesday — a massive financial blow to the group that environmentalists say could chill future climate advocacy. The case centered on Greenpeace’s involvement in the protests over the construction of the Dakota Access Pipeline, which became a cultural flash point in the United States, drawing thousands of protesters to Cannon Ball, North Dakota, in 2016 and 2017. Dallas-based Energy Transfer, which runs the...",https://washingtonpost.com/climate-environment/2025/03/19/greenpeace-dakota-access-pipeline-energy-transfer,Lean Left
2,Novak Djokovic’s players’ association sued the groups that run tennis. Why and what do they want?,"Ons Jabeur is a three-time Grand Slam finalist with more than $13 million in prize money by age 30, and as she looked out at the main court used for the Miami Open this week and next, she rattled off a lengthy list of things she thinks could be fixed in professional tennis to help all players.
“We need to improve the structure that we have. ... We can do better about the scheduling. The times of matches. There are a lot of tournaments, and health-wise, for the players, I don’t think that helps....",https://apnews.com/article/tennis-antitrust-lawsuit-ptpa-djokovic-d26b5d6669dc662799e39a58a6467a47,Left
3,White House calls on Supreme Court to rein in judges blocking Trump's agenda,"The White House blasted ""activist"" federal judges and called on the U.S. Supreme Court to rein them in on Wednesday as President Donald Trump and his allies escalated their attacks against judges who have ruled against his administration.
White House press secretary Karoline Leavitt told reporters it was incumbent upon the Supreme Court to take action against judges who ""are acting erroneously.""",https://www.reuters.com/world/us/white-house-calls-supreme-court-rein-judges-blocking-trumps-agenda-2025-03-19/,Center
4,Judge blocking Trump deportations played key role in Trump-Russia FISA saga,The federal judge who is blocking Trump’s efforts to deport Venezuelan gang members also played a key and controversial role in the Trump-Russia collusion saga as the leader of the Foreign Intelligence Surveillance Court.,https://justthenews.com/government/courts-law/judge-blocking-trump-deportations-played-key-role-trump-russia-fisa-saga,Lean Right
5,US deports French scientist after officials ‘find texts critical of Trump’,"A French scientist was denied entry to the US after immigration officials found text messages that were critical of Donald Trump which they said “could be considered to be terrorism”.
The researcher, who has not been named, was on his way to a conference in Houston, Texas, when officers pulled him aside for a random check and searched his work computer and personal phone, the French newspaper Le Monde reported.",https://www.telegraph.co.uk/us/news/2025/03/20/french-scientist-us-entry-denied-texts-critical-trump/,Lean Right
6,"China executed four Canadians for drug crimes, says Ottawa","Four Canadians were executed in China on drug-related charges earlier this year, Canadian authorities have confirmed.
All of them were dual citizens and their identities have been withheld, Canada's foreign minister Mélanie Joly said.
A spokesperson for the Chinese embassy in Canada reportedly urged Ottawa to ""stop making irresponsible remarks"", as pundits feared a further downturn in relations between the countries after years of strain.
China's foreign ministry said on Thursday that it had acted ""in accordance with the law"", while the embassy said there was ""solid and sufficient"" evidence...",https://www.bbc.com/news/articles/c204ywyl4kvo,Center
7,I’m the Canadian who was detained by Ice for two weeks. It felt like I had been kidnapped,"There was no explanation, no warning. One minute, I was in an immigration office talking to an officer about my work visa, which had been approved months before and allowed me, a Canadian, to work in the US. The next, I was told to put my hands against the wall, and patted down like a criminal before being sent to an Ice detention center without the chance to talk to a lawyer.
I grew up in Whitehorse, Yukon, a small town in the northernmost part of Canada. I always knew I wanted to...",https://www.theguardian.com/us-news/2025/mar/19/canadian-detained-us-immigration-jasmine-mooney,Left
8,CNN Host Compares Chance of Trump Defying Judge on Illegals to Trail of Tears,"In one of those moments that one might have missed live because it was so out-of-left-field, CNN host Laura Coates made a comment Wednesday during Kasie Hunt’s new show The Arena linking President Donald Trump’s latest back-and-forth with the judiciary over illegal immigrant deportation flights to President Andrew Jackson’s displacement of Native Americans starting in the 1830s that became known as the Trail of Tears.
Coates chimed in prior to a commercial break that “it’s not totally unprecedented at all for a president to disagree with an opinion of a judge,” adding “we...",https://newsbusters.org/blogs/nb/curtis-houck/2025/03/20/cnn-host-compares-chance-trump-defying-judge-illegals-trail-tears,Right
9,"Medicaid Reform Needs a Scalpel, Not a Sledgehammer","There is a lot of panic in Washington over what might be “cut” by the Department of Government Efficiency – everyone is protective of their own territory. However, like Congress having record low disapproval ratings while having a 95 percent reelection rate, idea of Elon Musk and the gang taking a sledgehammer to waste is appealing, except when it is to a program or policy you like. But a sledgehammer should never be the first tool anyone reaches for. It should absolutely be in the toolbox and used when necessary,...",https://townhall.com/columnists/derekhunter/2025/03/20/medicaid-reform-needs-a-scalpel-not-a-sledgehammer-n2654096,Right
10,Republicans want Musk to shut up about Social Security,"Senate Republicans want Elon Musk to stop talking about Social Security, and the Department of Government Efficiency to leave it alone.
Musk’s statement that Social Security is a “Ponzi scheme” and plans to cut up to 12 percent of the Social Security Administration’s workforce is giving GOP lawmakers heartburn.
They warn that Social Security reform is known as the “third rail” of politics for a reason: Any party that touches it is likely to get zapped come Election Day.
And Republicans fear that reductions in staff and field offices will boomerang on...",https://thehill.com/homenews/senate/5204263-senate-republicans-elon-musk-social-security/,Center
11,"Sidelined by Trump and Musk, Hill spending leaders fight for relevance","Congressional appropriators, the lawmakers with jurisdiction over government funding, were once among the most powerful figures on Capitol Hill — tough and often-revered negotiators who struck bipartisan deals even in the most polarized times. Those days might be over.
Last week’s rapid-fire push by GOP leaders to enact a stopgap funding bill through September put into sharp relief the waning influence of the House and Senate Appropriations committees that once ran the show. With President Donald Trump giving Department of Government Efficiency chief Elon Musk and White House budget director...",https://www.politico.com/news/2025/03/19/congressional-appropriators-spending-relevance-00239788,Lean Left
12,Greenpeace Ordered to Pay Hundreds of Millions to Pipeline Company over DAPL Protests,"A North Dakota jury ruled Wednesday that left-wing environmentalist group Greenpeace must pay hundreds of millions in damages to pipeline company Energy Transfer over its role in the Dakota Access Pipeline protests almost a decade ago.
Energy Transfer sued Greenpeace International, Greenpeace USA, and its fundraising arm Greenpeace Fund Inc. for $300 million for defamation and an assortment of activities tied to the anti-Dakota Access Pipeline demonstrations.
Greenpeace fundraised off the long-running lawsuit and claimed it was an attempt by the oil industry to silence its environmentalist critics. The nine...",https://www.nationalreview.com/news/greenpeace-ordered-to-pay-hundreds-of-millions-to-pipeline-company-over-dapl-protests/,Lean Right
13,The Facts Behind the Delayed Return of U.S. Astronauts,"The return of astronauts Suni Williams and Butch Wilmore after an extended stay on the International Space Station has been the subject of competing claims about the actions of the Trump and Biden administrations in bringing them home.
White House adviser Elon Musk, whose SpaceX company aided the astronauts’ return, said he had offered last year to bring the two astronauts home much sooner but the Biden administration declined for “political reasons.” NASA and space experts, including the two astronauts themselves, dispute that the decision was based on politics.
In a...",https://www.factcheck.org/2025/03/the-facts-behind-the-delayed-return-of-u-s-astronauts/,Lean Left
14,Trump administration ‘villainizes’ immigrant families with misleading directive on food aid,"The Trump administration is now using popular anti-hunger programs, including food assistance and school lunch, as part of its attack against immigrants in the US – a move many say will prevent large numbers of families, especially children, from getting the food benefits they’re eligible for.
In a recent memo, agriculture secretary Brooke Rollins told senior staff at the USDA’s Food and Nutrition Service (FNS): “It is essential to use all available legal authority to end any incentives in FNS benefit programs that encourage illegal immigration.”
In the accompanying press release, Rollins said, “The...",https://www.theguardian.com/us-news/2025/mar/20/trump-food-stamps-snap-school-lunch-immigration,Left
15,Can Trump use tariffs for different and conflicting goals?,"President Donald Trump plans to use tariffs in the coming days to pursue a range of disparate and sometimes conflicting goals, from pressuring neighboring countries on immigration and boosting domestic manufacturing to penalizing trade partners for their own tariffs. 
Critics, including longtime free-market economists and trade experts, have criticized Trump’s tariff plans as incoherent and economically damaging. 
Trump officials and allies, though, argue that there is no contradiction in his agenda. They portray tariffs as an economic multitool knife that can be used for many purposes. 
“I think that the president’s agenda is one of the boldest and most-needed pro-America...",https://www.washingtonexaminer.com/policy/finance-and-economy/3353284/trump-tariffs-goals-economy-trade/,Lean Right
16,Student Loan Update as Trump Set to Order Department of Education Shutdown,"President Donald Trump is set to sign an executive order on Thursday directing the shutdown of the U.S. Education Department, fulfilling a campaign pledge to eliminate the agency, which has long been a conservative target.
Federal student loan payments, federal funding for students with disabilities under the Individuals with Disabilities Education Act (IDEA) and Title I funding for low-income schools will remain unchanged under the order, according to reports.
However, Education Secretary Linda McMahon is developing a plan to ""bring these funds closer to states, localities, and more importantly, students,"" a White House official...",https://www.newsweek.com/student-loan-update-trump-set-order-department-education-shutdown-2047568,Center
17,Trump administration unfazed by court losses and sets sights on Supreme Court,"Despite the White House’s repeated attacks on federal Judge James Boasberg, the Trump administration remains confident it will prevail in ongoing litigation about the president’s use of executive power.
Even before President Donald Trump retook office, his advisers expected that his executive orders and other policy moves would face immediate legal challenges. It was expected that those challenges would be filed in districts that were friendly to challengers and would result in initial losses for the administration.
That has been the case. Over 160 lawsuits have been filed against various...",https://www.cnn.com/2025/03/20/politics/trump-administration-unfazed-by-court-losses-supreme-court/index.html,Left
18,Bombshell warning the State Department IGNORED that could have saved JFK,"The State Department was allegedly warned about Lee Harvey Oswald's plan to assassinate John F Kennedy months before the president was killed, a new trove of top secret files about the assassination has revealed.
In a never before seen letter, which was released Tuesday evening with thousands of other unredacted documents, a man named Sergyj Czornonoh told the US British Ambassador how he warned authorities about Oswald's murder plot multiple times.",https://www.dailymail.co.uk/news/article-14514557/bombshell-warning-state-department-ignored-jfk.html,Right
19,Germany warns citizens traveling to U.S. after 3 nationals detained,"The government of Germany on Wednesday updated travel guidance for people traveling to the United States after three of its citizens were detained in an attempt to enter ""the land of the free.""
Germany's foreign office warned German citizens that more strict immigration policies under U.S. President Donald Trump may land travelers in detention or face a possibility of deportation.",https://www.upi.com/Top_News/World-News/2025/03/19/Germany-foreign-ministry-travel/9601742398245/,Center
20,Trump freezes $175M for University of Pennsylvania over trans athlete policy,"The Trump administration has frozen $175 million in federal funding for the University of Pennsylvania over the Ivy League school’s past policies supporting transgender athletes, the White House announced Wednesday.
The administration announced the action in a post on one of its X accounts, accusing the university of “forcing women to compete with men in sports” and heralding the penalty as “promises kept.”",https://www.washingtonpost.com/education/2025/03/19/university-pennsylvania-federal-funding-freeze-trans-athletes/,Lean Left
21,"As nuclear waste piles up, Congress is at a standoff over where to store it","Lawyers were arguing earlier this month before the Supreme Court over permitting facilities to handle temporary nuclear waste storage when Justice Neil M. Gorsuch pointed to the skunk in the room.
That would be the lack of a single permanent facility where the government could dump radioactive waste by burying it deep in the earth and, with any luck, out of mind for generations to come.",https://www.washingtontimes.com/news/2025/mar/20/nuclear-waste-piles-congress-standoff-store/,Lean Right
22,Taliban Releases American it Abducted in 2022,"The Taliban has released George Glezmann, an American airline mechanic from Atlanta abducted more than two years ago in Afghanistan, in a deal brokered by U.S. and Qatari negotiators, the State Department said on Thursday morning.
Glezmann was traveling as a tourist in Afghanistan when he was seized by the Taliban's intelligence services in December 2022. He was designated by the U.S. as wrongfully detained in 2023.",https://www.newsweek.com/taliban-releases-american-it-abducted-2022-2047899,Center
23,"Fact check: Is Tren de Aragua invading the US, as Trump says?","As justification for deporting some immigrants in the country without due process, President Donald Trump said the United States is under invasion.
“Evidence irrefutably demonstrates that [Tren de Aragua] has invaded the United States,” a March 15 White House proclamation said. Tren de Aragua is a Venezuela-based gang with some US presence.",https://www.aljazeera.com/news/2025/3/20/fact-check-is-tren-de-aragua-invading-the-us-as-trump-says,Lean Left
24,Vance: The American Economy Is Quitting the ‘Drug’ of Cheap Labor,"“Cheap labor,” according to Vice President JD Vance, “inhibits innovation” and is “a drug that too many American firms got addicted to” over previous decades of globalization.
“Whether we were offshoring factories to cheap labor economies or importing cheap labor through our immigration system,” Vance continued, “cheap labor became the drug of Western economies.”",https://www.dailysignal.com/2025/03/18/vance-cheap-labor-economy-tech-populists/,Right
25,"Home Sales Rose 4.2% in February, Beating Expectations","Sales of existing homes rose in February, reflecting an increase in shopping activity and in the number of homes for sale since the start of the year.
U.S. existing-home sales rose 4.2% in February from the prior month to a seasonally adjusted annual rate of 4.26 million, the National Association of Realtors said Thursday. That was far better than expectations. Economists surveyed by The Wall Street Journal had estimated a monthly decrease of 3.2%. ",https://www.wsj.com/economy/housing/home-sales-february-2025-rise-f17edbfd?mod=hp_lead_pos1,Center
26,Finland is again ranked the happiest country in the world. The US falls to its lowest-ever position,"Finland is the happiest country in the world for the eighth year in a row, according to the World Happiness Report 2025 published Thursday.
Other Nordic countries are also once again at the top of the happiness rankings in the annual report published by the Wellbeing Research Centre at the University of Oxford. Besides Finland, Denmark, Iceland and Sweden remain the top four and in the same order.",https://apnews.com/article/world-happiness-report-ranking-finland-afghanistan-us-b41c1712448762d98fe9e4f80233c15f,Left
27,"New York Appeals Court Blocks NYC Noncitizen Voting Law, Siding with Republicans","New York’s highest court on Thursday blocked a New York City law that would have allowed noncitizens to vote in municipal elections, upholding lower court rulings that sided with Republicans who challenged the measure.
In January 2022, New York City became the first major city in the nation to grant municipal voting rights to noncitizens after the the City Council passed the law in late 2021. The measure, however, was never fully implemented due to a legal challenge led by Republicans. If the challenge failed, more than 800,000 green card...",https://www.nationalreview.com/news/new-york-appeals-court-blocks-nyc-noncitizen-voting-law-siding-with-republicans/,Lean Right
28,"Trump Will ‘Greatly Minimize’ Education Department With Executive Order—But Student Loans, Pell Grants Will Be Under Federal Control","President Donald Trump will sign an executive order Thursday that will make the Department of Education “much smaller than it is today,” but keep some “critical functions,” such as Title I and student loans, under federal control, White House Press Secretary Karoline Leavitt said, confirming previous reports Trump will implement the long-promised order later in the day.
The order is designed to give states’ control over education, Leavitt told reporters, though the federal government will still be responsible for administering Title I funding, Pell grants, student loans, special education funding...",https://www.forbes.com/sites/saradorn/2025/03/20/trump-will-greatly-minimize-education-department-with-executive-order-but-student-loans-pell-grants-will-be-under-federal-control/,Center
29,"As the Trump administration intensifies its battle with elite universities, one Ivy League school is lawyering up with a Trump ally.","As the Trump administration intensifies its battle with elite universities, one Ivy League school is lawyering up with a Trump ally.
Dartmouth College announced this week that it has tapped Matt Raymer, the former chief counsel at the Republican National Committee, to serve as the college’s top lawyer and senior vice president. Raymer will not only run the general counsel’s office, but also serve on Dartmouth President Sian Leah Beilock’s leadership team and advise the college on “legal and strategic matters.” Raymer, who in January publicly backed President Donald Trump’s push to end...",https://www.politico.com/news/2025/03/19/trump-is-bombarding-the-ivy-league-this-college-just-hired-a-staunch-ally-as-its-top-lawyer-00239635,Lean Left
30,DHS boss Noem vows to ‘hunt’ down those making swatting calls targeting conservative media,"Department of Homeland (DHS) Security Secretary Kristi Noem joined FBI Director Kash Patel in the fight against swatting calls targeting members of the ""conservative new[s] media,"" announcing Wednesday her department will ""hunt these cowards down.""
Patel recently confirmed a rise in swatting incidents, when someone tries to send armed police to another person's house under false pretenses, aimed at media figures and their families.
The act, she said, puts the lives of the victims and responding officers in danger.",https://www.foxnews.com/media/dhs-boss-noem-vows-hunt-down-those-making-swatting-calls-targeting-conservative-media,Right
31,‘It’s not personal': Trump’s deportation efforts find support among South Florida Latinos,"In Hialeah, Florida, a city that’s 95% Hispanic, only three residents showed up at a recent city council meeting to speak against a partnership with the federal government to enforce immigration laws.
The police departments in Hialeah, where three out of four people were born abroad, and Coral Gables, with a majority of Hispanics mostly of Cuban descent, have entered into agreements with U.S. Immigration and Customs Enforcement with very little visible pushback.",https://apnews.com/article/trump-latinos-deportations-south-florida-cubans-venezuelans-d3b1cc3b59adec62a8c55557e91df9f2,Left
32,The Left Knew They Were Lying to Us All Along,"For years, the left has advanced utter untruths for cheap partisan purposes that it knew at the time were all false. And now when caught, they just shrug and say they were lying all along.
Once it was known that the first COVID-19 case originated in or near a Chinese communist virology lab engineering gain-in-function deadly viruses -- with help from Western agencies -- the left went into full persecution mode.
They damned as incompetent, racist, and conspiratorial any who dared follow logic and evidence to point out that the...",https://townhall.com/columnists/victordavishanson/2025/03/21/the-left-knew-they-were-lying-to-us-all-along-n2654201,Lean Right
33,Democrats face frustrated voters at raucous town halls,"Republicans are not the only lawmakers facing confrontational town halls over the congressional recess. Democratic lawmakers are increasingly facing the ire of the party’s liberal base over their response to the Trump administration. 
Rep. Sean Casten (D-Ill.) clashed with pro-Palestinian attendees at a town hall on Wednesday, leading police to shut down the forum. That followed Rep. Glenn Ivey’s (D-Md.) town hall on Tuesday, where he faced criticism for being too “calm” in the face of the Trump administration. And in California, Democratic Rep. Gil Cisneros faced constituents angry about Social Security, Elon Musk’s Department of Government Efficiency, potential cuts to...",https://thehill.com/homenews/campaign/5206361-town-halls-democrats-trump/,Center
34,Musk looms large in this Wisconsin judicial race,"Democrats in Wisconsin are trying to use a state judicial race as a referendum on Elon Musk.
In the final 10 days of the high-profile state Supreme Court campaign, the Democratic Party of Wisconsin is blanketing the TV airwaves with two new ads that put Musk front-and-center. The ads, shared first with POLITICO and part of a seven-figure investment in Musk-related ads and events, link the billionaire and his Department of Government Efficiency to Brad Schmiel, the state’s former GOP attorney general who’s now running for the seat.
It’s the...",https://www.politico.com/news/2025/03/21/musk-looms-large-in-this-wisconsin-judicial-race-00241457,Lean Left
35,Trump’s Risky Reliance on the Alien Enemies Act,"Creating a state of war would be a steep cost to expedite the removal of Venezuelan gangsters, who could be deported under regular immigration laws anyway.
On the campaign trail, candidate Donald Trump pledged to use the 1798 Alien Enemies Act to deport illegal-alien gang members. On March 15, President Trump delivered on his promise, ordering the removal to El Salvador of about 300 Venezuelan illegal aliens suspected of being members of the Tren de Aragua (TdA) gang.
While controversy immediately arose over whether the administration had defied a court order to stop...",https://www.nationalreview.com/2025/03/trumps-risky-reliance-on-the-alien-enemies-act/,Lean Right
36,Posts Fabricate Claims About Trump’s Response to Duterte’s Arrest,"Former Philippine President Rodrigo Duterte was arrested by police in Manila on March 11 and was flown to The Hague, where he faces charges of crimes against humanity at the International Criminal Court.
A March 12 ICC press release said the court “found reasonable grounds to believe that Mr Duterte is individually responsible as an indirect co-perpetrator for the crime against humanity of murder, allegedly committed in the Philippines” between November 2011 and March 2019.  
ICC judges “found that there was an attack directed against a civilian population pursuant to an organisational policy while...",https://www.factcheck.org/2025/03/posts-fabricate-claims-about-trumps-response-to-dutertes-arrest/,Lean Left
37,Greenpeace loss will embolden big oil and gas to pursue protesters: ‘No one will feel safe’,"A pipeline company’s victory in court over Greenpeace, and the huge damages it now faces, will encourage other oil and gas companies to legally pursue environmental protesters at a time when Donald Trump’s energy agenda is in ascendancy, experts have warned.
On Wednesday a North Dakota jury ruled that three Greenpeace entities collectively must pay Energy Transfer, which was co-founded by a prominent Trump donor, more than $660m, deciding that the organizations were liable for defamation and other claims after a five-week trial in Mandan, near where the Dakota Access pipeline protests occurred in 2016 and 2017.
“This verdict will embolden other...",https://www.theguardian.com/us-news/2025/mar/21/oil-protest-activism-greenpeace-dakota-pipeline-verdict,Left
38,Trump Will Put Patients Over the Bureaucrats Who Drive Up Healthcare Costs,"The following content is sponsored by Americans for Limited Government.
The Trump administration should set its sights on the middlemen who drive up healthcare costs.
In his quest to eliminate wasteful federal spending, President Trump has a Cheesecake Factory-sized menu to choose from when it comes to healthcare. Once the Trump administration turns its attention to this sector, it will quickly discover that foreign aid was a mere appetizer to the fatty center of America’s bloated health apparatus.
Take Medicaid, the government health program meant to provide coverage to low-income and...",https://www.breitbart.com/politics/2025/03/21/trump-will-put-patients-over-the-bureaucrats-who-drive-up-healthcare-costs/,Right
39,"German upper house of parliament OKs debt reform, half-trillion fund","Germany’s upper house of parliament on Friday passed a reform of the country’s borrowing rules and a 500-billion-euro ($542 billion) fund to revamp its infrastructure and revive Europe’s largest economy.
The constitutional amendment to loosen the so-called debt brake also allows for de-facto unlimited spending on defence and security.
The upper house of parliament, which represents the 16 German states, passed the bill with the necessary two-thirds majority after Tuesday’s vote in the lower house, the Bundestag.",https://www.cnbc.com/2025/03/21/german-upper-house-of-parliament-oks-debt-reform-half-trillion-fund.html,Center
40,Trump Voters Love Him More Than Before. Four Conservative Columnists Pinpoint Why.,"Patrick Healy, the deputy Opinion editor, hosted an online conversation with four Times Opinion columnists about the Trump administration’s popularity among Republicans and why so many in the party believe the country is heading in the right direction.
Patrick Healy: David, Bret, David, Ross: Donald Trump is the only president in our lifetimes who’s had a net-negative job approval rating in his first 100 days in office. Trump also has the largest gap in approval ratings in 80 years — 90 percent of Republicans like his performance, while only 4 percent of Democrats do. Those...",https://www.nytimes.com/2025/03/21/opinion/trump-administration-polling.html,Left
41,"Columbia University ‘not even close’ to meeting Trump’s demands to restore $400M in funding, antisemitism task force chief says","The head of the federal task force to combat antisemitism dismissed “rumors” Thursday that Columbia University was nearing a deal to restore $400 million in federal funds frozen by the Trump administration, arguing that the Ivy League school was “not even close” to meeting President Trump’s demands. 
“There was a rumor out there that there was a settlement approaching to restore Columbia’s $400 billion that we froze. Let me be very clear to your listeners and to the nation and to the Jewish American community. That’s not true,” task force chief Leo...",https://nypost.com/2025/03/21/us-news/columbia-university-not-even-close-to-meeting-trumps-demands-to-restore-400m-in-funding-antisemitism-task-force-chief-says/,Lean Right
42,X sues Modi's government over content removal in new India censorship fight,"India's IT ministry has unlawfully expanded censorship powers to allow the easier removal of online content and empowered ""countless"" government officials to execute such orders, Elon Musk's X has alleged in a new lawsuit against New Delhi.
The lawsuit and the allegations mark an escalation in an ongoing legal dispute between X and Prime Minister Narendra Modi's government over how New Delhi orders content to be taken down. It also comes as Musk is getting closer to launching his other key ventures Starlink and Tesla in India.",https://www.reuters.com/technology/x-sues-modis-government-over-content-removal-new-india-censorship-fight-2025-03-20/,Center
43,U.S. Says Decision to Turn Back French Scientist Had Nothing to Do With Trump,"The French government’s claim that a scientist was denied entry into the United States because of an opinion he expressed about the Trump administration is “blatantly false,” a U.S. official has said.",https://www.nytimes.com/2025/03/21/world/europe/us-france-scientist-entry-trump.html,Lean Left
44,Elon Musk to visit the Pentagon to discuss China,"Tech billionaire and Trump adviser Elon Musk is scheduled to visit the Pentagon on Friday for a briefing that will include a discussion on China, according to two defense officials. 
The briefing will be unclassified, the officials said.
The New York Times reported Thursday night that Musk would be briefed on the U.S. military’s plans for any potential war with China, citing two U.S. officials. One official also confirmed that the briefing would be focused on China, and another only confirmed that Musk would be at the Pentagon on Friday, according to...",https://www.nbcnews.com/politics/trump-administration/elon-musk-visit-pentagon-discuss-china-rcna197435,Lean Left
45,Is there evidence linking the Texas measles outbreak to a surge in illegal immigration?,"Though Texas health officials have been unable to pinpoint the source of the measles outbreak that began in a Gaines County Mennonite community, there is no evidence connecting it to illegal immigration. AllSides highlights content from Gigafact, a network of newsrooms that respond to online claims. View the full fact brief on Arizona Center for Investigative Reporting.",https://gigafact.org/fact-briefs/is-there-evidence-linking-the-texas-measles-outbreak-to-a-surge-in-illegal-immigration/?utm_source=allsides&utm_id=112,Center
46,"State Department: Ukraine, Russia ‘just a breath away from a full ceasefire’","A State Department spokesperson said Thursday that Ukraine and Russia are “just a breath away from a full ceasefire” after three years of war.
“We are just a breath away from a full ceasefire, and then we can begin to talk about not just peace for a week or six months, but an enduring peace that the people of Ukraine and Russia and the world can rely on, and that is what America has helped facilitate, and that’s what we’re continuing to do each day,” State Department spokesperson Tammy Bruce...",https://thehill.com/policy/international/5206266-state-department-ukraine-russia-ceasefire/,Center
47,"Trump says Education Department will no longer oversee student loans, 'special needs'","President Donald Trump continued the unwinding of the U.S. Department of Education on Friday, announcing that the management of the entire federal student loan portfolio and of the department's ""special needs"" programs would be moved to other federal agencies effective immediately.
Appearing in the Oval Office with Defense Secretary Pete Hegseth, Trump said, ""I've decided that the SBA, the Small Business Administration, headed by Kelly Loeffler, a terrific person, will handle all of the student loan portfolio. We have a portfolio that's very large,"" Trump said.",https://www.npr.org/2025/03/21/nx-s1-5336330/trump-education-department-student-loans-special-education-fsa,Lean Left
48,USAID Caught Red-Handed in Censorship Conspiracy,"The U.S. Agency for International Development (USAID) is allegedly implicated in a vast, government-backed censorship scheme, according to internal documents obtained by law group America First Legal through ongoing litigation against the U.S. Department of State's Global Engagement Center (GEC).
Copies of communications released Thursday reveal an alliance among USAID; the GEC; the British Foreign, Commonwealth, & Development Office (FCDO), which is the UK's foreign affairs ministry; and multiple media censorship firms, ""all working in lock-step to manipulate public discourse, control media narratives, and suppress free speech,"" particularly that of dissenting voices, America First Legal...",https://townhall.com/tipsheet/miacathell/2025/03/21/usaid-america-first-legal-n2654200,Right
49,Greenpeace Verdict Is a Wake-Up Call for Progressive NGOs,"Greenpeace backed radical protesters who tried to block a North Dakota pipeline. Now the pipeline company has won huge damages in a lawsuit against the iconic NGO. Other nonprofits should take notice.
On Wednesday, a jury in Mandan, North Dakota returned a stunning verdict against Greenpeace for its role in the violent protests and misleading PR campaign that disrupted construction of the Dakota Access Pipeline in 2016. The jury hearing the civil lawsuit found Greenpeace USA and two other Greenpeace entities liable for civil conspiracy, defamation, trespass, and other misdeeds. If the...",https://www.city-journal.org/article/greenpeace-verdict-energy-transfer-dakota-access-pipeline?skip=1,Right
50,The ‘Free World’ Is Gone and There’s No Turning Back,"In early 2017, less than two months into Donald Trump’s first term as president, I published a piece of speculative fiction. Set during a then-imaginary second Trump term, it depicts a nightmare scenario in which American troops abandon Europe, the pro-Russia Alternative for Germany wins 20 percent of the vote in a federal election, and Russia launches a full-scale invasion of Ukraine.
My purpose in writing the story was to stir readers on both sides of the Atlantic out of their complacency regarding the parlous state of what used to be...",https://www.politico.com/news/magazine/2025/03/21/the-free-world-is-gone-and-theres-no-turning-back-00240256,Lean Left
51,"US court won't pause ruling requiring Trump administration to reinstate 25,000 workers","A U.S. appeals court on Friday refused to pause a judge's ruling requiring the Trump administration to reinstate 25,000 workers at 18 federal agencies who lost their jobs as part of the Republican president's purge of the federal workforce.
A panel of the Richmond, Virginia-based 4th U.S. Circuit Court of Appeals said there was no reason to pause the decision because the judge in Baltimore, Maryland is expected to decide next week whether to extend it further, in a lawsuit brought by 19 Democrat-led states and Washington, D.C....",https://www.reuters.com/world/us/us-court-wont-pause-ruling-requiring-trump-administration-reinstate-25000-2025-03-21/,Center
52,"Exclusive: FBI scales back staffing, tracking of domestic terrorism probes, sources say","The FBI has cut staffing in an office focused on domestic terrorism and has scrapped a tool used to track such investigations, in a shift that could undermine law enforcement’s ability to counter white supremacists and anti-government extremists, according to sources familiar with the matter.
The moves, sources said, are an indication that domestic terrorism investigations, which in recent years have largely involved violence fueled by right-wing ideologies, may be less of a priority under FBI Director Kash Patel, a prominent critic of the effort...",https://www.reuters.com/world/us/fbi-scales-back-staffing-tracking-domestic-terrorism-probes-sources-say-2025-03-21/,Center
53,How do Americans feel about President Trump? What approval ratings show after 2 busy months,"Thursday marked two months since President Donald Trump was sworn into office for his second term.
While Trump's net approval ratings came out of the gates higher than in 2017, though still lower than those of any other president in modern history, recent polls show public sentiment more split, or in some cases more negative.
By late February, just one month into his term, his net approval rating − which is calculated as the difference between a president's approval and disapproval polling averages − had shrunk to nearly even...",https://www.usatoday.com/story/news/politics/2025/03/21/president-donald-trump-approval-ratings/82563586007/,Lean Left
54,USDA halts millions of dollars worth of deliveries to food banks,"The Agriculture Department has halted millions of dollars worth of deliveries to food banks without explanation, according to food bank leaders in six states.
USDA had previously allocated $500 million in deliveries to food banks for fiscal year 2025 through The Emergency Food Assistance Program. Now, the food bank leaders say many of those orders have been canceled.
The halting of these deliveries, first reported by POLITICO, comes after the Agriculture Department separately axed two other food programs, ending more than $1 billion in planned federal spending for schools and food banks to purchase...",https://www.politico.com/news/2025/03/19/usda-halts-deliveries-food-banks-trump-00239453,Lean Left
55,"Report: U.S. Army Special Operations Issues Threat Advisory Over Leftist Attacks On Tesla Owners, Vehicles","The U.S. Army Special Operations Command (USASOC) reportedly issued a “threat advisory” on Thursday warning of “possible threats” from radical left-wing activists against the command’s Tesla owners.
In screenshots of the alert obtained by Federalist contributor and retired Army ranger John A. Lucas, the USASOC informed service members of increased “concerns” regarding recent attacks against individuals who own Teslas and dealerships that carry the vehicle...",https://thefederalist.com/2025/03/21/report-u-s-army-special-operations-issues-threat-advisory-over-leftist-attacks-on-tesla-owners-vehicles/,Right
0,"ICE Agents Realize They Arrested Wrong Teen, Say 'Take Him Anyway'","Federal immigration authorities apprehended a 19-year-old in New York despite realizing he was not the intended target.
The young man, Merwil Gutiérrez, was later deported to El Salvador's notorious super prison, despite his family's insistence that he has no gang ties or criminal history.
His father, Wilmer Gutiérrez, is now searching for answers after his son was snatched by Immigration and Customs Enforcement (ICE) agents.","https://www.newsweek.com/merwil-gutierrez-ice-wrong-teen-el-salvador-2059783#:~:text=Federal%20immigration%20authorities%20apprehended%20a%2019-year-old%20in%20New,he%20has%20no%20gang%20ties%20or%20criminal%20history.",Center
1,Who Is Mohsen Mahdawi? Another Columbia Student Detained By Immigration Officials,"Mohsen Mahdawi, a student at Columbia University, Palestinian and permanent U.S. resident, was detained by immigration authorities and taken into custody during his interview for naturalization in Vermont, multiple outlets reported—marking the second Columbia student to be targeted by the Trump administration.
Mahdawi—who attended Columbia and plans to get his master’s degree there in the fall—was born in a refugee camp in the West Bank, is a permanent resident of the U.S. and has had a green card for 10 years, according to a legal filing challenging his detention.
The legal challenge “concerns the government’s...",https://www.forbes.com/sites/mollybohannon/2025/04/14/who-is-mohsen-mahdawi-another-columbia-student-detained-by-immigration-officials/,Center
2,"Government's case against Mahmoud Khalil is shaky and reliant on tabloid accounts, review of evidence shows","The former Columbia University student arrested on campus and scheduled for deportation has filed evidence that shows claims underlying the government's case are dubious.
NBC News reviewed more than 100 pages of documents submitted by the federal government in its effort to deport Mahmoud Khalil, as well as evidence filed by Khalil’s legal team, including his permanent residency application, several articles about his activism, and contracts and letters detailing internship and work experience.",https://www.nbcnews.com/news/us-news/governments-case-mahmoud-khalil-shaky-reliant-tabloid-accounts-review-rcna201254,Lean Left
3,"If Truth Becomes the Enemy of Peace, There Will Be No Peace",The administration appears inclined to adopt Russia’s wholly fictionalized version of the facts of this war.,https://www.nationalreview.com/corner/if-truth-becomes-the-enemy-of-peace-there-will-be-no-peace/,Lean Right
4,"Trump administration launches probe into chip imports, first step toward semiconductor tariffs","The Trump administration has taken its next steps toward imposing more tariffs on key imports, launching investigations into imports of computer chips, chip making equipment and pharmaceuticals. The Department of Commerce posted notices about the probes late Monday on the Federal Register, seeking public comment within three weeks. It had not formally announced them earlier. Although President Donald Trump paused most of his biggest tariff hikes last week for 90 days, apart from those for imports from China, he has said he still plans tariffs on pharmaceutical drugs, lumber, copper...",https://oregonlive.com/business/2025/04/trump-administration-launches-probe-into-chip-imports-first-step-toward-semiconductor-tariffs.html,Center
5,Arson suspect 'harbored hatred' against Shapiro. This political violence must end.,"Less than a year ago, in July, Pennsylvania Gov. Josh Shapiro found himself in a position no politician ever wants to face.
He had to address the attempted assassination of then-presidential candidate Donald Trump, which had taken place at a rally in his state. Shapiro also spoke about the murder of Corey Comperatore, a Pennsylvania husband and father who had attended the campaign event.
Shapiro, a Democrat, handled the horrific situation with grace and heartfelt emotion. And he spoke to deepening political rifts in the country. ",https://www.usatoday.com/story/opinion/columnist/2025/04/14/shapiro-family-attack-fire-pennsylvania-governors-mansion/83079512007/,Lean Left
6,Liberal media distorts immigration enforcement to attack Trump’s policies,"Mainstream media outlets are scraping the bottom of the barrel in their attempts to portray the Trump administration’s enforcement of the Immigration and Nationality Act as racist and immoral. The corporate newspapers and the “Big News” online outlets are awash in sob stories about migrants who are now facing deportation because they broke American laws.
Every one of these articles suffers from two common flaws: They deliberately omit key facts and intentionally misrepresent the state of U.S. immigration law to create the impression that foreign lawbreakers are hapless victims of an unjust...",https://www.washingtontimes.com/news/2025/apr/14/liberal-media-distorts-immigration-enforcement-attack-trumps-policies/,Lean Right
7,Trump administration sued after taking down public spending tracker,"The Trump administration was accused of breaking the law in a recent lawsuit after taking down a website meant to show the public how federal funding is disbursed to agencies. 
A new lawsuit filed in federal court in Washington, D.C., accused the Trump administration of violating federal law last month when the online database overseen by the Office of Management and Budget (OMB) “went dark, without explanation.”",https://thehill.com/business/5248050-trump-administration-sued-after-taking-down-public-spending-tracker/,Center
8,Pentagon’s ‘SWAT team of nerds’ resigns en masse,"Under pressure from the Elon Musk-led Department of Government Efficiency, nearly all the staff of the Defense Digital Service — the Pentagon’s fast-track tech development arm — are resigning over the coming month, according to the director and three other current members of the office granted anonymity to discuss their job status freely, as well as internal emails.
The resignations will effectively shut down the decade-old program after the end of April.",https://www.politico.com/news/2025/04/15/pentagons-digital-resignations-00290930,Lean Left
9,White House exploring legality of sending U.S. citizens to foreign prisons,"The White House is ""looking into"" the legality of sending U.S. citizens to prisons in El Salvador, Press Secretary Karoline Leavitt said during a briefing Tuesday.
The big picture: President Trump has recently threatened to send Americans to a notorious El Salvador prison where several deported Venezuelans, who are alleged to be members of the MS-13 gang, and one erroneously deported Maryland man are being held.",https://www.axios.com/2025/04/15/americans-el-salvador-prisons-white-house,Lean Left
10,Four journalists who were accused of working for Kremlin foe Navalny are convicted of extremism,"A Russian court on Tuesday convicted four journalists of extremism for working for an anti-corruption group founded by the late opposition leader Alexei Navalny and sentenced them to 5 1/2 years in prison each.
Antonina Favorskaya, Kostantin Gabov, Sergey Karelin and Artyom Kriger were found guilty of involvement with a group that had been labeled as extremist. All four had maintained their innocence, arguing they were being prosecuted for doing their jobs as journalists.",https://apnews.com/article/russia-crackdown-navalny-associates-prison-terms-6a01dd2fc50c50b0e1f765d618177e54,Left
11,Judges to announce ruling on definition of a woman,"The UK Supreme Court is to deliver its verdict on how a woman should be defined in law.
The announcement marks the culmination of a long-running legal battle between the Scottish government and a women's group.
The outcome could have far-reaching implications on how sex-based rights apply across Scotland, England and Wales.",https://www.bbc.com/news/articles/cvg7pqzk47zo,Center
12,Van Hollen to visit El Salvador to check on mistakenly deported man,"Maryland Sen. Chris Van Hollen (D) said he is traveling to El Salvador on Wednesday to check on the status of a deported legal resident. 
Kilmar Abrego Garcia made headlines after being removed by the Trump administration in an “administrative error” and sent to El Salvador’s notorious CECOT maximum security prison to be detained. 
“Following his abduction and unlawful deportation, U.S. federal courts have ordered the safe return of my constituent Kilmar Abrego Garcia to the United States,” Van Hollen said in a Tuesday statement.",https://thehill.com/homenews/senate/5250956-van-hollen-to-visit-el-salvador-to-check-on-mistakenly-deported-man/,Center
13,Emily Ratajkowski Is 'Literally Disgusted' By The All-Female Blue Origin Trip To Space,"We can count Emily Ratajkowski among those who aren’t a fan of Monday's all-female Blue Origin space mission. I was waiting for her to weigh in on it before deciding whether I'm a fan of it or not and, thankfully, I now know where she stands.
Lauren Sanchez having her billionaire fiancé Jeff Bezos launch her and her friends into space hasn't been greeted with as much support for the all-female crew as they were probably hoping for before their voyage to space.",https://www.outkick.com/culture/emily-ratajkowski-literally-disgusted-all-female-blue-origin-trip-space,Lean Right
14,Biden returns to podium for first time to slam Trump's Social Security plans: 'Wreck it so they could rob it',"Former President Joe Biden took shots at the Trump administration's Social Security policies in his first major speech since leaving the White House on Tuesday evening.
""Seriously, people are now genuinely concerned for the first time in history, for the first and only time in history, that Social Security benefits may be delayed or interrupted,"" Biden said from the Advocates, Counselors and Representatives for the Disabled (ACRD) conference in Chicago on Tuesday evening.",https://www.foxnews.com/politics/biden-returns-podium-first-time-slam-trumps-social-security-plans-wreck-so-could-rob-it,Right
15,Climate Myths,"I guess United Nations Secretary-General Antonio Guterres didn't think his hyping global warming risks brought him enough attention, so now he says, ""The era of global boiling has arrived!""
Global boiling?
Give me a break.
Yes, the climate is warming.
We can deal with that.
What annoys me is politicians, activists and media pushing hysterical myths.",https://townhall.com/columnists/johnstossel/2025/04/16/climate-myths-n2655599,Lean Right
16,Morning Report — Trump tests limits of deportation powers with Abrego Garcia case,"The legal battle over the Trump administration’s efforts — or lack thereof — to return a mistakenly deported Maryland migrant may eventually wind up back before the Supreme Court as President Trump tests the limits of his executive power.
The case of Kilmar Abrego Garcia already reached the high court, but on Tuesday, it was the centerpiece of a tense hearing in Greenbelt, Md., where U.S. District Judge Paula Xinis said the Justice Department’s foot-dragging means she will now seek sworn depositions from federal officials “to determine whether you are abiding by the court order. My court orders.” 
The...",https://thehill.com/newsletters/morning-report/5251233-donald-trump-tests-limits-deportation-powers-kilmar-abrego-garcia/,Center
17,"California voters have Trump-resistance fatigue, poll finds","California voters are less keen on fighting Trump than their state’s political elite.
In a dual survey of California voters and political professionals who are driving the state’s agenda, the electorate is strikingly more likely to want a détente with the White House. Voters are also more divided on issues like immigration and climate change, where Gov. Gavin Newsom and Democratic state lawmakers have asserted progressive ambitions that rebuff President Donald Trump’s agenda.
00:16Top Stories from POLITICOSkip AdThe video player is currently playing an ad.
A plurality of voters is skeptical of legal...",https://www.politico.com/news/2025/04/16/california-poll-trump-fighting-enthusiasm-00292326,Lean Left
18,"To Save Medicaid, We Have to Cut It","Medicaid reform doesn’t mean abandoning the disadvantaged.
Medicaid costs taxpayers nearly $900 billion a year. That figure is on track to exceed $1 trillion by the end of this decade.
The entitlement is growing faster than the economy. That kind of growth is unsustainable -- and risks shredding the safety net for those who need it most.
Republicans are confronting that mathematical reality as they hunt for savings in a program that now provides health coverage to nearly 80 million people.",https://www.nationalreview.com/2025/04/to-save-medicaid-we-have-to-cut-it/,Lean Right
19,Trump Uses Questionable Figure for U.S. ‘Plants and Factories’ Lost Since NAFTA,"When President Donald Trump has talked about the need for higher tariffs on imports of foreign goods because of a decline in American manufacturing, he has often made the claim that “90,000 plants and factories” in the U.S. closed after the North American Free Trade Agreement with Canada and Mexico took effect in 1994. But that figure is questionable, and experts say other factors, such as automation, had more to do with the large decline in U.S. manufacturing jobs than trade.
Data from the Census Bureau’s Business Dynamics Statistics database show that...",https://www.factcheck.org/2025/04/trump-uses-questionable-figure-for-u-s-plants-and-factories-lost-since-nafta/,Lean Left
20,Tempers flare as few Republicans hold in-person town halls,"Republicans faced frustrated constituents at town hall meetings Tuesday, offering a glimpse at the building anger over Donald Trump’s sweeping overhaul of the federal government among portions of the electorate — and, in the face of it, the deference GOP lawmakers continue to show the president.
In Iowa, Sen. Chuck Grassley was repeatedly urged to stand up to Trump and push back against the executive branch.
“We would like to know what you, as the people, the Congress, who are supposed to rein in this dictator, what are you going to...",https://www.cnn.com/2025/04/16/politics/town-halls-congress-tempers-flare/index.html,Lean Left
21,Biden Weeps for Americans Suffering Under Trump ‘Destruction’,"Former President Joe Biden made his first comments Tuesday on President Donald Trump’s return to the White House and to the surprise of nobody said he doesn’t like what he sees.
No, not a bit of it.
The retired octogenarian, who is now signed with Creative Artists Agency (CAA) – the elite Hollywood mega-talent agency that also represents former President Barack Obama and former first lady Michelle Obama on the speaking circuit – claimed the new Trump administration is attacking social security and putting the retirement benefits of millions at risk.
“Fewer...",https://www.breitbart.com/politics/2025/04/16/biden-weeps-for-americans-suffering-under-trump-destruction/,Right
22,"In latest media crackdown, White House limits newswire access to Trump","Wire services including Reuters and Bloomberg News will no longer hold a permanent slot in the small pool of reporters who cover President Donald Trump, the White House said on Tuesday, as it moves to exert greater control over who gets to ask him questions and report on his statements in real time.
The decision comes after the Trump administration last week lost a court challenge brought by another wire service, the Associated Press, over its earlier exclusion from the press pool.
The pool typically consists of around 10 outlets that follow...",https://www.reuters.com/business/media-telecom/latest-media-crackdown-white-house-limits-newswire-access-trump-2025-04-16/,Center
23,2 Key Pentagon Officials Have Been Suspended Following Leaks Investigation: Reports,"Two Pentagon officials were escorted out of the Department of Defense and placed on administrative leave on Tuesday amid a probe into unauthorized disclosures, according to multiple news reports.
Dan Caldwell, a top aide to Defense Secretary Pete Hegseth who was named in the infamous Signal group chat, was implicated in a departmental investigation into leaks, according to Reuters, which was first to report his suspension.
Caldwell, a veteran of the Marine Corps and the Iraq War, was blamed for giving reporters classified information, an official told CBS News.",https://www.huffpost.com/entry/pentagon-officials-suspended-leaks-probe_n_67ff709de4b0b0977ad5affd,Left
24,The Department of Education approved a grant to help students with disabilities into adulthood. Then Trump came along,"Educators, researchers and employees at the Department of Education say that the Trump administration’s slashing of federal bureaucracies and workforces has significantly weakened special education enforcement and killed programs meant to help students with disabilities.",https://www.independent.co.uk/news/world/americas/us-politics/students-disabilities-transition-trump-education-b2700465.html,Lean Left
25,"Chip stocks fall as Nvidia, AMD warn of higher costs from China export controls","Technology stocks declined Wednesday, led by a 6% drop in Nvidia, as the chipmaking sector signaled that President Donald Trump's sweeping tariff plans could hamper demand and growth.
Nvidia revealed in a filing Tuesday that it will take a $5.5 billion charge tied to exporting its H20 graphics processing units to China and other countries and said that the government will require a license to ship the chips there and other destinations.",https://www.cnbc.com/amp/2025/04/16/chip-stocks-fall-as-nvidia-amd-warn-of-china-export-control-costs.html,Lean Left
26,Young People Are Now Overwhelmingly Republican,"Young Americans are supporting the Republican Party in greater numbers, a new poll has found, highlighting a large divide among people aged under 30.
According to a new Yale Youth Poll, a survey affiliated with the Yale Institution for Social and Political Studies, voters aged 18 to 21 lean Republican by 11.7 points when asked who they would support in the 2026 Congressional elections, while voters aged 22 to 29 favored Democrats by 6.4 points.",https://www.newsweek.com/republican-support-poll-young-gen-z-2060258,Center
27,Do Republican Voters Still Care About Scandal?,"Sen. John Cornyn is readying plans to blanket Texas with advertising detailing Ken Paxton’s scandal-ridden tenure as state attorney general, a bid to revive his flagging reelection prospects that will test whether personal and legal improprieties still matter to Republican primary voters.
Initial internal polling suggests Cornyn, 73, is in danger of losing renomination in 2026 to Paxton, a close ally of President Donald Trump and favorite of grassroots Republicans despite myriad alleged misdeeds that led the Texas House of Representatives to impeach him in 2023. But the fourth-term senator’s theory of the case, GOP sources tell The Dispatch,...",https://thedispatch.com/article/john-cornyn-ken-paxton-texas-senate-primary-2026/,Lean Right
28,Retail sales jump as people rush to buy cars ahead of tariffs,"Retail spending — one of the key drivers in the economy — saw its biggest jump in more than two years during March, as more people rushed to buy cars and other big-ticket items ahead of President Trump's new tariffs.
Spending at stores, restaurants and car dealerships grew 1.4% in March compared to February, according to Wednesday's data from the Commerce Department. That's the biggest increase since January 2023 — and the driver was mainly autos.",https://www.npr.org/2025/04/16/nx-s1-5366505/retail-sales-cars-tariffs-consumer-spending,Lean Left
0,Veterans Who Voted for Trump Say They’re Split on His Reset of Foreign Policy,"Veterans overwhelmingly supported President Trump’s re-election and anticipated big changes once he took office. And many of the issues that have dominated his first weeks—including veterans’ services, foreign alliances and national-security leadership—are ones veterans care deeply about. 
Now, these developments are animating VFW halls, veteran Facebook pages, card games and other gatherings of U.S. service members. ",https://www.wsj.com/us-news/trump-foreign-policy-veteran-reactions-76b904b8?mod=hp_lista_pos2,Center
1,Trump allies are starting to notice Hegseth’s growing pile of mistakes,"The White House is publicly defending Defense Secretary Pete Hegseth after he texted sensitive military information in a Signal chat. But behind the scenes, administration insiders are starting to express doubts about the Pentagon chief’s judgment.
Officials agree national security adviser Mike Waltz, who accidentally invited a journalist to a group chat with senior leaders, could more easily take the fall for a scandal that has embarrassed the administration — which may end up sparing Hegseth his job.",https://www.politico.com/news/2025/03/27/hegseth-mistakes-some-trump-allies-00254817,Lean Left
2,The Left Is Only Hibernating,"As history shows, one never vanquishes the Jacobin instinct; one only suppresses or resists it for a while. That’s why NR is essential.
In 1955, William F. Buckley Jr. wrote that, “unlike Vienna, it seems altogether possible that did National Review not exist, no one would have invented it.” He was right. And from this we might infer another truth: that if National Review were to disappear, it would be unlikely that it would ever be replaced. They are peculiar things, institutions. One can be in full possession of the history, the lore,...",https://www.nationalreview.com/2025/03/the-left-is-only-hibernating/,Right
3,Assessing Elon Musk’s Misleading Claims About Fraud in Government Spending,"Elon Musk, the billionaire leading a government efficiency initiative, has for weeks made broad and unsupported claims of rampant fraud in federal spending.
In a series of interviews on conservative podcasts and television interviews, Mr. Musk has defended attempts by the so-called Department of Government Efficiency to target popular entitlement programs like Social Security and access sensitive payment systems with a series of inaccurate claims. A representative for DOGE did not respond when asked for evidence of Mr. Musk’s claims.",https://www.nytimes.com/2025/03/28/us/politics/fact-check-elon-musk-government-spending-fraud-claims.html,Lean Left
4,Trump's Legal Losses This Week as Transgender Military Ban Blocked,"President Donald Trump suffered a series of legal losses this week as more federal judges blocked his executive orders.
Why It Matters
The issues this week affect everything from the ban on trans members of the military to the retention of government records and the firing of thousands of federal workers.",https://www.newsweek.com/president-donald-trump-legal-preliminary-injunction-federal-judges-2051910,Center
5,Fact Check Team: Survey shows 72% chase rewards despite rising credit card interest,"A recent Bankrate survey reveals that 72% of adults with credit card debt are actively pursuing rewards, despite financial experts warning that the interest payments often outweigh the benefits of these rewards.
“It doesn’t make sense to pay 20, 25 or 30% in interest just to earn a few percentage points in cash back or travel rewards,” says Ted Rossman, a senior industry analyst at Bankrate. ""Rewards are great, but only if you're able to pay in full and avoid interest each month.""",https://thenationaldesk.com/news/fact-check-team/survey-shows-72-percent-chase-rewards-despite-rising-credit-card-interest-economy-inflation-debt-trillions,Right
6,Did the Colorado Supreme Court find Trump engaged in an insurrection?,"The Colorado Supreme Court ruled in December 2023 that Trump was ineligible to run for president in Colorado after finding he engaged in an insurrection — a decision that was later overturned by the U.S. Supreme Court. AllSides highlights content from Gigafact, a network of newsrooms that respond to online claims. View the full fact brief on The Colorado Sun.",https://gigafact.org/fact-briefs/did-the-colorado-supreme-court-find-trump-engaged-in-an-insurrection/?utm_source=allsides&utm_id=112,Center
7,What the Trump Administration Should Do With Columbia’s $430 Million,"Was Columbia University president Katrina Armstrong lying when she committed to a series of ""decisive actions"" to combat anti-Semitism on campus, including ""immediately strengthening our processes for enforcement of rules on demonstrations, identification and masking""?
Or was she lying when she told Columbia faculty members, behind closed doors, that ""there is no change to masking and protests … no change.""",https://freebeacon.com/editorial/what-the-trump-administration-should-do-with-columbias-430-million/,Right
8,What Will You Do?,"Tonight I opened Instagram on my iPhone and the very first thing it showed me was a video of Rumeysa Ozturk, a Turkish doctoral student at Tufts University, being arrested by ICE. Ozturk was walking on a sidewalk when a plainclothes officer in a pulled-up hoodie approached, grabbing her wrists as a second officer quickly came to snatch the cell phone from her hands. The officers towered over Ozturk. In seconds, more swarmed in.
The final line of Shirley Jackson’s “The Lottery”: “‘It isn’t fair, it isn’t right,’ Mrs. Hutchinson screamed,...",https://www.thenation.com/article/activism/rumeysa-ozturk-kaveh-akbar/,Left
9,The great awakening,"On a Sunday morning in January, 20- and 30-somethings packed the chapel inside Temple Ohabei Shalom, a historic synagogue on the main thoroughfare of a quiet residential neighborhood near Boston. Stained-glass windows and stage lights cast a kaleidoscope of colors across the dimly lit space. The congregants were part of Grace City, a nondenominational church that began meeting in the synagogue last fall after outgrowing their previous meeting spot at a coworking space downtown. The church started in 2019 with just 50 people, but after Covid, attendance surged.
The service opened...",https://www.deseret.com/magazine/2025/03/27/pew-religion-report-shows-great-awakening/,Center
10,"Earthquake death toll in Myanmar, Thailand surpasses 150","A powerful earthquake has hit Myanmar and neighbouring Thailand, destroying buildings, damaging infrastructure and killing more than 150 people.
Myanmar’s state-run MRTV reported that at least 144 people were killed on Friday and 732 were injured in the country. The quake also hit Thailand, where at least nine people were killed in the capital, Bangkok, according to local authorities.",https://www.aljazeera.com/news/2025/3/28/powerful-earthquake-strikes-myanmar?traffic_source=KeepReading,Lean Left
11,San Francisco’s Promising Drug Policy Shift,"For more than two decades, “harm reduction” was official policy in San Francisco. As a formerly homeless heroin and fentanyl addict in recovery, I saw firsthand how this policy, which tried to make illegal drug use “safer,” devastated the city. In my six months on the street in 2018, I watched harm-reduction groups hand out free drug paraphernalia; in the years since, I’ve seen harm-reduction workers distribute crack and meth pipes—without telling users how to get treatment.
Newly elected mayor Daniel Lurie has decided to move the city away from this...",https://www.city-journal.org/article/san-francisco-mayor-daniel-lurie-drug-policy-homelessness,Right
12,"As protections expire, Ukrainians who escaped war face an uncertain future","Standing outside the Ukrainian American Community Center, Oleksii Chyrka's anxiety is increasing.
""We are uncertain; we have no idea what to do next,"" Chyrka tells NPR through a Ukrainian interpreter.
As soon as this week, things could drastically change for Chyrka who, along with his wife, and three kids, could lose his legal status in the U.S. after living here since 2023. That could also mean he will lose his work permit, and his jobs as a cabinet maker and FedEx driver.",https://www.npr.org/2025/03/28/nx-s1-5318049/as-protections-expire-ukrainians-war-uncertain-future-uniting-for-ukraine,Lean Left
13,Trump's 25% auto import tariffs: these are the most impacted manufacturers,"President Donald Trump's tariffs on automobiles and automobile parts are going to hit some automakers harder than others, particularly among those with a lower share of their U.S.-sold vehicles assembled outside the U.S.
For instance, Volvo, Mazda, Volkswagen and Hyundai Motor, which include the brands Genesis and Kia, imported at least 60% of their respective U.S. sales in 2024, according to S&P Global Mobility. 
Comparatively, Ford, Honda, Stellantis and General Motors have the most cars made in the U.S., the S&P Global Mobility report showed. 
Trump, who views tariffs as a...",https://www.foxbusiness.com/economy/trumps-25-auto-import-tariffs-most-impacted-manufacturers,Lean Right
14,"Utah bans fluoridation of public water, allows doctors to prescribe fluoride",,https://www.washingtontimes.com/news/2025/mar/28/utah-bans-fluoridation-public-water-allows-doctors-prescribe-fluoride/,Lean Right
15,Pam Bondi Aims To Revive a Moribund Legal Process for Restoring Gun Rights,"Although President Donald Trump has been entrusted with control of the nation's vast military might, including its nuclear weapons, he is not allowed to own a gun. He lost that right as a result of 34 state felony convictions involving falsification of business records. Whatever you think of the legally dubious case underlying those convictions, this situation makes no sense as a matter of public safety. It epitomizes the absurdly broad criteria that bar Americans from possessing firearms under federal law.
Attorney General Pam Bondi recently took an important step toward addressing the unjust,...",https://reason.com/2025/03/28/pam-bondi-aims-to-revive-a-moribund-legal-process-for-restoring-gun-rights/,Center
16,Appeals court rules Trump can fire board members of independent labor agencies,"An appeals court ruled Friday that President Donald Trump can fire two board members of independent agencies handling labor issues from their respective posts in the federal government.
A divided three-judge panel of the U.S. Court of Appeals for the District of Columbia Circuit agreed to lift orders blocking the Trump administration from removing Merit Systems Protection Board member Cathy Harris and National Labor Relations Board member Gwynne Wilcox.
On March 4, U.S. District Judge Rudolph Contreras ruled that Trump illegally tried to fire Harris. Two days later, U.S. District Judge Beryl Howell ruled...",https://apnews.com/article/trump-labor-boards-appeals-court-f6b238e0937857b950a5a87c98634383,Left
17,Trump says 'we can't' do without Greenland as Vance tours territory amid US takeover controversy,"Vice President J.D. Vance doubled down on the Trump administration's interest in acquiring Greenland on Friday while visiting the United States' Pituffik Space Base as President Donald Trump argued the U.S. ""can't"" do without the island.
Vance emphasized how Greenland is vital to U.S. national security while speaking to reporters Friday afternoon.
""Well, the president said we have to have Greenland. And I think that we do have to be more serious about the security of Greenland,"" he said. ""We can't just ignore this place. We can't just ignore the...",https://abcnews.go.com/Politics/jd-usha-vance-mike-waltz-visit-greenland-trump/story?id=120180601,Lean Left
18,Feds lost track of unaccompanied migrant children: DHS IG,"U.S. Immigration and Customs Enforcement officials are unable to effectively monitor more than 600,000 children who illegally crossed the southern border unaccompanied by a guardian since 2019, according to a new report from the Department of Homeland Security’s Office of Inspector General.
The report said that hundreds of thousands of unaccompanied migrant children entered the country and were transferred from ICE to the Department of Health and Human Services’ Office of Refugee Resettlement. Of those children, however, 233,000 have not yet been served notices to appear in immigration court by ICE as of...",https://www.newsnationnow.com/us-news/immigration/feds-lost-track-unaccompanied-migrant-children-dhs-ig/,Center
19,Vance tells Greenlanders they'd be better off being part of the United States,"Vice President Vance told the people of Greenland that they would be better off being part of the United States rather than Denmark in remarks during a visit to a U.S. military base in the Arctic territory on Friday.
President Trump has repeatedly expressed interest in acquiring the territory, sparking a sharp reaction from Greenland and Denmark.",https://www.npr.org/2025/03/28/nx-s1-5343555/vance-greenland-visit,Lean Left
20,Rapper Young Scooter Dies at Age 39 on His Birthday Following Hospitalization,"Young Scooter, the Atlanta rapper signed to Future and Waka Flocka Flame, has reportedly died on the same day as his birthday. He was 39. 
A 39-year-old man died after injuring his leg on a fence as he fled from police responding to a 911 call at a home on William Nye Drive on Friday, March 28, the Atlanta Police Department stated in a press conference. The man was transported to Grady Hospital, where he was pronounced dead. ",https://people.com/young-scooter-dead-rapper-39-hospitalization-11705565,Lean Left
21,North Carolina lawmakers hope to end Trump administration lawsuits,"President Donald Trump has worked to advance his agenda at lightning speed, but courts have halted those efforts after an avalanche of challenges to his actions. North Carolina Republicans are eyeing a way to stop Democrats from adding to the onslaught.
Democratic attorneys general have been one of the few forms of resistance to Trump’s various actions, spearheading many of the most prominent lawsuits against the executive branch. While Trump won North Carolina in the 2024 election, Democrats saw sweeping wins in other statewide offices — including in the attorney general’s office.",https://www.washingtonexaminer.com/news/campaigns/state/3361194/north-carolina-lawmaker-trump-administration-lawsuit/,Lean Right
22,"Fighting closes Pentagon City mall, police say","The Pentagon City shopping mall was shut down Saturday night after fights broke out, the Arlington police said.
Three juveniles were detained, police said about 8:30 p.m. One of the detained juveniles reported minor injuries. One officer and one mall security guard also reported minor injuries.
Videos posted on social media appeared to show a swirl of movement in and around the mall’s food court, as officers struggled with members of an unruly crowd.",https://www.washingtonpost.com/dc-md-va/2025/03/29/pentagon-city-mall-closed-fighting/,Lean Left
23,"Peter Marks, top US vaccine official, forced to resign","Top US vaccine official forced to resign, media reports say A top vaccine official at the US Food and Drug Administration (FDA) was forced out of his job, US media reports. Peter Marks offered his letter of resignation to Health and Human Services (HHS) officials on Friday after he was given a choice between resigning or being fired. ""It has become clear that truth and transparency are not desired by the Secretary, but rather he wishes subservient confirmation of his misinformation and lies,"" Mr Marks wrote in a resignation letter,...",https://bbc.com/news/articles/cn8r87z8vl0o,Center
24,Seattle city councilmember introduces resolution to acknowledge 'failure' of defund the police movement,"Seattle councilmember Rob Saka introduced a resolution to completely cut ties with any commitments to defund the police.
After the murder of unarmed Minneapolis resident George Floyd in 2020, the slogan and movement to ""Defund the Police"" swept the country. Yet in the wake of a reported rise in crime in multiple cities across the country, politicians, even in Democratic Party strongholds, have sought to distance themselves from the idea.",https://www.foxnews.com/media/seattle-city-councilmember-introduces-resolution-acknowledge-failure-defund-police-movement,Center
25,Wisconsin appeals court won’t stop Musk’s $1 million payments to voters after attorney general sues,"A Wisconsin appellate court denied the state Democratic attorney general’s request to stop billionaire Elon Musk from handing over $1 million checks to two voters at a rally planned for Sunday, just two days before a closely contested Supreme Court election.
The denial Saturday by the Wisconsin court of appeals is the latest twist in Musk’s deep involvement in the race, which has set a record for spending in a judicial election and has become a litmus test for the opening months of Donald Trump’s presidency. Trump and Musk are backing Waukesha County...",https://apnews.com/article/wisconsin-supreme-court-musk-million-dollar-checks-43fa79215e16c333a1079a86cb9aab08,Left
26,RFK Jr. Tells Governor to His Face He Needs to Lose 30 Pounds,"Health and Human Services (HHS) Secretary Robert F. Kennedy Jr. challenged West Virginia Governor Patrick Morrisey on Friday to lose 30 pounds and participate in a monthly ""public weigh-in.""
""I said to Governor Morrisey the first time I saw him, 'You look like you ate Governor Morrisey,'"" Kennedy quipped.",https://www.newsweek.com/rfk-jr-west-virginia-governor-patrick-morrisey-weight-2052287,Center
27,Deregulation in Argentina: Milei Takes “Deep Chainsaw” to Bureaucracy and Red Tape,"At the heart of Argentina’s chronically crisis-prone economy is a political system that encourages unconstrained public spending and overregulation in the extreme. It is the system set up by Juan Domingo Perón in the 1940s that strengthened in subsequent decades, and that President Javier Milei promised to cut down with a chainsaw and replace with classical-liberal policies of the kind that made his country one of the most prosperous in the world a century ago.",https://www.cato.org/free-society/spring-2025/deregulation-argentina-milei-takes-deep-chainsaw-bureaucracy-red-tape,Lean Right
28,Trump says he ‘couldn’t care less’ if foreign automakers raise prices due to tariffs,"President Donald Trump told NBC News in an interview Saturday that he would not fire anyone involved in the Signal group chat where military attack plans were inadvertently divulged to a journalist, and later added he “couldn’t care less” if automakers raised prices due to new tariffs.
In a phone interview that lasted more than 10 minutes, Trump also discussed his commitment to annexing Greenland and reiterated that a military option was not off the table.",https://www.nbcnews.com/politics/donald-trump/trump-says-couldnt-care-less-automakers-raise-prices-tariffs-rcna198731,Lean Left
0,Fox defense for negligent texting of war plans: Top Trump national security officials are incompetent,"Fox News personalities’ new argument in support of their former colleagues who discussed pending military strikes on an unsecured text chain is that those former colleagues — now America’s top military, national security, and intelligence officials — are easy to deceive.
On Monday, The Atlantic’s Jeffrey Goldberg revealed that former Fox host turned Defense Secretary Pete Hegseth had divulged “operational details of forthcoming strikes on Yemen” in a Signal group that included top officials like former Fox contributor and Director of National Intelligence Tulsi Gabbard, and Goldberg himself, who was apparently accidentally...",https://www.mediamatters.org/fox-news/fox-defense-negligent-texting-war-plans-top-trump-national-security-officials-are,Left
1,"PBS, NPR Cover Their Own Bosses, Downplay Ridiculous Bias Denial","PBS and NPR each faced the difficulty on Wednesday night of covering their own bosses taking tough questions from Republicans at the Capitol in a hearing on Wednesday. PBS actually aired a Republican citing us -- just as a ""conservative media watchdog group."" NPR didn't want to seriously engage in anything.
PBS correspondent William Brangham included plenty of Republican and Democrat soundbites from the hearing. He also aired PBS boss Paula Kerger claiming that the drag queen singing to children ""The Hips on the Drag Queen Go Swish Swish Swish""...",https://newsbusters.org/blogs/nb/tim-graham/2025/03/27/pbs-npr-cover-their-own-bosses-downplay-ridiculous-bias-denial,Right
2,Stop Litigation-Industrial Complex Anti-MAGA War,"On Monday, the Trump administration struck back at the legal-industrial complex's war against MAGA. President Donald Trump's Justice Department filed an emergency request asking the Supreme Court to take a stand on the ""epidemic"" of national injunctions that leftist district court judges are using to halt the Trump agenda.
Trump's lawyers said on Monday that only the Supreme Court can stop this ""power grab.""",https://www.newsmax.com/mccaughey/judges-litigation-presidential-authority/2025/03/27/id/1204568/,Right
3,Four lingering questions about Trump officials' Signal chat,"For the past 48 hours, top White House officials have faced questions from lawmakers and the press about how a journalist came to join a sensitive group chat for an upcoming military operation - and why President Donald Trump's national security team was sharing sensitive information in an unsecure manner.
The Atlantic first reported details of the group chat on the platform Signal after its editor in chief, Jeffrey Goldberg, was added to it. He followed the thread as top Trump administration officials discussed upcoming military strikes against the Houthis in Yemen.",https://www.bbc.com/news/articles/c5y41xdrxnyo,Center
4,"Trump's auto tariffs draw rebukes, concern from U.S. trading partners","Following President Trump's announcement of 25% tariffs on cars and car parts imported into the United States, America's trading partners around the world have roundly condemned the policy. Mr. Trump said the tariffs will take effect on April 2, fueling a boom — he promised — in American economic growth.
He said there would be a transition period before Americans reap the benefits of his tariffs-led foreign and economic policy, but for the myriad nations that sell automobiles and components to the U.S., the impacts could be rapid, and devastating.",https://www.cbsnews.com/news/trump-auto-tariffs-25-percent-rebuke-concern-us-trading-partners/,Lean Left
5,"Professional Advice to Trump Administration: ‘Tell It Early, Tell It All, Tell It Yourself’","That advice – about telling the truth early, all, and yourself – has been my core strategy as a lawyer who specializes in crisis management and media communications strategy. It is the subtitle of a book I wrote 20 years ago. Pete Hegseth, for one, could ask his former Fox News Channel colleague, Sean Hannity, who often introduced me when I was a guest on his show as the “Tell it early, all, yourself” crisis management expert.
I have followed this strategy for the past 30 years to help clients –...",https://www.realclearpolitics.com/articles/2025/03/27/professional_advice_to_trump_administration_tell_it_early_tell_it_all_tell_it_yourself.html,Lean Right
6,Trump administration is pointing spy satellites at US border,"The Trump administration has directed two intelligence agencies to train their satellite surveillance capabilities on the U.S.-Mexico border region as part of a sweeping crackdown on illegal immigration and drug cartels.
The National Geospatial-Intelligence Agency (NGA) and the National Reconnaissance Office (NRO), which are part of the Department of Defense, oversee spy satellites and analyze imagery for the Pentagon and other intelligence organizations.",https://www.reuters.com/world/us/trump-administration-directs-spy-satellite-agencies-surveil-us-mexico-border-2025-03-27/,Center
7,Incompetent or Evil: A False Dichotomy,"The amount of damage the second Trump administration has already done on many fronts, from foreign policy to public health to America’s economic prospects, both for the months ahead and in the long run, is astonishing. And they’re just getting started.
But whenever I talk with other people about one of these disasters, I find them arguing about how to think about what’s happening. ",https://paulkrugman.substack.com/p/incompetent-or-evil-a-false-dichotomy?utm_campaign=post&utm_medium=web&triedRedirect=true,Left
8,The Liberal Media Is SIGNALing a lot of Bullcrap Right Now,"Only liberal America could be more upset over an encrypted messenger app slip-up than a shambolic exit from Afghanistan that got Americans killed. Democrats think they smell blood in the water, as the media-manufactured fallout from the leaked Signal chat story continues to make the Left all giddy over nothing. 
National Security Adviser Michael Waltz set up a chat with top officials, including Secretary of Defense Pete Hegseth, about anti-Houthi operations and accidentally added notorious anti-Trump fake news writer Jeffrey Goldberg. The editor-in-chief of The Atlantic claimed top-secret war plans...",https://townhall.com/columnists/mattvespa/2025/03/28/the-liberal-media-is-signaling-a-lot-of-bullcrap-signals-right-now-n2654629,Right
9,GOP lawmakers warn against federal records destruction in Signal chats,"Republican senators are warning that any conversation taking place between senior Trump administration officials over the commercial app, Signal, needs to be preserved to determine whether classified information was compromised and to comply with the Federal Records Act.
Senate Armed Services Committee Chairman Roger Wicker (R-Miss.) says he’s working on a letter with Sen. Jack Reed (D-R.I.), the ranking member of the Armed Services Committee, instructing the Trump administration to preserve all the records related to a Signal chat among senior officials about a military strike on Houthi rebels.
“We’re working on a different...",https://thehill.com/homenews/senate/5218725-trump-administration-signal-controversy/,Center
10,"‘If We Don’t Get Our S--t Together, Then We Are Going to Be in a Permanent Minority’","Days after President Donald Trump took office for the second time, a boatload of candidates vying to lead the Democratic National Committee crammed into a Washington auditorium plastered with MSNBC logos.
This was their last big forum before the vote to make the case that they had what it took to rescue their party from irrelevance.
The moderators called on a little-known contender, Quintessa Hathaway, to deliver the first opening statement. “I just want to give you all a little bit of something that’s been on my heart,” she told...",https://www.politico.com/news/magazine/2025/03/28/2024-election-democrats-kamala-harris-00230631,Lean Left
11,Tariffs Are Bad News for U.S. Automakers,"Who knows what is best for a business? Its owners or the government? Since the Trump administration announced plans to impose a 25 percent tariff on imports of autos and auto parts into the U.S., the stocks of GM, Ford, and Stellantis have all fallen. Tellingly, Stellantis (which includes Chrysler in a portfolio of carmakers, including Fiat, Peugeot, and others) was down by the least, perhaps because investors believe the tariffs would end up hurting the big, traditional American automakers the most. Tesla’s stock was up slightly. The cars Tesla sells in the...",https://www.nationalreview.com/2025/03/tariffs-are-bad-news-for-u-s-automakers/,Lean Right
12,Posts Make Unsupported Claims About Origin of Texas Measles Outbreak,"In 2000, following widespread vaccination, the U.S. eliminated measles, a highly contagious disease that can cause serious health complications. With elimination, measles no longer circulates regularly in the country, but outbreaks still occur when travelers are infected abroad and then encounter pockets of susceptible people. Most often, the travelers are unvaccinated and returning to the U.S.
The measles vaccine, which is administered in two doses as part of the measles, mumps and rubella, or MMR, vaccine, is safe and highly effective. To generate robust protection, the vaccine uses a live but weakened version of the measles virus. There’s no...",https://www.factcheck.org/2025/03/posts-make-unsupported-claims-about-origin-of-texas-measles-outbreak/,Lean Left
13,Donald Trump moves to end union rights for many government agency employees – US politics live,"We start with news that president Donald Trump has signed an executive order limiting numerous federal workers from unionising and ordering the government to stop engaging in any collective bargaining.
A memo from the Office of Personnel Management (OPM) references an order from Trump but also provides a fact sheet, setting out the rationale for such a move, The Hill reports.
It reads: “President Trump is taking action to ensure that agencies vital to national security can execute their missions without delay and protect the American people.”",https://www.theguardian.com/us-news/live/2025/mar/28/donald-trump-white-house-washington-latest-live-us-politics-news,Left
14,Netanyahu Calls Antisemitism a Global Disease as U.S. Battles Houthi Missile Threats,"Israeli Prime Minister Benjamin Netanyahu on Thursday called antisemitism a global ""disease"" affecting the world, including on U.S. campuses, which Congress is working to combat. The U.S. is also targeting the Iranian-backed Houthis in Yemen as they continue launching missiles at Israel.
Israelis ran for cover Thursday afternoon as two more missiles were fired from Yemen in the middle of the day targeting Jerusalem and central Israel. Interceptors shot both of them down.
The U.S. continues to urge Israel not to strike back at the Houthis, instead allowing American forces to respond. For two weeks, the U.S....",https://cbn.com/news/israel/netanyahu-calls-antisemitism-global-disease-us-battles-houthi-missile-threats,Right
15,Ukraine says mineral deal not final; summary shows US demands more income,"The terms of a mineral deal between Ukraine and the U.S. have not yet been finalised, Ukrainian officials said on Friday, after a summary of Washington's latest offer suggested it was demanding all of Ukraine's natural resources income for years.
The latest U.S. proposal would require Kyiv to send Washington all profit from a fund controlling Ukrainian resources until Ukraine had repaid all American wartime aid, plus interest, according to the summary, reviewed by Reuters.
Ukrainian Deputy Prime Minister Yulia Svyrydenko told lawmakers that Kyiv would issue its position on the new...",https://www.reuters.com/world/europe/putin-suggests-temporary-administration-ukraine-end-war-2025-03-28/,Center
16,Trump executive order seeks to 'restore' American history through Smithsonian overhaul,"President Donald Trump signed an executive order on Thursday directing Vice President JD Vance to eliminate ""divisive race-centered ideology"" from Smithsonian museums, educational and research centers, and the National Zoo.
Titled ""Restoring Truth and Sanity to American History,"" the order states, ""Once widely respected as a symbol of American excellence and a global icon of cultural achievement, the Smithsonian Institution has, in recent years, come under the influence of a divisive, race-centered ideology. This shift has promoted narratives that portray American and Western values as inherently harmful and oppressive."" It...",https://www.npr.org/2025/03/27/nx-s1-5342914/smithsonian-president-trump-executive-order,Lean Left
0,Appeals court denies DOJ bid to block return of Kilmar Abrego Garcia from El Salvador prison,"A federal appeals court on Thursday denied the Trump administration's emergency request to block a judge’s order requiring the U.S. government to return Kilmar Abrego Garcia, an illegal immigrant from El Salvador with a violent criminal history and alleged gang ties, who was deported to the El Salvadoran mega prison ""Terrorism Confinement Center"" (CECOT) last month.
The ruling allows the lower court’s order to move forward for now.
The case involves Abrego Garcia, a ""Maryland man"" who was deported but whose return was ordered by a district judge after a recent...",https://www.foxnews.com/politics/appeals-court-denies-doj-bid-block-return-kilmar-abrego-garcia-el-salvador-prison.amp,Right
1,NATO Ally's 'Invisible' Weapon Takes Down Drone Swarms for First Time,"British soldiers have successfully trialed a new radio frequency directed energy weapon (RFDEW) designed to take out incoming attacks involving large numbers of drones, the U.K. government has said.
Why It Matters
The world has watched on as the rapid pace of drone development quickly came to define the war in Ukraine, changing how modern militaries would fight wars going forward.
As drone technologies matures, so too do counter-drone systems and techniques designed to knock uncrewed aerial vehicles (UAVs) from the skies.",https://www.newsweek.com/drones-radio-wave-directed-energy-weapon-test-uk-defense-ministry-swarm-tactics-ukraine-2060467,Center
2,American doctor receives email from immigration officials telling her to leave the country immediately,"A doctor born in the United States says she received an email from federal immigration authorities demanding that she leave the country immediately.
Lisa Anderson, a physician from Cromwell, Connecticut, told NBC Connecticut on Wednesday that she recently received a letter from the Department of Homeland Security telling her, “It is time for you to leave the United States.""
Immigration authorities have been pushing noncitizens to leave of their own volition, or “self-deport,” as the number of deportations remains at similar levels to last year.
But Anderson, 58, was born in Pennsylvania and...",https://www.nbcnews.com/news/amp/rcna201698,Lean Left
3,"Trump hints end of tariff spat with China may be in sight, says TikTok deal must wait","President Donald Trump hinted Thursday evening that there is a potential end in sight to the back-and-forth tariff hikes between the U.S. and China as well as a possible deal on the horizon for the fate of TikTok.
When speaking with reporters at the White House, Trump said officials believed to be representing the Chinese leader, Xi Jinping, had sought to start talks.",https://www.foxbusiness.com/politics/trump-hints-end-tariff-spat-china-may-sight-says-tiktok-deal-must-wait,Lean Right
4,Is Trump’s immigration clampdown working?,"Donald Trump has been back in office for less than three months, and already the immigration landscape has shifted dramatically. According to a March report from the New York Post, Immigration and Customs Enforcement (ICE) has arrested more than 113,000 immigrants and deported over 100,000 since 20 January — nearly 1,430 per day. The message is simple: leave now, or face removal with jail time.
That’s a staggering reversal from the Joe Biden years, when enforcement all but collapsed. From October 2022 through September 2024, the ICE deported just 313,630 illegal immigrants, averaging only 287...",https://unherd.com/newsroom/is-trumps-immigration-clampdown-working/,Center
5,Musk’s Unsupported Claim to Have Unveiled Massive Illegal Voting by Noncitizens,"Elon Musk and the Department of Government Efficiency he leads claim to have unearthed evidence to prove a longstanding conspiracy theory about Democrats orchestrating illegal voting by noncitizens on a scale large enough to swing national elections in their favor. But voting experts say the claims are highly dubious, and DOGE hasn’t released any evidence.
The allegation is pretty straightforward — but DOGE’s data may not be telling the whole story. Antonio Gracias, a private equity investor who is working with DOGE, said the DOGE team matched Social Security numbers...",https://www.factcheck.org/2025/04/musks-unsupported-claim-to-have-unveiled-massive-illegal-voting-by-noncitizens/,Lean Left
6,Sneak attack: How biased Wikipedia twisted the truth about JD Vance,"Wikipedia has become a powerful weapon in the left’s political arsenal. Initially launched to democratize access to information, it has debased itself through partisanship.
No longer a straightforward source of facts, Wikipedia today is pure left-wing propaganda — and its intense campaign against Vice President JD Vance is just the latest example of its bias.
The Media Research Center’s Free Speech America division has previously reported how Wikipedia’s editors aggressively deployed the platform against nearly all of President Donald Trump’s high-level Cabinet nominees, including now-Defense Secretary Pete Hegseth and FBI Director Kash Patel,...",https://nypost.com/2025/04/17/opinion/how-bias-wikipedia-twisted-the-truth-about-jd-vance/,Lean Right
7,Robert F. Kennedy Jr.’s Claims About Fluoride and IQ Are Unfounded,"During President Donald Trump’s televised Cabinet meeting on April 10, Department of Health and Human Services (HHS) Secretary Robert F. Kennedy said that scientific research indicates that exposure to fluoride, a common mineral that helps prevent tooth decay, is associated with IQ loss in children. 
“We are working at HHS to advance your agenda to make America healthy again,” Kennedy told Trump at the meeting. “I’m working with [Environmental Protection Agency Administrator] Lee Zeldin on—to reassess the fluoride rules based upon the August release by the National Toxicity Program of new science that shows...",https://thedispatch.com/article/robert-f-kennedy-jr-s-claims-about-fluoride-and-iq-are-unfounded/,Center
8,Judge blocks administration from deporting noncitizens to 3rd countries without due process,"A federal judge on Friday blocked the Trump administration from deporting noncitizens to countries other than their place of origin without due process.
U.S. District Judge Brian Murphy issued an injunction that bars the Trump administration from deporting any noncitizen to a country not explicitly mentioned in their order or removal without first allowing them to raise concerns about their safety.",https://abcnews.go.com/US/judge-blocks-administration-deporting-noncitizens-3rd-countries-due/story?id=120951918,Lean Left
9,Hegseth and Noem Decide on Insurrection Act Guidance for Trump: Report,"Defense Secretary Pete Hegseth and Homeland Security Secretary Kristi Noem are not planning to recommend that President Donald Trump invoke the Insurrection Act to address conditions at the southern border, multiple U.S. officials told CNN.
Newsweek has reached out to the Department of Homeland Security (DHS) via email on Friday afternoon for comment.",https://www.newsweek.com/hegseth-noem-decide-insurrection-act-guidance-trump-report-2061659,Center
10,Supreme Court blocks new deportations of Venezuelans in Texas under 18th century Alien Enemies Act,"The U.S. Supreme Court issued a ruling early Saturday morning blocking, at least for now, the deportations of any Venezuelans held in northern Texas under an 18th century wartime law.
The justices instructed the Trump administration not to remove Venezuelans held in Texas' Bluebonnet Detention Center ""until further order of this court.""",https://www.foxnews.com/politics/supreme-court-blocks-new-deportations-venezuelans-texas-under-18th-century-alien-enemies-act,Right
11,"Sean 'Diddy' Combs appears in court, loses bid to delay sex-crimes trial","The federal government's sex-crimes case against Sean ""Diddy"" Combs will soon be underway, underscoring an urgent push to hold one of the music industry's most prominent figures accountable.
U.S. District Judge Arun Subramanian ruled Friday against Combs' defense team's request to push back the start of his federal trial. At a roughly two-hour hearing April 18, Combs was seen smiling and waving to a few people as he exited the courtroom, including his mother, after a more emotionally subdued hearing than a previous one in March. ",https://www.usatoday.com/story/entertainment/celebrities/2025/04/18/diddy-news-court-appearance-sean-combs/83117030007/,Lean Left
0,Newsom and Walz have revealing conversation about Democrats’ future,"A quirky podcast conversation between Govs. Gavin Newsom (D-CA) and Tim Walz (D-MN) revealed an important divide within the Democratic Party as it seeks to regain power.
Newsom kept urging Democrats to find ways to win back the voters they lost to President Donald Trump and the Republicans. Walz, the unsuccessful 2024 Democratic nominee for vice president, suggested the party find new ways to fight Trump and his allies.
It’s one of the most important debates taking place among Democrats after they lost the White House and the Senate last year. Their House majority was wiped away in the 2022 midterm elections....",https://www.washingtonexaminer.com/news/entertainment/3355384/newsom-walz-revealing-conversation-democrat-future-podcast/,Lean Right
1,"George Foreman, the fearsome heavyweight who became a beloved champion, dies at 76","George Foreman became the heavyweight champion of the world in his 20s, only to lose his belt to Muhammad Ali in perhaps the most memorable fight in boxing history.
A full 20 years later in 1994, the 45-year-old Foreman became the oldest man to win the heavyweight championship, throwing one perfect combination to steal Michael Moorer’s title in an epic upset.",https://apnews.com/article/george-foreman-obituary-boxing-891330d63b5b0eb7b62ec98e0c730fef,Left
2,"George Foreman, American boxing legend and entrepreneur, dead at 76","George Foreman, heavyweight boxing icon and business entrepreneur, died on Friday night.
He was 76 years old.
The International Boxing Hall of Famer’s family announced the news on his Instagram page.",https://nypost.com/2025/03/21/sports/george-foreman-american-boxing-legend-and-entrepreneur-dead-at-76/,Lean Right
3,Trump rescinds order targeting law firm after it makes $40m promise,"President Donald Trump has rescinded an executive order targeting a prestigious international law firm after it promised to abandon diversity policies and provide $40m (£31m) worth of free legal work to support White House initiatives.
Paul, Weiss, Rifkind, Wharton & Garrison LLP is a multinational law firm headquartered in New York that has many high-profile clients.",https://www.bbc.com/news/articles/c2d4kex0w2ro,Center
0,Trump’s Cuts Are Unmaking American Greatness,"The losses we now face as Americans are dizzying and hard to even track, much less emotionally process — so much so that it’s easy to lose track of what’s at stake in the fight with oligarchs Elon Musk and Donald Trump: some of the greatest working-class achievements of the twentieth century.
Oddly for someone currently laying waste to those achievements, Trump has an instinctive grasp of how much they matter. In his quasi-State of the Union address several weeks ago, rhapsodizing eloquently about the wonders of America, he singled...",https://jacobin.com/2025/03/trump-musk-cuts-american-greatness,Left
1,Trump's Attack on the Courts Channels the Worst of Theodore Roosevelt,"Theodore Roosevelt hated the idea of unelected judges stopping him and his allies in the Progressive movement from wielding government power as they saw fit. So Roosevelt advocated stripping the courts of their independence by subjecting both judges and judicial decisions to recall by popular vote.
""When a judge decides a constitutional question,"" Roosevelt argued in 1912, ""the people should have the right to recall that decision if they think it is wrong."" It must be ""made much easier than it now is to get rid, not merely of a bad...",https://reason.com/2025/03/25/trumps-attack-on-the-courts-channels-the-worst-of-theodore-roosevelt/,Center
2,World Athletics federation announces mandatory gender testing for female athletes: 'Absolutely the way to go',"The governing body said cheek or 'dry blood tests' would likely be the type of testing used.
World Athletics announced it will begin mandatory gender testing for female athletes in order to protect the integrity of women's sports.
The organization formerly known as the International Association of Athletics Federations revealed at a press conference that after a comprehensive review, it was ready to move forward with gender tests in order to ensure female athletes at their events are indeed female.",https://www.theblaze.com/fearless/world-athletics-association-gender-testing,Right
3,Dollar Tree to Sell Family Dollar Business for $1 Billion,"Dollar Tree agreed to a sale of its Family Dollar business to a consortium of private-equity investors for roughly $1 billion, in a bid to unlock value and continue on its turnaround plans under fresh leadership. 
The details
The discount-retail chain is set to be acquired by Brigade Capital Management and Macellum Capital Management, the company announced Wednesday, confirming an earlier report from The Wall Street Journal.",https://www.wsj.com/business/retail/dollar-tree-to-sell-family-dollar-business-for-1-billion-eb3e6aa4,Center
4,Fact Check Team: Understanding President Trump's education overhaul and budget cuts,"Concerns and questions are mounting following President Donald Trump's signing of an executive order to begin dismantling the Department of Education and shift control to the states. While the order initiates the process, it would take an act of Congress to completely shut the department down.
""I agree with President Trump that the Department of Education has failed its mission. Since the Department can only be shut down with Congressional approval, I will support the President’s goals by submitting legislation to accomplish this as soon as possible,"" Senator Bill Cassidy, R-La., posted Thursday...",https://thenationaldesk.com/top-videos/understanding-president-trump-education-overhaul-and-budget-cuts-doe-linda-mcmahon-school-lunch-sba-student-loans,Right
5,Trump takes credit for a boost in military recruiting started under Biden,"“We have had record people wanting to join our military in the last 2½ months literally since this — I think probably since the election November 5th. But especially since we came to office and since I announced Pete. He’s young, he’s smart, he’s strong, he loves it, and they love him. But we’ve had record numbers of people wanting to join our military. Now if you go back six months, it was the exact opposite. You had record numbers of people not wanting to join the military. Now you...",https://www.washingtonpost.com/politics/2025/03/26/trump-military-recruiting-fact-checker/,Lean Left
6,Los Angeles Considers Requiring Businesses to Report ICE Activity,"Council members also proposed mandating companies inform workers of their rights amid increased immigration enforcement. LOS ANGELES—The City Council approved a package of motions Wednesday aimed at protecting legal and illegal immigrants in Los Angeles amid a federal crackdown on illegal immigration and threats to so-called sanctuary cities. In a 10–0 vote, council members instructed staff to report back on policies that would require businesses to notify the city of all Immigration and Customs Enforcement (ICE) activity, as well as to inform workers of their rights ahead of potential raids....",https://theepochtimes.com/us/los-angeles-considers-requiring-businesses-to-report-ice-activity-5831859,Lean Right
7,What deportation ruling means for Donald Trump's immigration plans,"Based on facts, either observed and verified firsthand by the reporter, or reported and verified from knowledgeable sources. A federal appeals court panel denied President Donald Trump's request to have a restraining order overturned Wednesday, which stopped his administration from deporting suspected Venezuelan gang members without a court hearing. The appeals court ruling doesn't completely stop Trump's ability to deport people, he just can't use the Alien Enemy's Act (AEA) as the justification with regards to the plaintiffs listed in the case. The restraining order is also only in place...",https://newsweek.com/donald-trump-deportation-ruling-immigration-tren-de-aragua-2049662,Center
8,Texas students sued to keep their drag show on campus. They won.,"Sophia Ahmed delivered the news on Monday with a two-word message in all capital letters: “WE WON.” A court had ruled that the annual, on-campus drag show she and classmates at Texas A&M University had organized could still happen this Thursday. Since May, the students had booked a theater, selected performers and started selling tickets — plans the university system interrupted last month by banning drag events on its campuses, citing President Donald Trump’s “Day 1” executive order on gender ideology. Blocking the show “because it offends some members of...",https://washingtonpost.com/nation/2025/03/26/texas-university-drag-show,Lean Left
9,Democrats take GOP-held seat in Pennsylvania election,"Democrats flipped a Republican seat in Pennsylvania’s state Senate, continuing their run of overperformances in special elections. James Malone, a mayor in the Lancaster County district that was vacated by Sen. Dave McCormick’s new chief of staff, narrowly beat a Republican county commissioner; the same district had voted for Donald Trump by 15 points last year.",https://www.semafor.com/article/03/25/2025/democrats-take-gop-held-seat-in-pennsylvania-election,Lean Left
10,EU Commission urges stockpiling of emergency supplies,"The European Commission said on Wednesday that Europe should enhance stockpiling of critical equipment and encourage the public to maintain sufficient supplies for at least 72 hours in case of emergencies.
The Commission said in its new EU Preparedness Union Strategy that the bloc is preparing for risks such as natural disasters, cyberattacks and geopolitical crises including the possibility of armed aggression against EU countries.",https://www.reuters.com/world/europe/eu-commission-urges-stockpiling-emergency-supplies-2025-03-26/,Center
11,Kristi Noem tours El Salvador’s hell-hole CECOT prison ahead of negotiations for more gangbanger deportation flights,"US Homeland Security Secretary Kristi Noem arrived in El Salvador Wednesday to tour the notoriously hellish prison housing alleged gang members deported by the Trump administration — and she’s expected to ask the Central American country’s president to make more room.
Noem, 53, arrived at the Terrorism Confinement Center (CECOT), where 250 suspected Tren de Aragua and MS-13 gang members were shipped from the US by President Trump earlier this month.
They joined 15,000 inmates already held at the infamous lockup — which is known for deliberately dehumanizing conditions intended to serve as the...",https://nypost.com/2025/03/26/us-news/kristi-noem-tours-el-salvadors-hell-hole-cecot-prison-ahead-of-negotiations-for-more-gangbanger-deportation-flights/,Lean Right
12,"Vehicle Carrying 4 U.S. Soldiers Is Found in a Lithuanian Swamp, Officials Say","A heavy vehicle that was carrying four U.S. Army soldiers has been found submerged in a swamp in Lithuania, a day after the soldiers disappeared while on a training mission, the U.S. military said on Wednesday.
The vehicle was discovered after a search by the U.S. Army, the Lithuanian military and other Lithuanian authorities, the U.S. military said in a statement. The soldiers have not been found.",https://www.nytimes.com/2025/03/26/world/europe/us-army-soldiers-missing-lithuania.html,Lean Left
13,"FBI Confirms Chrome, Edge, Safari Warning—Stop Using These Websites","The raft of recent FBI warnings hitting smartphone and computer users should not be a surprise. The threat landscape is rapidly worsening, whether from Chinese hackers penetrating U.S. networks or unpaid toll scams spiraling out of control. And much more dangerous AI-fueled attacks will soon turn all this up to eleven.
As I reported last week, the bureau is now warning website users to beware “a scam involving free online document converter tools,” with criminals using “converter tools to load malware onto victims’ computers, leading to incidents such as ransomware.”",https://www.forbes.com/sites/zakdoffman/2025/03/27/fbi-warns-chrome-edge-safari-users-check-this-to-stop-attacks/,Center
14,House Judiciary Chair Jim Jordan lays out sweeping agenda for judicial reform,"As President Donald Trump faces stiff challenges from federal judges across the country, House Judiciary Committee Chairman Jim Jordan, R-Ohio, is laying out a sweeping agenda for judicial reform to rein in judges that he says are being overtly political.",https://justthenews.com/government/congress/house-judiciary-chair-jim-jordan-lays-out-sweeping-agenda-judicial-reform,Lean Right
15,Trump Admin Needs to Reverse Biden Wokeness and Weaponization,"The weaponization of government was probably the hallmark of the administration of Joe Biden. OK, the weaponization of government and senile, incoherent ramblings were the hallmarks. While the senile ramblings are gone, the infrastructure of that weaponization remains fully entrenched in agencies across the federal government. President Donald Trump needs to remove any and everyone involved in the effort to not only use the power of government against him for political purposes, but against any American.
Weaponization of government is more than just filing bogus charges or creating new laws...",https://townhall.com/columnists/derekhunter/2025/03/27/government-needs-to-root-out-wokeness-all-the-way-down-to-the-root-n2654509,Right
16,Viral Posts Share Phony ‘Leaked’ Audio of Vance Criticizing Musk,"In an interview with NBC News aboard Air Force Two on March 14, Vice President JD Vance said that White House adviser Elon Musk has made “mistakes” in his role with the Department of Government Efficiency, or DOGE, which has been tasked with reducing the federal workforce and government spending.
“Elon himself has said that sometimes you do something, you make a mistake, and then you undo the mistake. I’m accepting of mistakes,” Vance told NBC News. “I also think you have to quickly correct those mistakes,” the vice president said.
More recently,...",https://www.factcheck.org/2025/03/viral-posts-share-phony-leaked-audio-of-vance-criticizing-musk/,Lean Left
17,Democrats concede they have no alternative to Chuck Schumer for now,"Chuck Schumer is bruised but not beaten — at least not yet.
Two weeks after the Senate minority leader joined with Republicans to prevent a government shutdown, Democrats are still fuming over how he handled the standoff. But many in the party are conceding that they’re stuck with him for the time being.
With no obvious alternative to Schumer emerging nor any appetite among the vast majority of Senate Democrats for a messy leadership contest, lawmakers are indicating they are falling in behind the New Yorker and hoping for the best...",https://www.politico.com/news/2025/03/27/democrats-chuck-schumer-alternative-00252292,Lean Left
18,"HHS to cut 10,000 jobs, consolidate departments","Health and Human Services Secretary Robert F. Kennedy Jr. announced a major overhaul Thursday that will eliminate 10,000 full-time employees from his department.
Mr. Kennedy also said HHS will consolidate 28 divisions into 15, including a new Administration for a Healthy America, and it will cut the number of regional offices from 10 to five.
The restructuring will leave popular insurance programs such as Medicaid and Medicare intact, the secretary said, while reorienting agency missions toward ending chronic illness and eradicating environmental toxins.",https://www.washingtontimes.com/news/2025/mar/27/hhs-cut-10000-jobs-consolidate-departments/,Lean Right
19,"Germany leads defiance to Trump car tariffs, saying it 'will not give in'","Germany has said it ""will not give in"" and that Europe must ""respond firmly"" as US President Donald Trump targets imported cars and car parts with a 25% tax in his latest tariffs.
Other major world economies have vowed to retaliate, with France branding the move ""very bad news"", Canada calling it a ""direct attack"", and China accusing Washington of violating international trade rules.
Early on Thursday, shares in Frankfurt for Porsche, Mercedes and BMW fell sharply alongside French firm Stellantis, the maker of Jeep, Peugeot and Fiat.
Trump has...",https://www.bbc.com/news/articles/cy4vjwzv22eo,Center
20,"RFK Jr plans 10,000 job cuts in restructuring of US health department","The US health secretary, Robert F Kennedy Jr has announced he intends to slash the size of the department he leads by a huge fraction – around 10,000 jobs out of the 82,000 full time workforce.
Kennedy announced on Thursday that he also plans to close some regional offices.
The restructuring, along with previous voluntary departures, will result in a total downsizing to 62,000.
“We aren’t just reducing bureaucratic sprawl. We are realigning the organization with its core mission and our new priorities in reversing the chronic disease epidemic,” Kennedy said.
The...",https://www.theguardian.com/us-news/2025/mar/27/rfk-jr-health-department-cuts,Left
21,Trump REVOKES security clearances from leading deep state operatives,"In another move toward making America great again, President Donald Trump has stripped top security clearance from several prominent Democrat and deep state operatives, including Hillary Clinton and Joe and Hunter Biden.
“There are people who would say that President Trump’s just being vengeful and mean to Joe Biden,” Sara Gonzales of “Sara Gonzales Unfiltered” comments. “Actually Joe Biden did it to him first, because if you recall back in February of 2021, Joe Biden revoked Trump’s security clearances for what he called ‘erratic behavior.’”
“Because, you know, you look at Joe...",https://www.theblaze.com/shows/sara-gonzales-unfiltered/trump-revokes-security-clearances,Right
22,GOP lawmakers turn up the pressure on Hegseth,"Secretary of Defense Pete Hegseth is under close scrutiny as Republican lawmakers criticize his handling of sensitive military information in a group chat with other administration officials that inadvertently included a journalist.
Republican lawmakers have stopped short of calling on Hegseth to resign, but they’re warning that his decision to share sensitive details about a pending military strike against Houthi rebels in Yemen over Signal, a commercial app, is a clear “strike” against him.
“I think they should make sure it never happens again. I wish they’d tell us, ‘It will never...",https://thehill.com/homenews/senate/5216365-hegseth-scrutiny-republican-lawmakers/,Center
23,"HHS cuts 10,000 employees in major overhaul of health agencies","The US Department of Health and Human Services announced Thursday it is cutting 10,000 full-time employees across health agencies, the department told CNN.
This comes on top of 10,000 employees who’ve left voluntarily, shrinking the workforce from about 82,000 full-time employees to 62,000.
The cuts were first reported by The Wall Street Journal.
In its announcement, HHS said it will consolidate from 28 to 15 divisions, including a new Administration for a Healthy America, and will reduce regional offices from 10 to five. The workforce reduction will save $1.8 billion per...",https://www.cnn.com/2025/03/27/health/hhs-rfk-job-cuts/index.html,Lean Left
24,University of Alabama PhD student detained by federal immigration officials,"A doctoral student from the University of Alabama has been detained by federal immigration authorities, according to the school.
Alireza Doroudi, an Iranian national studying mechanical engineering, was taken into custody by US Immigration and Customs Enforcement (ICE) officers at his off-campus home in Tuscaloosa around 5 a.m. Tuesday, UA’s student paper The Crimson White reported.
University officials confirmed that a graduate student had been detained by federal immigration authorities, but did not confirm the identity, citing privacy reasons.",https://nypost.com/2025/03/27/us-news/university-of-alabama-phd-student-detained-by-federal-immigration-officials/,Lean Right
25,Trump admin cancels over $12B in health care grants,"The Trump administration is canceling billions of dollars in grant funding to state and local health departments without warning, throwing their programs into disarray.
Why it matters: The move casts doubt on states' ability to continue substance use disorder support programs and prevent emerging infectious diseases, among other efforts.
In Virginia, the state health department has already begun laying off staff as a result of the funding cuts.",https://www.axios.com/2025/03/27/trump-admin-cancels-state-health-care-grants,Lean Left
26,Taxpayers Spent Billions Covering the Same Medicaid Patients Twice,"Health insurers got double-paid by the Medicaid system for the coverage of hundreds of thousands of patients across the country, costing taxpayers billions of dollars in extra payments.
The insurers, which are paid by state and federal governments to cover low-income Medicaid recipients, collected at least $4.3 billion over three years for patients who were enrolled—and paid for—in other states, a Wall Street Journal analysis of Medicaid data found. ",https://www.wsj.com/health/healthcare/medicaid-double-payments-insurers-states-1c091b41,Center
27,NPR’s President Claimed With A Straight Face Her Outlet Wasn’t Biased. Here’s 5 Times NPR Was Shamelessly Political,"Despite years of flip flopping on their own reports, National Public Radio (NPR) CEO Katherine Maher told Congressional lawmakers Wednesday — without hesitation — that the outlet is a “nonpartisan organization” free from political bias.
Maher testified before the House Oversight Subcommittee regarding NPR’s government funding, working alongside the Department of Government Efficiency (DOGE) to address wasteful spending. When pressed by Republican Ohio Rep. Jim Jordan on whether she believed the outlet was biased, Maher denied ever seeing political bias influence editorial decisions, insisting NPR has remained “nonpartisan.”",https://dailycaller.com/2025/03/26/npr-katherine-maher-political-bias-nonpartisan-congress/,Right
28,Trump administration says 'top MS-13 national leader' arrested,"The U.S. has arrested a top MS-13 gang member, according to a post on X by Attorney General Pam Bondi.
""I'm proud to announce that early this morning our brave law enforcement officers conducted a successful operation that captured a top MS-13 national leader,"" Bondi posted. ""DOJ will not rest until we make America safe again.""",https://abcnews.go.com/US/trump-administration-top-ms-13-national-leader-arrested/story?id=120211143,Lean Left
29,60% of Republicans think the Trump administration's military leak is a very or somewhat serious problem,"The Trump administration is currently facing questions about a story published Monday by a journalist at The Atlantic, who wrote that he had inadvertently been added to an unsecured group Signal message between high-ranking officials — including Vice President JD Vance and Defense Secretary Pete Hegseth — discussing plans for an upcoming military strike in Yemen.",https://today.yougov.com/politics/articles/51888-republicans-think-the-trump-administrations-military-leak-is-problem,Center
30,Judge to hear arguments against pro-Palestinian activist Mahmoud Khalil,"The Trump administration on Thursday will make its case to deport pro-Palestine activist and recent Columbia University graduate Mahmoud Khalil.
During a Thursday morning hearing, the federal government is expected to expand on its newest accusations against Khalil, who was arrested earlier this month and taken to an Immigrations and Customs Enforcement detention center.
Khalil holds legal permanent resident status in the United States.",https://www.newsnationnow.com/us-news/immigration/khalil-mahmoud-arrest-deportation-hearing-trump/,Center
0,States rush to hire federal workers out of work after DOGE cuts,"To the workers the White House said “goodbye” to, state governments are saying “hello.”
Wisconsin is hosting job fairs next month to snap up the federal workers now on the job hunt after the Trump administration’s “reckless mass firings,” the state announced Thursday. In early March, California put out a call for former federal employees with experience in firefighting and weather forecasting. And in New York, signs at train stations depict the Statue of Liberty pointing a finger at passersby with the message: “DOGE said you’re fired? We say: You’re hired!”",https://www.washingtonpost.com/nation/2025/03/30/state-governments-hiring-doge-cuts/,Lean Left
1,"Goldman Sachs sees Trump tariffs spiking inflation, stunting growth and raising recession risks","With decision day looming this week for President Donald Trump’s latest round of tariffs, Goldman Sachs expects aggressive duties from the White House to raise inflation and unemployment and drag economic growth to a near-standstill.
The investment bank now expects that tariff rates will jump 15 percentage points, its previous “risk-case” scenario that now appears more likely when Trump announces reciprocal tariffs on Wednesday. However, Goldman did note that product and country exclusions eventually will pull that increase down to 9 percentage points.
When the new trade moves are enacted,...",https://www.cnbc.com/2025/03/30/tariffs-to-spike-inflation-stunt-growth-and-raise-recession-risks-goldman-says-.html,Lean Left
2,Trump 'very angry' with Putin over ceasefire negotiations,"Donald Trump has said he is ""very angry"" and ""pissed off"" with Russian President Vladimir Putin after weeks of attempting to negotiate a ceasefire in Ukraine.
In an NBC News interview, the US president criticised Putin for attacking Ukrainian President Volodymyr Zelensky's credibility, and threatened to impose a 50% tariff on countries buying Russian oil if he did not agree to a ceasefire.
Last week, Putin suggested the possibility of a UN-run government in Ukraine to organise new elections and then begin peace talks.
Trump's comments mark a change in...",https://www.bbc.com/news/articles/c20x7z36d56o,Center
3,"Russia, US discussing rare earth metals projects, Putin envoy says","Russia and the United States have started talks on joint rare earth metals and other projects in Russia, and some companies have already expressed an interest in them, President Vladimir Putin's investment envoy said in remarks published on Monday.
Amid efforts by U.S. President Donald Trump to end the war in Ukraine, minerals cooperation has been floated by both Kyiv and Moscow, though Trump said on Sunday that Ukrainian President Volodymyr Zelenskiy wants to back out of a proposed deal.",https://www.reuters.com/world/russia-us-start-talks-rare-earth-metals-projects-russia-putin-envoy-says-2025-03-30/,Center
4,GA Woman Who Dumped Fetus After Miscarriage Arrested: Police,"A Georgia woman is facing charges after authorities said she suffered a miscarriage and placed the dead fetus in a bag before putting it in the dumpster.
Tifton Police responded to a Tifton Eldorado Road apartment complex around 6 a.m. Thursday after receiving a call about an unconscious female who was bleeding.",https://patch.com/georgia/across-ga/ga-woman-charged-dumping-fetus-body-after-miscarriage,Center
5,Russia Captures Several More Villages In Eastern & Southern Ukraine,"Russian forces have continued rolling up villages in the east and south of Ukraine on Saturday and Sunday. A full battlefield press has continued even amid President Trump's efforts to get all sides at the negotiating table.
First, on Saturday Russia's defense ministry announced the capture of the two villages of Shchebraki in the southern Zaporizhzhia region and Panteleimonivka in the eastern Donetsk region.",https://www.zerohedge.com/geopolitical/russia-captures-several-more-villages-eastern-southern-ukraine,Lean Right
6,"President Trump ‘not joking’ about a third term, says there are ways around constitutional limits","President Trump is flirting with running for a third term — no joke.
The move would put him on a collision course with the 22nd Amendment to the Constitution, which limits a person from being elected president more than twice.
“There are methods which you could do it, as you know,” Mr. Trump said in an interview with NBC News.",https://www.washingtontimes.com/news/2025/mar/30/president-trump-joking-third-term-says-ways-around-constitutional/,Lean Right
7,Oliver Stone to testify at House hearing on JFK files,"American filmmaker Oliver Stone — whose political thriller, “JFK,” made waves more than 30 years ago — will testify on Tuesday before a House committee on the release of new documents related to the assassination of John F. Kennedy Jr., according to a press release from the committee.
The Task Force on the Declassification of Federal Secrets announced on Sunday it will hold a hearing on Tuesday on the so-called “JFK files.”
The panel, in its hearing notice, listed Stone as a witness, along with independent journalist and author Jefferson...",https://thehill.com/homenews/house/5222870-oliver-stone-to-testify-at-house-hearing-on-jfk-files/,Center
8,Key Takeaways From America’s Secret Military Partnership With Ukraine,"The war in Ukraine is at an inflection point, with President Trump seeking rapprochement with the Russian leader, Vladimir V. Putin, and pressing for an end to the fighting.
But for nearly three years before Mr. Trump’s return to power, the United States and Ukraine were joined in an extraordinary partnership of intelligence, strategy, planning and technology whose evolution and inner workings have been known only to a small circle of American and allied officials.",https://www.nytimes.com/2025/03/30/world/europe/us-ukraine-military-war-takeaways.html,Lean Left
9,French far-right leader Le Pen banned from running in 2027 presidential election,"Far-right figurehead Marine Le Pen has been banned from running for political office for five years after being found guilty of embezzling European Union funds, in a politically explosive ruling that has shattered her hopes of winning France’s 2027 presidential election.",https://edition.cnn.com/2025/03/31/europe/marine-le-pen-embezzlement-trial-verdict-france-intl/index.html,Lean Left
10,We Reserve The Right,"In what should be a moment of clarity for anyone paying attention, ICE recently detained an international graduate student from the University of Minnesota. The student—whose name and alleged offenses have not been disclosed—was apprehended near the Twin Cities campus. It’s part of a broader sweep by federal authorities across multiple universities targeting individuals whose activities allegedly align with terrorist sympathies or radical activism.
You’d think people would appreciate a government doing its job—keeping a close eye on foreign nationals with potential ties to dangerous ideologies. But no. Cue the...",https://townhall.com/columnists/kevinmccullough/2025/03/31/we-reserve-the-right-n2654725,Right
11,Trump faces crucial week on the economy,"President Trump is entering a critical week for the economy amid growing fears that his penchant for tariffs could stall growth and undercut progress on inflation.
Trump has described Wednesday as “Liberation Day,” when his administration will impose sweeping reciprocal tariffs on other nations with duties on U.S. goods. The March jobs report will also be released on Friday, providing additional data about the strength of the labor market, particularly in the wake of thousands of federal government employees fired by the administration.
Experts described the economy as at something...",https://thehill.com/homenews/administration/5220771-trump-economy-crucial-week/,Center
12,The Great Grovel: How Trump forced elite institutions to bend to his will,"One after another, a parade of the wealthiest and most elite institutions in American life since last November have found themselves confronted by unprecedented demands from President Donald Trump and his team of retribution-seekers.
One after another, these establishment pillars have met these demands with the same response: capitulation and compliance.
The details are varied but two themes are consistent. The first is an effort — far more organized and disciplined than any precedent from Trump’s first term — to bring institutions who have earned the president’s ire to heel....",https://www.politico.com/news/2025/03/31/trump-institutions-grovel-law-media-business-028840,Lean Left
13,Lawfare Is a Catastrophe,"It has to be opposed.
Since he dove into electoral politics a decade ago, Donald Trump has been a one-man tsunami. I’ll admit it, though: During the Biden Malaise, I’d forgotten how much Trump weeks were like dog years.
He hadn’t even started his second term after the November victory that capped the most stunning comeback in modern political history, and we were already spinning over DOGE, a doomed attorney general nomination, the prospect of court fights over whether the new president would try to bypass the Senate confirmation process with...",https://www.nationalreview.com/2025/03/lawfare-is-a-catastrophe/,Right
14,French far-right leader Marine Le Pen barred from running for public office for five years,"Marine Le Pen has been barred from running for public office for five years, meaning she would not be able to run in the 2027 French presidential election.
She was found guilty of embezzling European funds to finance her French far-right National Rally (RN) party.
Le Pen expected the guilty sentence - but not this five-year ban, writes our correspondent Hugh Schofield in Paris.
Le Pen left the courtroom as the judge handed down details of the sentence.
She has also been given a four-year prison sentence - but two...",https://www.bbc.com/news/live/cwyewv8xdp7t,Center
15,Dow futures drop 300 points as a jittery Wall Street braces for Trump’s tariff rollout: Live updates,"U.S. stock futures fell Monday as traders looked ahead to “Liberation Day” for clarity on President Donald Trump’s tariff plans.
Futures tied to the Dow Jones Industrial Average dropped 326 points, or 0.7%. S&P 500 futures and Nasdaq-100 futures dipped 1.1% and 1.5%, respectively. Investors were in a risk-off mood again early Monday, selling the tech bull market winners like Nvidia, Tesla and Meta.
A slew of tariffs previously announced by the Trump administration will go into effect on Wednesday — what Trump has called “Liberation Day” — including a 25% levy on “all cars that are not made in the...",https://www.cnbc.com/2025/03/30/stock-market-today-live-updates.html,Lean Left
16,Top Five takedowns: Kash Patel’s FBI hits the ground running with major early victories,"Kash Patel has spent his first month as FBI director cracking down on some of the Trump administration's top law enforcement priorities, including violent crime, gang activity and drug trafficking – all while managing to avoid much of the high-profile controversy that has embroiled some other senior national security officials.
His early moves have earned him accolades from Republicans in Congress, who have been quick to praise Patel's first weeks in office, including his effort to move quickly and share certain documents long requested by majorities on the House and Senate Judiciary Committees....",https://www.foxnews.com/politics/top-5-takedowns-kash-patels-fbi-hits-ground-running-major-early-victories,Right
17,Q&A on the Alien Enemies Act and Tren de Aragua in the U.S.,"The Trump administration has asked the Supreme Court to lift a District Court judge’s order blocking the use of an obscure 18th century law to summarily expel Venezuelan immigrants. Earlier this month, the administration sent hundreds of immigrants to an El Salvador prison because, officials alleged, they were members of a dangerous gang.
In response to a lawsuit, the lower court temporarily blocked any further deportations while the court considers the merits of the case, and it ordered planes carrying migrants deported under the law to be returned, which the administration did not do.
The lack of...",https://www.factcheck.org/2025/03/qa-on-the-alien-enemies-act-and-tren-de-aragua-in-the-u-s/,Lean Left
18,"World teeters on edge, awaiting Trump's tariff revenge","For the next three days, one man holds the global economy in the palm of his hands, literally and figuratively — and almost no one but him knows what will happen.
Why it matters: Every Wall Street trader and economist has ""April 2"" circled on their calendars. The consensus is that tariffs are coming, but the fear is in the unknown: how aggressive the measures will be.
The big picture: Financial markets hate surprises, yet that is what the Trump administration looks set to do this week — with mixed signals from the president himself about...",https://www.axios.com/2025/03/31/trump-tariffs-april-2-economy,Lean Left
19,Mike Waltz Used Signal for More Sensitive National Security Chats: Report,"U.S. national security adviser Mike Waltz used the Signal messaging app to host other sensitive discussions with Cabinet members, The Wall Street Journal has reported, citing two unnamed officials.
Among those discussions were threads on brokering peace between Russia and Ukraine, and military operations, according to the Journal.
Newsweek could not independently verify the report, and contacted the White House press office by email outside of normal business hours for comment.",https://www.newsweek.com/mike-waltz-used-signal-more-sensitive-national-security-chats-report-2052875,Center
20,"Wall Street, global stocks down as investors brace for Trump’s tariff plan","Stocks tumbled in early trading Monday as Wall Street braced for President Trump’s plan to unveil tariffs on “all countries” by midweek.
The Dow Jones Industrial Average was down nearly 400 points, or 1%, at opening. The S&P 500 and Nasdaq were firmly in negative territory, given uncertainty around Mr. Trump’s “liberation day” plan to impose levies on any nation that taxes U.S. goods.",https://www.washingtontimes.com/news/2025/mar/31/wall-street-global-stocks-investors-brace-trumps-tariff-plan/,Lean Right
21,Marco Rubio Says He's Revoked 300 Student Visas Over Campus Activism,"Over the past several weeks, a handful of student visa holders and other legal residents have faced deportation for nebulous allegations that they supported terrorism—often being detained and taken away by immigration officials with seemingly no due process, or even an allegation of criminal wrongdoing. Shockingly, the number of affected individuals has reached into the hundreds. On Thursday, Secretary of State Marco Rubio revealed that he has personally intervened to cancel the visas of around 300 students.
""It might be more than 300 at this point. We do it every day....",https://reason.com/2025/03/28/marco-rubio-says-hes-revoked-300-student-visas-over-campus-activism/,Center
22,'What Dictators Do': Critics Shred Trump's Claim He's 'Not Joking' About 3rd Term,"Critics are calling out President Donald Trump for saying that he’s “not joking” about possibly seeking a third term in office, which would violate the Constitution.
“There are methods which you could do it,” Trump told NBC News on Sunday.
The network asked if one option would be for Vice President JD Vance to run and then hand off the presidency to Trump.
“That’s one,” Trump said.
However, the Constitution states that no one ineligible to be president can run for vice president, either ― so Trump would not be eligible to be Vance’s running mate.",https://www.huffpost.com/entry/donald-trump-third-term_n_67ea3eafe4b0893d7b5b325f,Left
23,"Trump’s ‘Iron Dome for America,’ Explained","National missile defense is not a new idea, but in a world of expanding threats and technological advances, many argue it’s one whose time has come. There’s a case to be made that the Cold War deterrence paradigm of mutually assured destruction (MAD) is no longer valid in the face of rogue-state nuclear proliferation, and that Israel’s Iron Dome and related systems demonstrate the potential for such defenses at achievable costs. 
President Donald Trump can be counted among those making that case. He signed an executive order in January directing the secretary of defense to submit a plan...",https://thedispatch.com/article/trump-iron-dome-america-explained/,Lean Right
24,US armored vehicle missing in Lithuania pulled from swamp but fate of 4 soldiers is still unknown,"A U.S. armored vehicle that went missing in Lithuania has been retrieved from a swamp after a six-day search but there is still no information about the fate of the four American soldiers who were on board, Lithuanian officials said Monday.
“The armored vehicle was pulled ashore at 4:40 a.m., the towing operation is complete, Lithuanian Military Police and US investigators continue their work,” Defense Minister Dovilė Šakalienė said Monday morning in a post on Facebook.",https://apnews.com/article/missing-us-soldiers-lithuania-armored-vehicle-pabrade-452f254b648ff36d3bc7b155ba705144,Left
25,"The Trump Family Advances Its All-Out Crypto Blitz, This Time With Bitcoin Mining","The president’s two oldest sons are investing in a bitcoin-mining company, adding to the Trump family’s expanding portfolio of cryptocurrency businesses.   
Eric Trump and Donald Trump Jr.’s American Data Centers will merge with and take a 20% stake in American Bitcoin, a mining operation majority-owned by Hut 8 HUT -0.24%decrease; red down pointing triangle, the publicly traded crypto-infrastructure company. Together, they aim to create the world’s largest miner of the digital currency, with designs on building its own “bitcoin reserve.”",https://www.wsj.com/finance/currencies/the-trump-family-advances-its-all-out-crypto-blitz-this-time-with-bitcoin-mining-86a1e8d9?mod=hp_lead_pos9,Center
26,"Trump’s Science Policies Pose Long-Term Risk, Economists Warn","Members of Elon Musk’s cost-cutting Department of Government Efficiency gained access over the weekend to a payroll system that processes salaries for about 276,000 federal employees across dozens of agencies, according to two people familiar with the matter.
The move overruled objections from senior IT staff who feared it could compromise highly sensitive government personnel information, including by making it more vulnerable to terrorist cyberattacks, these people said.",https://www.nytimes.com/2025/03/31/business/economy/trump-research-cutbacks-economy.html,Lean Left
27,Union sues to block Trump from ending collective bargaining for many federal workers,"A union that represents 150,000 U.S. government employees filed a lawsuit on Monday seeking to block President Donald Trump from stripping hundreds of thousands of federal workers of the ability to collectively bargain with government agencies through their unions.
The National Treasury Employees Union said in the lawsuit filed in Washington, D.C. federal court that Trump's executive order, opens new tab last week exempting more than a dozen agencies from collective bargaining obligations violates federal workers' labor rights and the U.S. Constitution and threatens the union's very existence.",https://www.reuters.com/business/world-at-work/union-sues-block-trump-ending-collective-bargaining-many-federal-workers-2025-03-31/,Center
28,"Health insurance CEO admits to hiring private investigators to dig up dirt on patients, doctors and politicians","The CEO of a Texas health insurance company was fired after admitting before a DOGE panel of state lawmakers that he hired private investigators to spy on customers and obtain sensitive details about their lives.
Mark Sanders was dismissed from his duties as chief executive of Austin-based Superior HealthPlan after he testified before the Texas House Delivery of Government Efficiency Committee in a hearing on Medicaid procurement last week.",https://www.independent.co.uk/news/world/americas/mark-sanders-superior-ceo-investigators-texas-b2724736.html,Lean Left
29,Authorities launch investigation into fire that started at New Mexico GOP headquarters,"Federal authorities have launched an investigation into a damaging fire that broke out in the entryway of the New Mexico GOP headquarters over the weekend. 
The fire broke out early Sunday morning, and authorities have discovered unspecified “incendiary materials” at the scene, a Bureau of Alcohol, Tobacco, Firearms and Explosives spokesperson said Monday.
The spokesperson did not elaborate on what the materials were, according to The Associated Press.",https://justthenews.com/government/local/authorities-launch-investigation-fire-started-new-mexico-gop-headquarters,Lean Right
30,A second South Carolina death row inmate chooses execution by firing squad,"A South Carolina death row inmate on Friday chose execution by firing squad, just five weeks after the state carried out its first death by bullets.
Mikal Mahdi, who pleaded guilty to murder for killing a police officer in 2004, is scheduled to be executed April 11.
Mahdi, 41, had the choice of dying by firing squad, lethal injection or the electric chair. He will be the first inmate to be executed in the state since Brad Sigmon chose to be shot to death on March 7. A doctor pronounced Sigmon dead less...",https://apnews.com/article/execution-south-carolina-mikal-mahdi-6edc3f2773bb1191d2d011513daf7849,Left
31,"Dr. Peter Marks, top vaccine official at FDA, resigns and criticizes RFK Jr.","Dr. Peter Marks, the top vaccine official at the Food and Drug Administration, wrote in a letter on Friday that he was resigning from his position and criticized Health and Human Services Secretary Robert F. Kennedy Jr., who has questioned the effectiveness of vaccines for years and promoted debunked claims that certain vaccines are linked to autism.
In the letter addressed to Acting FDA Commissioner Sara Brenner, Marks said he would resign and retire as Director of the Center for Biologics Evaluation and Research effective April 5, according to a copy...",https://www.usatoday.com/story/news/politics/2025/03/29/dr-peter-marks-resigns-fda-trump-rfk-jr-vaccines/82719447007/,Lean Left
32,Trump accuses Ukraine’s Zelensky of ‘trying to back out’ of proposed minerals deal,"US President Donald Trump accused the Ukrainian president of “trying to back out” of the minerals deal expected to be agreed between the two countries as early as this week, adding that Volodymyr Zelensky would face “big problems” if he didn’t sign an agreement. But Ukraine has highlighted that the conditions of the deal changed significantly in recent days.
“I see he’s trying to back out of the rare earth deal. And if he does that, he’s got some problems. Big, big problems,” Trump told reporters aboard Air Force Once...",https://www.cnn.com/2025/03/31/europe/ukraine-minerals-deal-trump-zelensky-intl/index.html,Lean Left
33,Nonprofit groups and Democrats sue Trump administration over election executive order,"President Donald Trump’s executive order seeking to overhaul the nation’s elections faced its first legal challenges Monday as the Democratic National Committee and a pair of nonprofits filed two separate lawsuits calling it unconstitutional.
The Campaign Legal Center and the State Democracy Defenders Fund brought the first lawsuit Monday afternoon. The DNC, the Democratic Governors Association, and Senate and House Democratic leaders followed soon after with a complaint of their own.
Both lawsuits filed in the U.S. District Court for the District of Columbia ask the court to block Trump’s order and declare it illegal...",https://apnews.com/article/trump-executive-order-elections-voting-lawsuit-769caf1eceec29a13b4df78a931deb0b,Left
34,"Presidents can be elected twice. Trump could try end runs around that, experts say","President Trump has once again floated the idea of testing the Constitution's presidential term limits by seeking a third term, as his administration continues to challenge constitutional provisions and push an expansive view of executive power.
After telling NBC News that he's ""not joking"" about the possibility and that there are ""methods"" that would allow him to serve a third time, Trump declined to confirm to reporters aboard Air Force One on Sunday that he's planning to leave the White House after his second term ends on Jan. 20, 2029...",https://www.npr.org/2025/03/31/nx-s1-5191889/is-trump-running-for-a-third-term,Lean Left
35,Malpractice Lawsuit: Woman Hospitalized After Abortionist Left Baby Body Parts In Her Abdomen,"An unnamed woman is suing an Illinois abortionist for malpractice after she allegedly suffered from severe and potentially life-threatening complications from a late-term abortion at his hands in 2023.
In a legal complaint filed on March 21, “Jane Doe” claims Keith Reisinger-Kindle of Equity Clinic in Champaign, Illinois performed a two-day dilation and evacuation abortion that, unbeknownst to the woman on the table, perforated her uterus, failed to remove all of the dead baby’s body parts from her body, and left her with “irreversible suffering and emotional damages.” Kindle, who...",https://thefederalist.com/2025/03/24/malpractice-lawsuit-woman-hospitalized-after-abortionist-left-baby-body-parts-in-her-abdomen/,Right
36,US sanctions Sinaloa Cartel associates for alleged money laundering,"The United States Treasury sanctioned six people and seven companies Monday for alleged money laundering for factions of Mexico’s Sinaloa Cartel, underscoring the group’s new designation as a foreign terrorist organization under the Trump administration.
The designation aimed at “targeting the financial operations” of the cartel, which has raked in money by trafficking fentanyl to the United States, came as part of an investigation by U.S. and Mexican government agencies.",https://apnews.com/article/sinaloa-cartel-treasury-department-money-laundering-fentanyl-e976f2219e4588281d19d925ced9e306,Left
37,Italy’s births hit record low as Giorgia Meloni struggles to halt population decline,"The number of babies born in Italy dropped 2.6 per cent last year, while the number of Italians leaving the country surged, reflecting the uphill battle that Prime Minister Giorgia Meloni faces to reverse the country’s long-running demographic decline. Just 370,000 babies were born in Italy in 2024, about 10,000 fewer than last year and well below the half a million born a decade ago, according to figures published by Italy’s national statistics agency Istat on Monday. It was the 16th consecutive year of falling births.",https://www.ft.com/content/68ecbd04-76df-4a14-9f2f-151ed545ee79,Center
38,"GOP-led states remove hundreds of thousands from voter rolls, finding non-citizens had registered","Two Republican-led states have removed hundreds of thousands of registrations from their voter rolls this month, while another identified hundreds of non-citizen voters during their voter list maintenance.",https://justthenews.com/politics-policy/elections/gop-led-states-remove-hundreds-thousands-registrations-voter-rolls-find,Lean Right
39,Venezuelan migrant recently deported to El Salvador had final order of removal,"One of the Venezuelan migrants who is believed to be among the latest group sent to El Salvador on Sunday night was in Guantanamo Bay and had a final order of removal, according to the American Civil Liberties Union (ACLU).
Maiker Espinoza Escalona was the lead plaintiff in one of the Guantanamo cases brought by the ACLU against the Department of Homeland Security filed last month. His partner is currently detained in a detention center in Texas and his two-year-old daughter is in HHS custody, according to the ACLU.",https://abcnews.go.com/Politics/venezuelan-migrant-recently-deported-el-salvador-final-order/story?id=120353709,Lean Left
40,Greenland strengthens Danish ties as it eyes independence,"Greenland will strengthen its ties with Denmark until it can become a sovereign nation, the Arctic island's incoming prime minister told Reuters on Monday, noting that the semi-autonomous Danish territory ultimately wants to become independent.
Jens-Frederik Nielsen, 33, was sworn in as prime minister of Greenland on Friday and will lead a four-party coalition government amid challenges posed by U.S. President Donald Trump's ambitions to control the island.",https://www.reuters.com/world/europe/greenland-strengthens-danish-ties-it-eyes-independence-2025-03-31/,Center
41,"Elon Musk claims he’s ‘given’ alleged baby mama Ashley St. Clair $2.5M, $500K per year — despite not knowing ‘if the child is mine or not’","Elon Musk fired back at Ashley St. Clair — the conservative influencer claiming to have given birth to the Tesla and SpaceX boss’ 13th child — on Monday after she accused the world’s richest man of cutting back on child support payments.
“I don’t know if the child is mine or not, but am not against finding out,” Musk wrote on X. “ No court order is needed.”
“Despite not knowing for sure, I have given Ashley $2.5M and am sending her $500k/year,” the Department of Government Efficiency chief claimed.",https://nypost.com/2025/03/31/us-news/elon-musk-not-against-paternity-test-after-ashley-st-clair-slams-him/,Lean Right
42,About That Third Term,"In the ever-turbulent arena of American politics, the specter of double standards looms large. Recent uproar over President Donald Trump's musings about a potential third term starkly contrasts with the muted reactions to former President Barack Obama's similar contemplations. This glaring inconsistency not only exposes media bias but also underscores a troubling trend of selective outrage that undermines the very fabric of our democratic discourse.
On March 30, 2025, President Trump, during a candid interview with NBC News, hinted at exploring avenues for a third term, stating, “There are methods...",https://townhall.com/columnists/kevinmccullough/2025/04/01/about-that-third-term-n2654810#google_vignette,Right
43,Senate parliamentarian could make or break Trump agenda,"Senate Republicans are facing crunch time on a long-overdue budget resolution, which has divided their conference over the possibility of cutting Medicaid and adding language to increase the debt ceiling by as much as $5 trillion.
Whether they move on the bill this week could depend largely on a key ruling from Senate parliamentarian Elizabeth MacDonough.
Senate Majority Leader John Thune (R-S.D.) has told colleagues that he wanted to get the budget to the floor this week, but that timeline is already slipping as GOP senators have yet to coalesce around the...",https://thehill.com/homenews/senate/5224322-senate-republicans-budget-resolution/,Center
44,Why Major Law Firms Surrendered to Trump so Quickly,"Donald Trump’s campaign to punish and intimidate large law firms has generated a wave of controversy, with many bristling at his use of the presidency to punish his perceived enemies — with considerable success to date.
In recent weeks, two large law firms reached settlements with the Trump administration that stunned the legal profession — the first with Paul, Weiss, Rifkind, Wharton & Garrison, which pledged to commit $40 million in free legal work “to support the Administration’s initiatives,” and the second with Skadden, Arps, Slate, Meagher & Flom, which upped the ante to a $100...",https://www.politico.com/news/magazine/2025/04/01/trump-big-law-attacks-12-questions-00261359,Lean Left
45,"Trump Says He Settled on ‘Liberation Day’ Tariff Plan, but Doesn’t Reveal It","President Trump said that he had settled on a plan for his latest batch of tariffs expected this week but didn’t reveal what he had decided, after his economic team struggled to coalesce around a remade U.S. trade strategy.
“I’ve settled, yeah,” Trump said in the Oval Office on Monday evening when asked whether he has decided on his “Liberation Day” plans, a term the president has used for tariffs to be announced by the self-imposed deadline of Wednesday.",https://www.wsj.com/economy/trade/trump-tariffs-liberation-day-plan-46b3d82b?mod=hp_lead_pos1,Center
46,What I Learned About Trump’s Second Term by Reading His First 100 Executive Orders,"We’ve gotten used to seeing a president’s first 100 days as a gauge of progress and a benchmark for history. (Thanks, Franklin Roosevelt.) To understand the early days of President Trump’s second term, however, when so much has happened so quickly, there is an alternative milestone to consider.
Last week, with more than a month to go before he will reach 100 days in office, Trump surpassed 100 executive orders. Reading through them all lays bare the assumptions, obsessions and contradictions of the man signing them.
The executive order is...",https://www.nytimes.com/2025/04/01/opinion/trump-executive-orders-presidential-power.html,Left
47,House Republicans to go to war with 'rogue judges' blocking Trump's agenda: Here's their plan,"House Republicans are going all out this week to signal their support for the Trump administration amid multiple legal standoffs over White House policy.
A bill to limit U.S. district court judges’ ability to issue nationwide injunctions sailed through the House Rules Committee – the last gatekeeper for bills before a chamber-wide vote – in a party-line vote Monday evening, as expected.
On Tuesday morning, meanwhile, two high-profile panels on the House Judiciary Committee will hold a hearing at 10 a.m. ET on ""judicial overreach and constitutional limits on the...",https://www.foxnews.com/politics/house-republicans-go-war-rogue-judges-blocking-trumps-agenda-heres-plan,Right
48,End Federal School Food Programs,"State governments are better positioned to fund and run them.
Pointing to “breathtaking failures,” President Trump is moving to shut down the federal Department of Education. Congress will need to make any cuts permanent, but downsizing the federal education bureaucracy is a long-overdue reform.
The department, however, is not the only way that the federal government intervenes in the nation’s schools. The government also spends $35 billion a year on school food programs through the Department of Agriculture (USDA). The school lunch program was enacted in 1946, and it morphed into...",https://www.nationalreview.com/2025/04/end-federal-school-food-programs/,Right
49,Wisconsin court election poses key test for Musk as kingmaker,"It's only been five months since voters in Wisconsin faced a bitterly fought election, but residents of the US state are already heading back to the polls.
This time, Elon Musk looms large in the race to fill a vacancy on the Wisconsin Supreme Court, even if the billionaire's name doesn't appear on the ballot.
It's the most expensive judicial contest in US history, with more than $90m (£70m) spent so far, including $20m from Musk and groups affiliated with him.
The choice is between conservative Brad Schimel, backed by...",https://www.bbc.com/news/articles/cdxn9qel9y4o,Center
50,Americans are beginning to fear dissent. That’s exactly what Trump wants,"I was talking recently to a friend who’s a professor at Columbia University about what’s been happening there. He had a lot to say.
When he needed to run off to an appointment, I asked him if he’d text or email me the rest of his thoughts.
His response worried me. “No,” he said. “I better not. They may be reviewing it.”
“Who’s ‘they’?” I asked.
“They! The university. The government. Gotta go!” He was off.
My friend has never shown signs of paranoia.
   ",https://www.theguardian.com/commentisfree/2025/mar/31/americans-dissent-fear-trump,Left
51,The California Insurance Safety-Net System That Lost a Million-Dollar Check,"Susan Spira called her insurer days after the Los Angeles wildfires destroyed her family’s home—only to be told her policy had been canceled. The reason: In the chaotic days after the house burned to the ground, her monthly premium hadn’t been paid.
“I nearly fell apart,” she said. Spira, a real-estate lawyer, fought back and the insurer, California’s Fair Plan, agreed her Pacific Palisades house was covered when the infernos sparked.",https://www.wsj.com/finance/california-fair-plan-insurer-customer-problems-ad264643?mod=hp_lead_pos9,Center
52,"""The Luigi Mangione Access To Healthcare Act"": Cali Considers Ballot Initiative Named After UnitedHealth CEO Kill","Just when you thought Democrats couldn't outclass themselves after Rep. Jasmine Crockett referred to Texas Gov. Abbott as ""hot wheels"", here comes California to make sure you're always entertained. 
A new California ballot initiative, named after alleged UnitedHealthcare CEO killer Luigi Mangione, has been filed with the state Attorney General. It seeks to ban insurers from delaying, denying, or altering any doctor-recommended treatment that could risk serious harm, including death or permanent injury, according to KTLA.
If passed, the initiative would require that only physicians—not insurance company staff—can decide to delay,...",https://www.zerohedge.com/markets/luigi-mangione-access-healthcare-act-cali-considers-ballot-initiative-named-after?ref=biztoc.com,Lean Right
53,Booker stages Senate filibuster to protest 'crisis' he says Trump and Musk created,"New Jersey Democratic Sen. Cory Booker on Tuesday morning was still speaking on the Senate floor, staging a filibuster he started at 7 p.m. Monday night, in what he called a protest against the national ""crisis"" he said President Donald Trump and Elon Musk had created.
On Monday night, he said he was set to last ""as long as [he is] physically able."" He has been speaking for more than 15 hours.",https://abcnews.go.com/Politics/booker-stages-senate-filibuster-protest-crisis-trump-musk/story?id=120365354,Lean Left
54,Fact Check Team: Unelected judges vs. Trump: How the courts are dictating his presidency,"ongressional Republicans are frustrated with the increasing number of nationwide injunctions issued by district court judges that have blocked President Donald Trump's policies. Senator Josh Hawley introduced legislation aimed at banning these broad injunctions.
According to a press release from Hawley, the Nationwide Injunction Abuse Prevent Act of 2025 would:",https://thenationaldesk.com/news/fact-check-team/unelected-judges-vs-trump-how-the-courts-are-dictating-his-presidency-injunctions-legislation-rulings-immigration-healthcare-sanctuary-cities,Right
55,Gold Price Hits All-Time High as World Braces for Trump Tariffs,"The price of gold soared to an all-time high of $3,150.52 per ounce on Tuesday morning, as investors braced for potential economic fallout from U.S. President Donald Trump's unleashing of sweeping new tariffs, set to be unveiled on April 2.
Gold, a safe-haven asset long regarded as a hedge against financial uncertainty, saw increased demand as markets reacted to Trump's plan to impose ""reciprocal"" tariffs on all trade partners. He sees current trading terms as broadly unfair to the U.S.",https://www.newsweek.com/gold-price-hits-all-time-high-world-braces-trump-tariffs-2053630,Center
56,Don’t trust videos saying you can erase your student loans by filing a student privacy law complaint,"After the Department of Government Efficiency gained access to student loan databases, some social media posts promoted a federal privacy law as the key to debtholders’ financial freedom.
All you have to do, the posts said, is file a complaint with the Education Department requesting your loans be forgiven on the grounds that DOGE violated the Family Educational Rights and Privacy Act of 1974 by gaining access to personal loan information.",https://www.politifact.com/factchecks/2025/mar/27/tiktok-posts/people-can-get-student-debt-erased-by-filing-famil/,Lean Left
0,"Polygraph Threats, Leaks and Infighting: The Chaos Inside Hegseth’s Pentagon","Defense Secretary Pete Hegseth was rattled.
Word had leaked that he was planning a classified briefing for Elon Musk on China, a revelation that infuriated President Trump and raised alarms inside the Pentagon given Musk’s business ties to Beijing.
“I’ll hook you up to a f—ing polygraph!” Hegseth shouted at Adm. Christopher Grady, the then-acting chairman of the Joint Chiefs of Staff, according to two people familiar with the exchange. Hegseth demanded proof that Grady hadn’t leaked news of the March 21 briefing.",https://www.wsj.com/politics/national-security/pete-hegseth-pentagon-fired-aides-cfa9e0d5?mod=hp_lead_pos2,Center
1,Milwaukee County Circuit Judge Hannah Dugan arrested by federal authorities at Courthouse,"Milwaukee County Circuit Judge Hannah Dugan was arrested April 25 by federal authorities who are investigating whether she tried to help an undocumented immigrant avoid arrest after he appeared in her courtroom last week, officials confirmed.
Dugan, 65, is scheduled to appear before U.S. Magistrate Judge Stephen Dries at 10:30 a.m. April 25 on the second floor of the Federal Courthouse in downtown Milwaukee, according to two federal sources.
Brady McCarron, spokesman for U.S. Marshals Service in Washington, D.C., confirmed Dugan was arrested at about 8 a.m. at the Milwaukee...",https://www.usatoday.com/story/news/politics/2025/04/25/milwaukee-county-judge-hannah-dugan-arrested-fbi-immigration/83271644007/,Lean Left
2,The Real Experience of Palestinians in the Middle East,"Ta-Nehisi Coates, in his 2023 book, The Message, based on a 10-day West Bank trip, makes broad claims about Israel’s treatment of its Arab citizens. He focused his rhetoric on demonstrating that Israeli practices amount to apartheid by showing parallels to past South African and Jim Crow experiences. This enabled him to view Israel as engaging in “white supremacy.” 
When it was pointed out that half of the Jewish population consists of nonwhite refugees from Arab countries and Ethiopia, Peter Beinart was quick to defend Coates: “In Israel, supremacy is based on Jewishness not...",https://spectator.org/real-experience-palestinians-in-the-middle-east/,Right
3,She survived Rwanda’s 1994 genocide. Now she promotes peace through education.,"When Theoneste Mutabazi started teaching at Umuco Mwiza School in Kigali in 2008, he marveled at everything its students had. There was an art room, a music room, and a library “with many books,” he says during a phone call from his office in the Rwandan capital. Since then, Umuco Mwiza, whose name means “good culture” in the Kinyarwanda language, has added more classrooms and even a large recreation area.
Mr. Mutabazi, who is now the school’s principal, notes in an excited voice that “Our children play soccer on the...",https://www.csmonitor.com/World/Making-a-difference/2025/0421/rwanda-genocide-marie-louise-kambenga,Center
4,Ex-US Rep. George Santos sentenced to over 7 years in prison for fraud and identity theft,"Disgraced former U.S. Rep. George Santos, who lied about his life story and defrauded donors, was sentenced Friday to over seven years in prison, sobbing as he heard his punishment.
The New York Republican, who served in Congress for barely a year before his House colleagues ousted him in 2023, pleaded guilty last summer to federal wire fraud and aggravated identity theft.",https://apnews.com/article/george-santos-fraud-sentencing-prison-0961831af8870686853acb22d049c85e,Left
5,The dangers of the political gender gap,"Throughout history, poverty, class and economic self-interest have driven radical political movements. The Bolsheviks harnessed the anger of impoverished workers and peasants to create a movement that controlled the world’s biggest country for seven decades. The Nazis came to power due to both the Great Depression and resentment towards a small but economically nimble Jewish community.
Today, extremist politics is not bubbling up primarily from the economically disaffected, as occurred both in medieval and modern times during periods of upheaval. The self-professed radicals of our age seem more driven by...",https://www.spiked-online.com/2025/04/24/the-dangers-of-the-political-gender-gap/,Lean Right
6,"Forgive Me, Father, for I Cannot Stop Reading National Review","As with many other Obama-voting millennials, I never had much use for conservative media. My political coming-of-age coincided with a moment when information streams were already splintering into deeply partisan lanes, a process that became supercharged in the MAGA era. Ascendant irritants like Ben Shapiro and Charlie Kirk determined that delicate liberals were not their target demographic and never made much of an effort to bring us into the fold. No hard feelings, really. I only have so much time on this Earth; I’d like to spend as little of...",https://slate.com/business/2025/04/donald-trump-news-national-review-conservatives.html,Left
7,"White House wants to defund independent Social Security board, sources say"," The White House wants to defund a bipartisan board that advises the president and Congress on Social Security policy, two sources familiar with the matter told Reuters, as the Trump administration moves to cut costs and eliminate independent voices in government.
The White House's Office of Management and Budget has notified staff at the Social Security Advisory Board that it plans to cut the board's annual budget from around $3 million to zero, according to the sources, who spoke on condition of anonymity to discuss non-public budgetary details.",https://www.reuters.com/business/finance/white-house-wants-defund-independent-social-security-board-sources-say-2025-04-25/,Center
8,Fact Check Team: Supreme Court to review nationwide injunctions on birthright citizenship,"The Supreme Court is set to hear arguments on May 15 in a case concerning the Trump administration's efforts to end birthright citizenship. However, the justices will not be ruling on the constitutionality of the policy itself. Instead, they will consider whether lower court judges overstepped by issuing nationwide injunctions that blocked the policy from taking effect.
The case stems from an executive order signed by President Donald Trump on his first day back in office. Executive Order 14160 aims to end automatic citizenship for children born in the United...",https://thenationaldesk.com/news/fact-check-team/supreme-court-to-review-nationwide-injunctions-on-birthright-citizenship-trump-immigration-executive-order-14th-amendment,Right
9,Sleepless in Ukraine: Drone strikes and the rise of antidepressant use,"Ukrainians are facing a growing mental health emergency, with near-nightly drone strikes fueling widespread sleep loss and compounding anxiety, depression and other stress-related disorders. The World Health Organization reported in February that nearly half the population is now experiencing mental health concerns.
Residents in cities such as Kyiv and Dnipro say the constant noise of drones, explosions and air raid alarms has become a nightly routine, pushing families into shelters or hallway beds. Many now rely on sedatives, antidepressants or coping rituals — but even those often fall short. In 2024,...",https://san.com/cc/sleepless-in-ukraine-drone-strikes-and-the-rise-of-antidepressant-use/,Center
10,"Gov. Hochul, make sure New York’s assisted suicide bill NEVER becomes law","New York’s progressive legislators have reportedly gotten behind what may be their most morally disgraceful bill yet: an assisted-suicide legalization push.
Worse, per Assembly Speaker Carl Heastie (D-Bronx), the bill has the votes to pass, which may happen as early as next week. 
This must. Not. Happen. ",https://nypost.com/2025/04/24/opinion/gov-hochul-make-sure-new-yorks-assisted-suicide-bill-never-becomes-law/,Lean Right
11,Teens’ night of rock throwing leads to murder conviction for 1 of them,"Three Denver-area teens cheered each other during a night of throwing rocks at cars — until one of the stones crashed through a windshield and killed a woman, leading to a murder conviction Friday after the trio turned on one another.
Jurors found Joseph Koenig guilty of first-degree murder in the death of Alexa Bartell on April 19, 2023, after the other young men riding with him reached deals with prosecutors and testified against him. Koenig, now 20, was also convicted of attempted murder and other less serious crimes for rocks...",https://apnews.com/article/throwing-rock-car-denver-colorado-trial-05c84344aa9dfa7fcf88c644a616c6f2,Left
12,"Who is Hannah Dugan, the Milwaukee judge arrested by the FBI?","Hannah Dugan, the Milwaukee County judge arrested Friday by the FBI for allegedly obstructing federal authorities who were seeking to detain an undocumented immigrant, was a longtime social justice advocate before she took the bench.
A spokeswoman for the Department of Homeland Security suggested in a statement that Dugan is an “activist judge.” A statement issued on the judge’s behalf following her dramatic arrest said Dugan “has committed herself to the rule of law and the principles of due process for her entire career as a lawyer and a judge...",https://www.nbcnews.com/politics/justice-department/hannah-duggan-milwaukee-judge-arrested-fbi-who-is-rcna203066,Lean Left
13,Hegseth trying to show Trump he's a fighter amid chaos in Pentagon,"Pete Hegseth wants Donald Trump to see him as a fighter amid the negative stories swirling around the defense secretary, two U.S. officials told NBC News, and has been focusing more on public and television appearances — including on his old network, Fox News — in which he can speak directly to the president.
Trump had told Hegseth during a recent phone call that he did not approve of his texting information about airstrikes in Yemen to a Signal group that included Hegseth’s wife, his brother and his personal attorney, describing what the defense secretary had...",https://www.nbcnews.com/politics/national-security/hegseth-trying-show-trump-s-fighter-chaos-pentagon-rcna202915,Lean Left
14,Education Department launches foreign funding probe into UC Berkeley,"The Department of Education said Friday it would launch an investigation into the University of California (UC), Berkeley, over improper foreign funding disclosures.
The department said the school may have violated Section 117 of the Higher Education Act of 1965, alleging that documents submitted to the department on the school’s behalf were “incomplete or inaccurate,” according to a Friday release...",https://thehill.com/homenews/education/5268623-education-department-foreign-funding-uc-berkeley/,Center
15,"China is 'caving' to Trump's trade war strategy, expert signals","Early signs are emerging that China is now ""caving"" to the U.S. and President Donald Trump on tariffs, according to one foreign policy expert.
Gatestone Institute senior fellow Gordon Chang agreed there’s ""a win for Trump"" after the president revealed he’s spoken to China about trade tensions and the recent exemption of some U.S. goods from its 125% tariff.
""China is doing this, but it's not announcing it. It's just not imposing the tariffs on aviation products, industrial chemicals, and semiconductors. It's sort of like the Chinese way of doing...",https://www.foxbusiness.com/media/china-caving-trumps-trade-war-strategy-expert-signals,Lean Right
16,Trump signals concern for Palestinian suffering: ‘We’ve got to be good to Gaza’,"President Donald Trump said he stressed to Israel that humanitarian supplies need to get into the embattled Gaza Strip amid its war against Hamas.
“We’ve got to be good to Gaza,” Trump said he told Israeli Prime Minister Benjamin Netanyahu. “Those people are suffering. We’ve got to be good to Gaza.”
“We’re going to take care of that,” Trump continued Friday. “There’s a very big need for medicine, food, and medicine, and we’re taking care of it.”
Trump and Netanyahu spoke over the phone earlier this week, and Trump was asked by reporters aboard...",https://www.washingtonexaminer.com/news/white-house/3391982/trump-gaza-aid-phone-call-benjamin-netanyahu-israel/,Lean Right
17,Black Democrats who attended Harvard and Candace Owens agree on one thing: Trump’s campus crackdown goes too far,"It’s a rare moment in American politics when ultra-conservative personality Candace Owens and Democrats are on the opposing side of Donald Trump. The political firebrand publicly condemned the president’s crusade against Harvard University and other college campuses; Trump has threatened to rescind billions in federal grants if the institution did not agree to a list of demands that Harvard described as going “beyond the power of the federal government.”
As Owens put it, Trump’s battle with Harvard–which has escalated to a federal lawsuit filed by the very wealthy Ivy League–is a fight over free speech.",https://thegrio.com/2025/04/25/black-democrats-who-attended-harvard-and-candace-owens-agree-one-thing-trumps-campus-crackdown-goes-too-far/,Lean Left
18,"Pope Francis laid to rest after 250,000 attend funeral service","Pope Francis’ funeral this morning followed many traditions, but also included a few surprises, according to CNN’s Vatican correspondent Christopher Lamb.
Here are some surprises of the day:
The pope’s final journey: Pope Francis was transferred from the Vatican to the Basilica di Santa Maria Maggiore in the popemobile this morning, passing through the streets of Rome full of mourners. “No one had foreseen that,” according to Lamb.
World leader meetings: US President Donald Trump and Ukrainian President Volodymyr Zelensky met ahead of the funeral. “Francis throughout his life made repeated appeals...",https://www.cnn.com/world/live-news/pope-francis-funeral/index.html,Lean Left
19,Who was at Pope Francis' funeral and where did they sit?,"Numerous world leaders and royals have gathered in Rome for Pope Francis' funeral.
Among the most prominent figures at the Vatican's St Peter's Square on Saturday morning were Prince William, US President Donald Trump and his predecessor Joe Biden, Britain's Prime Minister Sir Keir Starmer and French President Emmanuel Macron.
Their attendance comes at a fragile time for international diplomacy, with Trump meeting Ukraine's President Volodymyr Zelensky before the service.",https://www.bbc.com/news/articles/c5y6rg6wpvgo,Center
0,What to know about Trump’s proposal to carve up Ukraine,"Russia’s war on Ukraine may be entering a pivotal moment.
President Donald Trump, who CNN reported Friday has been surprised and frustrated at the difficulty of achieving his promise of ending the war, wants Ukraine to give up territory in exchange for peace and essentially cede control of Crimea, the peninsula Russia first invaded in 2014.
Russia controls nearly 20% of Ukraine, much of which could be lost under the current US proposal...",https://www.cnn.com/2025/04/26/politics/gut-up-to-speed-as-on-ukraine-as-trump-says-a-peace-deal-is-close/index.html,Lean Left
1,"Trump, Zelenskyy meet privately ahead of pope's funeral","President Donald Trump and Ukrainian President Volodymyr Zelenskyy met privately in St. Peter's Basilica on Saturday before attending the funeral for Pope Francis.
French President Emmanuel Macron also spoke to Trump and Zelenskyy before they sat down to talk, according to a video posted by White House deputy chief of staff Dan Scavino.
White House Communications Director Steven Cheung told the press pool traveling with Trump that the two men had a ""very productive session."" More details about the meeting ""will follow,"" he said...",https://abcnews.go.com/Politics/trump-zelenskyy-meet-privately-ahead-popes-funeral/story?id=121188385,Lean Left
2,China Quietly Exempts Some U.S.-Made Products From Tariffs,"China’s government has exempted some U.S. imports that the country would struggle to immediately source from elsewhere from its retaliatory tariffs, people familiar with the matter said.
Chinese authorities have told some importers of American goods that they would waive the most recent 125% increases in tariff rates for certain U.S. imports. Those products include certain semiconductors and chipmaking equipment, medical products and aviation parts, the people said...",https://www.wsj.com/economy/trade/china-quietly-exempts-some-u-s-made-products-from-tariffs-b7bc033c?msockid=0965b964e592626e195fa8ade4f66332,Center
3,Canada is gearing up for federal election. Here’s what’s at stake,"Canadians will vote for a new government on Monday in an election that has been upended by U.S. President Donald Trump ‘s trade war and his threats to make Canada the 51st state.
Prime Minister Mark Carney and the governing Liberal Party appeared poised for a historic election defeat until Trump slapped heavy tariffs on Canada and began threatening its sovereignty.
Trump’s attacks have infuriated Canadians, who are canceling trips to their southern neighbor and avoiding buying American goods when they can. The surge in Canadian nationalism has bolstered the Liberals’ poll numbers...",https://apnews.com/article/canada-election-carney-poilievre-trump-f9804b0c1bafcfe32f5e010a0b61c4dd,Left
4,"U.S. says ""further progress was made"" in third round of nuclear talks with Iran","The U.S. and Iran concluded on Saturday the third round of nuclear talks and agreed to meet again on May 3, said Omani foreign minister Badr Al-Busaidi, who is mediating between the parties.
Why it matters: The talks in Muscat on Saturday were the first time the parties dived into the technical details of a possible nuclear deal, especially the limitations the U.S. wants to impose on Iran's nuclear program and the sanctions Iran wants the U.S. to lift.
""The talks in Muscat were positive and productive. There is still much to do,
...",https://www.axios.com/2025/04/26/us-iran-nuclear-talks-meet-next-week,Lean Left
5,Shedeur Sanders' NFL Draft freefall has sports world in shock: 'This is disgusting',"When quarterback prospect Shedeur Sanders fell out of the first round of the 2025 NFL Draft, there were some who couldn’t believe he hadn't been picked by an organization, although it wasn’t considered a total shock. 
But with Friday night seeing three more quarterbacks not named Sanders come off the draft board, the reaction was pure shock. 
Sanders, the Colorado Buffaloes quarterback who was a Heisman Trophy finalist this past college season, remains available heading into the third and final day of the NFL Draft. There have been 102 prospects taken off the board,...",https://www.foxnews.com/sports/shedeur-sanders-nfl-draft-freefall-has-sports-world-shock-this-disgusting,Right
6,A Massive Explosion and Fire Strikes Iranian Port and Injures at Least 516 People,"A massive explosion and fire rocked a port Saturday in southern Iran, injuring at least 516 people, state television reported.
The blast happened at the Shahid Rajaei port just outside of Bandar Abbas, a major facility for container shipments for the Islamic Republic that handles some 80 million tons (72.5 million metric tons) of goods a year.
Social media videos showed black billowing smoke after the blast. Others showed glass blown out of buildings kilometers (miles) away from the epicenter of the explosion.
Authorities offered no cause for the explosion...",https://cbn.com/news/world/massive-explosion-and-fire-strikes-iranian-port-and-injures-least-516-people,Right
7,"Three U.S. citizens, ages 2, 4 and 7, swiftly deported from Louisiana","According to their lawyers, both families were taken into custody while attending routine check-ins this week in New Orleans as part of the Intensive Supervision Appearance Program, which allows individuals to remain in their communities while undergoing immigration proceedings. Lawyers say the families were taken to Alexandria, Louisiana, a three-hour drive from New Orleans, where they were prevented from communicating with their family members and legal representatives and then put on a flight to Honduras. “I don’t know how much more of a blatant or clear constitutional violation there can...",https://washingtonpost.com/immigration/2025/04/26/us-citizen-children-deported-ice,Lean Left
8,"Man arrested in theft of DHS chief Kristi Noem's purse is in the U.S. illegally, official says","The suspect who was arrested Saturday in the theft of Secretary Kristi Noem’s purse is in the country illegally, the U.S. Attorney for the District of Columbia said in an interview with NBC News.
Ed Martin said a second suspect who also is in the country illegally is being sought by law enforcement.",https://www.nbcnews.com/politics/national-security/man-believed-stolen-dhs-chief-kristi-noems-purse-custody-rcna203176,Lean Left
9,"More Americans are financing groceries with buy now, pay later loans — and more are paying those bills late, survey says","A growing number of Americans are using buy now, pay later loans to buy groceries, and more people are paying those bills late, according to new Lending Tree data released Friday. 
The figures are the latest indicator that some consumers are cracking under the pressure of an uncertain economy and are having trouble affording essentials such as groceries as they contend with persistent inflation, high interest rates and concerns around tariffs. ",https://www.cnbc.com/2025/04/26/americans-groceries-buy-now-pay-later-loans.html,Lean Left
10,Here’s what USAID really did — it wasn’t bunnies and rainbows,"I am a human rights activist and advocate for my country — Macedonia — and for its language and its culture.
As an American taxpayer, you have probably never heard of me. You might not know much about Macedonia or even be able to find it on a map.
But here’s one thing you have a right to know: Millions of your taxpayer dollars were spent to foment a political crisis in my country, to overthrow its government, and even to defame me personally.",https://thehill.com/opinion/international/5266753-usaid-macedonia-political-crisis/,Center
11,"Poll: Majority says U.S. headed in wrong direction, but less than under Biden","As America approaches the first 100 days of President Donald Trump’s second term in office, the majority of voters say the nation is on the wrong track, but fewer do than before Trump was reelected.",https://www.thecentersquare.com/national/article_7be77d2f-47e9-4c6f-981a-86bf13f30e9e.html,Lean Right
0,FBI launches Tesla threats task force: ‘This is domestic terrorism’,"The FBI said on Monday that it has launched a task force to investigate scores of attacks in recent weeks targeting Tesla, the electric vehicle company headed by Trump administration DOGE chief Elon Musk.
The announcement of the task force, which is operating in conjunction with the Bureau of Alcohol, Tobacco, Firearms and Explosives, came hours after a bomb squad found multiple incendiary devices at a Tesla showroom in Austin, Texas, the same city where the company has its headquarters.
That incident is the latest in a series of attacks and vandalism on Tesla properties related to CEO Musk’s DOGE team.
DOGE,...",https://www.cnbc.com/2025/03/24/fbi-tesla-elon-musk-task-force-threats-trump-doge.html,Lean Left
1,"First confirmed case of measles in Washington, D.C. investigated by health officials","A confirmed case of measles in Washington, D.C. is being investigated by health officials after the contagious person visited several locations in the district. The DC Department of Health warned the public of the potential exposure in a press release shared late Tuesday morning. TENNESSEE REPORTS FIRST MEASLES CASE AMID U.S. OUTBREAK According to the release, those who were in the following places in the district at the listed times may have been exposed: Measles is a highly contagious virus that spreads through the air when an infected person coughs...",https://foxnews.com/health/first-confirmed-case-measles-washington-d-c-investigated-health-officials,Right
2,Chinese EV giant BYD outpaces Tesla with annual sales of more than $100 billion,"Chinese automaker BYD reported annual revenue of 777 billion yuan ($107 billion) for 2024, leapfrogging U.S. rival Tesla as competition between the two electric vehicle rivals heats up.
In a filing published Monday, BYD posted a 29% increase in revenue from the previous year, bolstered by sales of its hybrid vehicles. This figure exceeded the $97.7 billion annual revenue reported by Elon Musk’s Tesla.",https://www.cnbc.com/2025/03/25/ev-giant-byd-outpaces-tesla-with-annual-sales-of-over-100-billion.html,Lean Left
3,West Virginia Bans Food Additives In Line With 'Make America Healthy Again' Movement,"Schools will also not be allowed to serve foods with the banned additives starting in August 2025. There are at least another 20 states considering similar restrictions, but this bill is the first of this magnitude to be passed, according to The New York Times. The following dyes will be banned: Blue No. 1, Blue No. 2, Green No. 3, Yellow No. 5, Yellow No. 6, Red No. 40 ― and Red No. 3 (which the U.S. Food and Drug Administration banned in January). It also includes two preservatives: Propylparaben...",https://huffpost.com/entry/west-virginia-bans-food-additives-make-america-healthy-again_n_67e2e825e4b045cbae7bfcaf,Left
4,Has Elon Musk’s PAC in the 2025 Wisconsin Supreme Court race set the record for outside spending on state court elections?,"The Elon Musk–founded America PAC has spent at least $11.5 million on the April 1 Wisconsin Supreme Court election, WisPolitics reported March 24. AllSides highlights content from Gigafact, a network of newsrooms that respond to online claims. View the full fact brief on Wisconsin Watch.",https://gigafact.org/fact-briefs/wisconsin-supreme-court-elon-musk-pac-outside-spending-election/?utm_source=allsides&utm_id=112,Center
5,Florida considers bill to roll back child labor laws to fill jobs once held by undocumented migrants,"Florida lawmakers are considering major changes to state child labor laws that would loosen restrictions on when and how long teens can work, as the state braces for a shortage of migrant workers under GOP-led immigration crackdowns.
A state Senate panel narrowly advanced a proposal Tuesday to eliminate regulations that bar 16- and 17-year-olds from working jobs before 6:30 a.m. or after 11 p.m. on school days, working more than eight hours on school days and working more than 30 hours a week while in school. The proposal also would end a requirement...",https://thehill.com/homenews/state-watch/5213592-florida-child-labor-law-changes/,Center
6,"Oz moves closer to confirmation as Medicare, Medicaid chie","Mehmet Oz is a step closer to being confirmed as the next head of the Centers for Medicare and Medicaid Services, after the Senate Finance Committee on Tuesday advanced his nomination.
The vote was 14-13 along party lines.
Democrats slammed Oz for not committing to stop potential GOP cuts to Medicaid, as well as his previous support for Medicare Advantage plans and privatizing Medicare. ",https://thehill.com/policy/healthcare/5212230-dr-mehmet-oz-cms-confirmation/,Center
7,Tesla's February market share in Europe drops despite EV pickup,"Tesla's (TSLA.O), opens new tab market share in Europe continued to shrink year-on-year in February, data showed on Tuesday, as sales of the all-electric car maker dropped for a second month despite rising EV registrations overall on the continent.
As competition grows and a slowdown in European economies hampers total car sales, Elon Musk's battery-electric (BEV) brand has sold 42.6% fewer cars in Europe so far this year, data from the European Automobile Manufacturers Association (ACEA) showed.",https://www.reuters.com/business/autos-transportation/teslas-february-market-share-europe-drops-despite-ev-pickup-2025-03-25/,Center
8,Senate confirms Trump’s nominee to run NIH,"The Senate on Tuesday confirmed health researcher Jay Bhattacharya as the next leader of the National Institutes of Health (NIH). 
Bhattacharya was confirmed on a party- line vote, 53 to 47. 
Bhattacharya became a celebrity among many Americans during the COVID-19 pandemic for criticizing masking orders, school closures and other measures meant to mitigate the spread of the virus.   ",https://thehill.com/policy/healthcare/5213872-jay-bhattacharya-senate-confirmed-nih/,Center
9,Gov. DeSantis said he returned $500M in funds to US Treasury because of 'strings attached',"Florida Gov. Ron DeSantis said he returned nearly $500 million to the U.S. Treasury because the money had ""too many strings attached.""
The two-term Republican governor mentioned he'd recently met with Elon Musk and the U.S. Department of Government Efficiency about $330 million that was allocated for Florida projects. He also said the grant would have required the state to check tailpipe emissions, something that DeSantis said he would never do.",https://www.thecentersquare.com/florida/article_7daf31cb-258e-42a3-8925-8480b03bb994.html,Lean Right
10,DEI Is Dying,"President Donald Trump ended federal DEI programs.
Even before, companies were having second thoughts.
Victoria's Secret changed ""Diversity, Equity and Inclusion"" to ""inclusion and belonging.""
Now, even woke Disney, despite squandering 270 million shareholder dollars on a moronic new version of ""Snow White,"" joined the mob of companies dropping DEI programs.
Why? Diversity, equity and inclusion sound good.
 ",https://townhall.com/columnists/johnstossel/2025/03/26/dei-is-dying-n2654489,Lean Right
11,Debt limit time crunch could test both parties,"House Democrats are sending an early warning shot as the government’s borrowing window inches to a close: winning Democratic support for a debt-ceiling hike will come at a cost for Republicans.
The minority-party Democrats have little power to dictate the debate, but a number of conservative Republicans have long opposed debt limit increases to protest deficit spending. The dynamics could give Democrats leverage in the fight — and they say they intend to use it.
“We’d want to negotiate, because we know they’ve got a lot of Freedom Caucus folks...",https://thehill.com/homenews/house/5213645-debt-limit-democrats-republicans/,Center
12,What the Bernie Sanders and Alexandria Ocasio-Cortez mega-rallies are really about,"Bernie Sanders and Alexandria Ocasio-Cortez are striking a chord.
The socialist firebrands have been criss-crossing the country, attracting some of the largest crowds of their careers. Their rallies are bigger than any other events currently being held by Democrats, and party figures of all stripes are taking notice.
To progressives, it’s nothing short of a revival. And many Democrats, including those with ties to the party establishment, are just breathing a sigh of relief that they might finally have found a rallying cry in the face of the GOP’s all-out...",https://www.politico.com/news/2025/03/26/what-the-bernie-sanders-and-alexandria-ocasio-cortez-mega-rallies-are-really-about-00249753,Lean Left
13,An M.I.A. Congress Exacerbates the Clash Between Trump and the Courts,"Congress has to step up and take some responsibility for the shaping of public policy.
Despite the hand-wringing of the commentariat, the fights between the Trump White House and some federal trial judges has yet to reach a “constitutional crisis.” A few federal district judges have issued scores of injunctions temporarily blocking some elements of Trump’s agenda for his first 100 days. But rather than a breakdown in the constitutional order, this jostling fulfills the Framers’ design for the separation of powers, which encourages conflict between the branches of government.
Some...",https://www.nationalreview.com/2025/03/an-m-i-a-congress-exacerbates-the-clash-between-trump-and-the-courts/,Lean Right
14,Senate confirmation hearings held for former Arkansas Gov. Mike Huckabee’s Israel ambassadorship,"Former Arkansas governor Mike Huckabee started his Senate confirmation journey to become the next ambassador to Israel on Tuesday.
The Senate Committee on Foreign Relations asked Huckabee questions concerning conflicts in the region, like the Oct. 7, 2023, Hamas attack on Israel, as well as ending the conflict and returning hostages home.
He said it’s the first item of business.",https://www.kark.com/news/politics/senate-confirmation-hearings-held-for-former-arkansas-gov-mike-huckabees-israel-ambassadorship/,Center
15,Q&A on Egg Prices,"President Donald Trump campaigned in 2024 on lowering egg prices, which increased significantly toward the end of the term of his predecessor, former President Joe Biden.
Where do prices stand now? What caused them to spike last year?
Here, we answer those and other questions about the cost of the popular food item.
Are egg prices going up or down?
That depends on which prices you’re talking about.
In remarks on March 16, Trump said that when he began his second term in January, the price of “eggs were through the roof,”...",https://www.factcheck.org/2025/03/qa-on-egg-prices/,Lean Left
16,"Chuck Schumer Survived The Shutdown Fight, But His Real Test Is Coming","Senate Minority Leader Chuck Schumer’s decision not to block a Republican spending bill earlier this month unleashed a tidal wave of anger within the Democratic Party, prompting calls for him to step aside and shaking his hold on his caucus like never before.
But the New York senator is not out of the woods just yet. Under-fire congressional leaders historically struggle to shake off intra-party criticisms, and how he handles a battle against a massive GOP plan to extend tax cuts for the wealthy and the need to recruit candidates for the...",https://www.huffpost.com/entry/chuck-schumer-democrats-leader_n_67e32389e4b0f4485e49b528,Left
17,More illegal migrants are fleeing into Canada over the northern border than are coming into US after Trump’s crackdown,"More migrants are fleeing into Canada across the border than are coming south into the US after President Trump’s crackdown on illegal immigration, sources told The Post.
Homeland Security sources said that there are “lots of northbounders” now running scared and “self-deporting” from the US with Trump back in office.
Venezuelan migrants walk off a deportation flight after arriving back home as part of the Trump administration’s mass deportation effort.AP
In a remote stretch of Washington state, border agents report seeing an average of five migrants crossing illegally north into Canada each day.
The...",https://nypost.com/2025/03/25/us-news/more-migrants-fleeing-into-canada-than-crossing-south-into-us-after-trump-crackdown/,Lean Right
18,US Supreme Court to scrutinize Federal Communications Commission fund's legality,"The U.S. Supreme Court is set on Wednesday to hear the Federal Communications Commission's defense of the mechanism it uses to fund a multi-billion dollar effort to expand phone and broadband internet access to low-income and rural Americans and other beneficiaries.
The FCC and a coalition of telecommunications firms and interest groups have appealed a lower court's ruling that found that the agency's funding operation effectively levied a ""misbegotten tax"" on American consumers in violation of the U.S. Constitution's vesting of legislative authority in Congress. It is the latest case to come...",https://www.reuters.com/legal/us-supreme-court-scrutinize-federal-communications-commission-funds-legality-2025-03-26/,Center
19,Have Young People Really Turned MAGA?,"Democrats were alarmed last spring and summer when polling suggested that voters ages 18 to 29 were softening in their longtime commitment to the Democratic Party. After the November election, when exit polls indicated that Kamala Harris had won the young adult vote by only a slim margin (if that), it seemed that the ground had shifted. A post-inauguration cover story in New York magazine on young Trump supporters partying it up in Washington captured a widespread impression that this was a generational realignment: the rise of a cadre of MAGA youth.
After examining new survey data...",https://www.nytimes.com/2025/03/26/opinion/young-maga-trump-vote.html,Left
20,Senate Confirms Investment Banker John Phelan as Navy Secretary,"The Navy has a new civilian leader with a hefty business resume but no military experience after the Senate voted Monday evening to approve John Phelan as the service's secretary.
The Senate voted 62-30 to confirm Phelan as Navy secretary, making him the civilian head of both the Navy and Marine Corps and putting him in charge of the health and well-being of more than 1 million sailors, Marines, reservists and civilian personnel and an annual budget of more than $250 billion.",https://www.military.com/daily-news/2025/03/25/businessman-john-phelan-gets-senate-approval-lead-navy.html,Lean Left
21,"DOGE staffer 'Big Balls' provided tech support to cybercrime ring, records show",The best-known member of Elon Musk's U.S. DOGE Service team of technologists once provided support to a cybercrime gang that bragged about trafficking in stolen...,https://www.reuters.com/world/us/doge-staffer-big-balls-provided-tech-support-cybercrime-ring-records-show-2025-03-26/,Center
22,"Evidence indicates former US Attorney Jessica Aber, 43, died of natural causes in Virginia home: police","Former US Attorney Jessica Aber, who was found dead Saturday morning in her Virginia home, appeared to have succumbed to natural causes, according to authorities.
“At this time, detectives have found no evidence suggesting that her death was caused by anything other than natural causes,” Alexandria police said in an update Tuesday evening.
The body of the 43-year-old lawyer who headed the Office of the US Attorney for the Eastern District of Virginia during the Biden administration was found around 9:20 a.m. by police, leading to a wave of condolences from former...",https://nypost.com/2025/03/26/us-news/us-attorney-jessica-aber-evidence-indicates-she-died-of-natural-causes-in-virginia-home-police/,Lean Right
23,"Yes, Pete Hegseth Should Be Fired for What He Texted — and for Lying About It","On Monday, I wrote that Defense Secretary Pete Hegseth should be fired for his egregious behavior in the now-infamous Signal group chat’s disclosure to a journalist of military operational planning in advance of the strikes on the Houthis:
Pete Hegseth — the top civilian in the Department of the Defense and a man who has command authority over U.S. military operations worldwide — texted information, over an unsecured channel, that “contained operational details of forthcoming strikes on Yemen, including information about targets, weapons the U.S. would be deploying, and attack sequencing.” That’s...",https://www.nationalreview.com/corner/yes-pete-hegseth-should-be-fired-for-what-he-texted-and-for-lying-about-it/,Right
24,"Who Is Jeffrey Goldberg, the Editor Mistakenly Added to the Signal Chat?","Jeffrey Goldberg may be one of the last journalists the Trump administration would want to inadvertently include on a private text thread discussing war plans. But according to Mr. Goldberg’s stunning revelation on Monday, that is exactly what happened.
Mr. Goldberg, 59, was a well-known national security reporter before he took over as editor in chief of The Atlantic in 2016. He was born in Brooklyn and studied at the University of Pennsylvania before dropping out and moving to Israel to serve in the Israel Defense Forces. He wrote about his time...",https://www.nytimes.com/2025/03/25/business/media/who-is-jeffrey-goldberg.html,Lean Left
25,DeSantis said he sent $900M back to the feds. Here’s the rest of the story,"Gov. Ron DeSantis generated headlines and praise over the weekend after announcing that Florida was helping Elon Musk’s DOGE efforts by “returning” nearly $900 million to the federal government. “Almost a billion dollars of your taxpayer money saved,” Musk touted.
Read more at: https://www.miamiherald.com/news/politics-government/state-politics/arti...",https://www.miamiherald.com/news/politics-government/state-politics/article302695579.html,Lean Left
26,Florida Senate committee approves bill relaxing child labor laws,"Florida’s Senate Committee on Commerce and Tourism approved a bill that relaxes child labor laws. The bill removes restrictions on 16- and 17-year-olds to work up to eight hours a day before 6:30 a.m. or after 11 p.m., even on school nights.
It also removes mandated breaks for those working four continuous hours and eases restrictions for 14 and 15-year-olds with certain qualifications.
Bill sponsor Sen. Jay Collins, R-Tampa, argues it supports parental rights and aligns with federal laws, while critics warn it could lead to exploitation.",https://san.com/cc/florida-senate-committee-approves-bill-relaxing-child-labor-laws/,Center
27,Supreme Court appears divided over Louisiana map with second black-majority district,"The Supreme Court on Monday weighed whether a Louisiana congressional map that includes two majority-black districts for the first time in decades is a lawful effort to comply with the Voting Rights Act or an unconstitutional racial gerrymander.
At the heart of the case is a tension between two key legal standards: Section 2 of the Voting Rights Act, which instructs states to avoid any unnecessary dilutions to minority groups’ voting powers, and the 14th Amendment’s equal protection clause, which bars race-based decision-making without compelling justification.",https://www.washingtonexaminer.com/news/supreme-court/3357120/supreme-court-divided-louisiana-map-second-black-majority-district/,Lean Right
28,Real America’s Voice: How a tiny pro-Trump news network founded by a convicted criminal got so close to the president,"Real America’s Voice was once an also-ran in the conservative news business. But it is now the key link between President Trump’s company—Trump Media & Technology Group—and his most prominent boosters in the media. With its spot in the White House press pool, RAV has gone from being an upstart TV network founded by a man once convicted of mortgage fraud to walking the halls of power. For this story, Fortune spoke to six former employees who worked for RAV’s parent company and its subsidiaries and we contacted eight police departments and nine...",https://fortune.com/2025/03/26/real-americas-voice-donald-trump-media-robert-sigg/,Center
0,"Egypt makes new proposal to restore Gaza ceasefire deal, sources say","gypt made a new proposal last week aimed at restoring the Gaza ceasefire deal, security sources told Reuters on Monday.
The proposal follows an escalation in violence after Israel resumed air and ground operations against Hamas last Tuesday, effectively ending a two-month period of relative calm.",https://www.reuters.com/world/middle-east/egypt-makes-new-proposal-restore-gaza-ceasefire-deal-between-israel-hamas-2025-03-24/,Center
1,"Sinaloa Cartel smuggler at U.S.-Canada border says he'll ""always"" find a way to get migrants into the U.S.","On February 1st, President Trump imposed 25% tariffs on nearly all goods imported from Canada. Since then, his administration has engaged in an on again off again trade war with our longtime ally. The tariffs were imposed based on the exaggerated claim that millions of criminals and tons of deadly fentanyl have been pouring over the border into the United States— and that Canada has allowed it to happen.
Last month we went to the northern border, to the Chazy River, where even in the middle of winter, migrants continue...",https://www.cbsnews.com/news/smuggler-migrants-us-canada-border-60-minutes-transcript/,Lean Left
2,"Bad Signal: An Ugly Mistake, and No One Will Be Held Accountable","On the menu today: The highest levels of the administration display a jaw-dropping casual disregard for laws regarding the handling of classified information; officials refuse to hold themselves to the standard they held their predecessors, and their response indicates a deep-rooted culture of irresponsibility, excuse-making, and blame-shifting.
The frightening thing is, I could have written that sentence about the past three or four administrations.",https://www.nationalreview.com/the-morning-jolt/bad-signal-an-ugly-mistake-and-no-one-will-be-held-accountable/,Lean Right
3,Trump’s Pick to Lead Social Security Administration Faces Senators,"Frank Bisignano, the Wall Street veteran being considered to lead the Social Security Administration, will go before the Senate on Tuesday morning, where lawmakers will demand answers about his plans for an agency recently thrown into tumult.
The plans being laid by the Trump administration for the typically staid agency — long viewed as a third rail of government — have prompted widespread outcry given its crucial work: It delivers billions of dollars in retirement, survivor and disability payments to 73 million people each month. The agency typically evolves slowly, aware that...",https://www.nytimes.com/2025/03/25/us/politics/social-security-frank-bisignano-confirmation.html?smid=url-share,Lean Left
4,"‘Borrowers have zero power’: Trump moving student loans to SBA sparks concern, confusion","President Trump moving student loans from the Education Department to the Small Business Administration (SBA) is rattling those affected, who say it is prime evidence that the White House has no real plan for its efforts to dismantle the Department of Education.  
Trump signed an executive order Thursday seeking to wind down the Education Department, and he said student loans would move to the SBA the next day — the same day that agency announced it was cutting 40 percent of its workforce.   ",https://thehill.com/homenews/education/5211381-borrowers-have-zero-power-trump-moving-student-loans-to-sba-sparks-concern-confusion/,Center
5,Trump Admin's Venezuelan Gang Deportation Case 'Likely Headed to the Supreme Court',"President Trump is invoking a ""state secret privilege"" and refusing to provide any additional information to the D.C. District Court judge involved in the high-profile Venezuelan migrant deportation case.
Citing the Alien Enemies Act, an 18th-century wartime law, the Trump administration recently deported hundreds of reported Venezuelan gang members to El Salvador. As planes were in the middle of the trip, a federal judge ruled against the move, yet the administration continued the deportations, setting up this latest showdown.",https://cbn.com/news/politics/trump-admins-venezuelan-gang-deportation-case-likely-headed-supreme-court,Right
6,A second judge rules against Trump's removal of transgender troops,"A federal judge from New Jersey temporarily blocked the Trump administration from separating two transgender service members from the Air Force. 
The ruling is the second instance when a federal judge has ruled against the Trump administration as it seeks to implement its ban against transgender people from serving in the military. ",https://www.foxnews.com/politics/second-judge-rules-against-trumps-removal-transgender-troops,Right
7,23andMe bankruptcy underscores health privacy gaps,"The demise of 23andMe illustrates the vulnerable state of Americans' health data, as med tech companies vacuum up more personal information with little regulatory oversight.
Why it matters: Fitness trackers, wellness apps, genetic tests and other direct-to-consumer tools that capture personal health information aren't subject to federal health data privacy laws. That could open the door to fraud or discrimination.",https://www.axios.com/2025/03/25/23andme-bankruptcy-hipaa-privacy,Lean Left
8,USPS Postmaster General Louis DeJoy steps down after five years,"United States Postal Service Postmaster General Louis DeJoy stepped down from his role Monday.
DeJoy was nearing his fifth year in the role and left his 10-year plan for the organization for his successor to accomplish. Meanwhile, President Donald Trump has teased his own plan to privatize the service.",https://www.washingtonexaminer.com/policy/infrastructure/3357858/usps-postmaster-general-louis-dejoy-steps-down/,Lean Right
9,Sleepwalking Into a Cashless Society,"Philip Lane, chief economist of the European Central Bank, recently expressed urgency for the need to develop a digital euro—also known as a central bank digital currency (CBDC)—to compete against stablecoins such as Tether and electronic payment systems developed by U.S. tech firms, such as Google Pay and Apple Pay. Not content with eliminating cash, now the goal of central banks is to eliminate any competing electronic payment system.
We're sleepwalking into a world with digital currencies without any government coercion whatsoever. As a 51-year-old Generation Xer, I carry lots...",https://reason.com/2025/03/25/sleepwalking-into-a-cashless-society/?comments=true#comments,Center
10,Jeffrey Goldberg on the Group Chat That Broke the Internet,"It’s happened to the best of us. We mistakenly send a text about a colleague we are mad at to that very colleague. We accidentally include our mom on the sibling text chain about our mom. Today on Radio Atlantic, a much higher-stakes texting error: The Atlantic’s editor in chief, Jeffrey Goldberg, received a connection request on Signal from a “Michael Waltz,” which is the name of President Donald Trump’s national security adviser. Two days later, he was added to a group text with top administration officials created for the purpose of coordinating high-level national-security...",https://www.theatlantic.com/podcasts/archive/2025/03/jeffrey-goldberg-group-chat-broke-internet/682161/,Left
11,Trump Administration Plans to Freeze Family-Planning Grants,"The Trump administration is moving to freeze tens of millions of dollars in federal family-planning grants to certain organizations while it investigates whether the money was used for diversity efforts, people familiar with the matter said. ",https://www.wsj.com/politics/policy/trump-administration-plans-to-freeze-family-planning-grants-541441be?mod=hp_lead_pos4,Center
12,Texas Rep. Jasmine Crockett mocks wheelchair-bound Greg Abbott as ‘Gov. Hot Wheels’,"Texas Rep. Jasmine Crockett mocked her state’s governor during a weekend appearance, referring to Greg Abbott — who uses a wheelchair — as “Gov. Hot Wheels” while speaking at a banquet in Los Angeles.
“You all know we got Gov. Hot Wheels down there. Come on, now,” Crockett, a Dallas Democrat, said about Abbott, a Republican, while addressing the Human Rights Campaign event. “And the only thing hot about him is that he is a hot-ass mess, honey.”
Abbott was paralyzed in 1984 after a tree fell on him while...",https://apnews.com/article/crockett-abbott-wheelchair-a38d50b41e35cc6e05f5d72ad74ff54f,Left
0,Critics slam ‘Snow White’ as film on track to be lowest Disney live-action remake in studio’s history,"Walt Disney Studios’s new ""Snow White"" film is having a tough opening weekend.
Not only is the film projected to have the lowest opening weekend among the studio’s live-action remakes so far, the movie is getting bombarded with bad reviews. 
""The movie does earn points as a bedtime story, however, because it will definitely put you to sleep,"" Rolling Stone critic David Fear quipped in his review. ",https://www.foxnews.com/media/critics-slam-snow-white-film-track-lowest-disney-live-action-remake-studios-history,Right
1,The Agony of John Roberts,"Pity poor John Roberts. No, he’s not corrupt or compromised. He is simply a man who has found himself at a pivotal time and place in a position of great responsibility for which he is utterly unsuited. He’s not a dumb man. He is, in fact, a very smart man – Hugh Hewitt knew him personally in the Reagan administration and testifies to that. I have no doubt it’s true. I know many smart people who have similar flaws. As objectively intelligent as John Roberts is, he is unwise, and he is...",https://townhall.com/columnists/kurtschlichter/2025/03/24/the-agony-of-john-roberts-n2654296,Right
2,GOP senators warn Trump agenda will be slowed by internal divisions,"Senate Majority Leader John Thune (R-S.D.) has cautioned GOP colleagues that the Senate isn’t likely to pass President Trump’s border security, energy and tax agenda until July, at the earliest, and some Republican senators are warning the bill could drag well into the fall.
Much of Washington’s attention has focused on the rocky path Trump’s agenda faces in the House, where Speaker Mike Johnson’s (R-La.) slim majority means he can only lose one GOP vote and still pass GOP legislation.
But Republican senators are warning that getting a major package through the Senate will take months...",https://thehill.com/homenews/senate/5208119-trump-agenda-senate-delay/,Center
3,House vs. Senate tensions jam up the Trump agenda,"Congressional Republicans left Washington riding high after their big victory on government spending. Now they’re returning to face a brutal reality check: Their legislative agenda is going nowhere fast.
Now months into the process, House and Senate Republicans are still trading barbs and accusing each side of slowing down progress on President Donald Trump’s top legislative priority — a sweeping bill linking a tax overhaul to energy, defense and border policies.
When GOP lawmakers return to Washington Monday, they will be under fierce pressure to show meaningful progress toward delivering on...",https://www.politico.com/news/2025/03/24/trump-agenda-stuck-congress-00242977,Lean Left
4,The World Health Organization Is Covering for Hamas,"The agency has consistently concealed Hamas’s abuses and misrepresented Israel’s counterterrorism efforts.
On his first day in the Oval Office, President Donald Trump made a decisive move, announcing the United States’ intent to withdraw from the World Health Organization. His executive order pointed to the agency’s botched response to the Covid-19 pandemic, its troubling susceptibility to Chinese political pressure, and the outsized financial burden it places on American taxpayers. But beyond these high-profile failures lies a quieter, more insidious scandal: the WHO’s systematic effort to obscure Hamas’s exploitation of hospitals in...",https://www.nationalreview.com/2025/03/the-world-health-organization-is-covering-for-hamas/,Lean Right
5,Trump’s Baseless Autopen Claim,"Legal experts say there is nothing to President Donald Trump’s claims that several of former President Joe Biden’s pardons are “VOID” because they were signed via autopen.
White House lawyers during the George W. Bush administration said the use of an autopen is perfectly legal, and constitutional scholars say that nothing in the Constitution even requires pardons to be signed anyway. And, they note, pardons cannot simply be overturned by a subsequent president.
Trump is correct that pardons would be invalid if, in fact, as he has claimed, any pardons...",https://www.factcheck.org/2025/03/trumps-baseless-autopen-claim/,Lean Left
6,Trump’s assault on elites encompasses almost every aspect of American life,"President Donald Trump is escalating his multi-front assault on what supporters see as an elite establishment, using raw presidential power to bend the government, law, media, public health, foreign policy, education and even the arts to his will.
Trump left no doubt in last year’s campaign that he’d use executive authority to seek retribution against his political enemies. But his attempt to transform America’s politics and culture is far broader than a personal revenge trip.
He’s targeting Ivy League universities; using executive authority against top law firms; eviscerating the bureaucracy; rejecting...",https://www.cnn.com/2025/03/24/politics/trump-bondi-elite-universities-boasberg-judges-deportation/index.html,Lean Left
7,"Israeli Forces Heighten Attacks in Gaza, Lebanon as US Leaders Focus on Iran","Israel continues to wage war on two fronts this week – to the north in Lebanon and the south in Gaza. The battles with the remnants of Hamas and Hezbollah come as a showdown with Iran and its nuclear program looms over the Middle East.
The Israel Defense Forces struck dozens of Hezbollah rocket launcher sites on Saturday, the largest attack since the ceasefire. The attacks follow a rocket launch from southern Lebanon toward the Galilee.
Israel called it a blatant violation of the ceasefire. Hezbollah denies they were responsible but...",https://cbn.com/news/israel/israeli-forces-heighten-attacks-gaza-lebanon-us-leaders-focus-iran,Right
8,"Chuck Schumer holds firm, rejecting calls to quit as top Senate Democrat","""Look, I'm not stepping down,"" Schumer told NBC's ""Meet the Press.""
Schumer said while the spending bill was ""certainly bad"" and that he had anticipated his support for it would stir controversy, the other option had been to let the government shut down, which would have been ""15 or 20 times worse.""
Schumer said during a shutdown the executive branch had sole power to determine what government functions and employees were essential. In such a scenario, Schumer argued, Trump, his cost-cutting adviser Elon Musk and budget chief Russ Vought could...",https://www.reuters.com/world/us/chuck-schumer-holds-firm-rejecting-calls-quit-top-senate-democrat-2025-03-23/,Center
9,Anger in Greenland over Usha Vance and Mike Waltz’s planned visit this week,"Greenland’s prime minister, Múte B Egede, has called for the international community to step in after it was announced that Donald Trump’s national security adviser and the US second lady will visit the Arctic island, accusing Washington of “foreign interference”.
Mike Waltz and Usha Vance are due to arrive in Greenland this week as part of a delegation that will also include the US energy secretary, Chris Wright.
Trump has pledged to make the autonomous territory – part of the kingdom of Denmark, which ruled Greenland as a colony until 1953 and...",https://www.theguardian.com/world/2025/mar/24/greenland-usha-vance-mike-waltz-visit-anger,Left
10,Supreme Court hears Louisiana racial gerrymandering claim,"The Supreme Court on Monday hears an unusual case in which civil rights groups are in a tentative alliance with Republican officials in defending a Louisiana congressional map that includes two majority Black districts for the first time in decades.
The justices took up an appeal brought by the state over its efforts to draw a map while being sued from the left and right about whether it appropriately considered race in doing so.",https://www.nbcnews.com/politics/supreme-court/supreme-court-hears-louisiana-racial-gerrymandering-claim-rcna197285,Lean Left
11,First black Republican congresswoman Mia Love dies at 49,"Mia Love, the first US black Republican congresswoman, has died aged 49 in Utah, her family has announced.
""She passed away peacefully"" on Sunday, surrounded by family at her home in the town of Saratoga Springs, a statement said.
Love, a daughter of Haitian immigrants, had represented the state of Utah in the House of Representatives.",https://www.bbc.com/news/articles/cy7xzzn3kd2o,Center
12,Take the Casey DeSantis Buzz Seriously,"You may have seen the coverage of my Friday morning interview with Florida Governor Ron DeSantis and Casey DeSantis at the National Review Ideas Summit.
I don’t know if Casey DeSantis will run for governor of Florida in 2026. But consider a handful of facts:
The governor could have come to the NR Ideas Summit alone; the DeSantises came together and did a joint interview.",https://www.nationalreview.com/the-morning-jolt/take-the-casey-desantis-buzz-seriously/,Lean Right
13,Trump says Canadians would pay ‘much lower taxes’ as Americans. He’s wrong.,"“A lot of people in Canada are liking becoming our beautiful, cherished 51st state. They’ll have to pay much lower taxes.”
— President Donald Trump, remarks to the media, Feb. 25
“They [Canadians] wouldn’t be paying for these tariffs. They’d have much lower taxes if they were part of this great country.”
— White House press secretary Katherine Leavitt, remarks at a news briefing, March 6",https://www.washingtonpost.com/politics/2025/03/21/trump-canada-taxes-fact-check/,Lean Left
14,"Fact check Foreign-born people, not necessarily foreigners, occupy 48% of London’s social housing","Key context is missing from a widely shared online claim about the proportion of social housing that foreigners occupy in Britain’s capital London.
One post on X, which received more than 1.9 million views, said: “48% of London’s social housing is occupied by people who are foreign.”
Published on March 11, it included a heat map appearing to show the proportion of foreigners in social housing in each London area. “This is morally wrong,” the post added. “We can’t be the social housing provider for the world.”",https://www.reuters.com/fact-check/fact-check-foreign-born-people-not-necessarily-foreigners-occupy-48-londons-2025-03-24/,Center
15,Protests Erupt As Turkish Opposition Leader Jailed,"Hundreds of thousands of protesters gathered in cities across Turkey on Sunday night, with many calling for an end to President Recep Tayyip Erdoğan’s rule after more than two decades in power. The mass demonstrations, now approaching their sixth day, followed the arrest last week of the longtime Turkish leader’s chief political rival: Istanbul Mayor Ekrem İmamoğlu. ",https://thedispatch.com/newsletter/morning/protests-erupt-as-turkish-opposition-leader-jailed/,Lean Right
16,The Trump Administration Accidentally Texted Me Its War Plans,"The world found out shortly before 2 p.m. eastern time on March 15 that the United States was bombing Houthi targets across Yemen.
I, however, knew two hours before the first bombs exploded that the attack might be coming. The reason I knew this is that Pete Hegseth, the secretary of defense, had texted me the war plan at 11:44 a.m. The plan included precise information about weapons packages, targets, and timing.",https://www.theatlantic.com/politics/archive/2025/03/trump-administration-accidentally-texted-me-its-war-plans/682151/?utm_source=copy-link&utm_medium=social&utm_campaign=share&fbclid=IwY2xjawJOgNJleHRuA2FlbQIxMQABHdUTyZZWDSBz6H3ydXkbdtjDThnTGR9LT4pNYMrMeN5zSNdJbDoQP8tcpg_aem_mMH1gCVXD8ec7f7IFeWgTw,Left
17,Trump says countries that purchase oil from Venezuela will pay 25% tariff on any trade with U.S.,"President Donald Trump said Monday that the U.S. will impose 25% tariffs on countries that buy oil and gas from Venezuela, as he seeks to increase pressure on President Nicolas Maduro and China.
Countries that buy oil and gas from Venezuela will face tariffs on any trade they have with the U.S., Trump said in a post on his social media platform Truth Social. The tariffs take effect on April 2, the president said.",https://www.cnbc.com/2025/03/24/trump-says-any-country-that-purchases-oil-from-venezuela-will-have-to-pay-25percent-tariff-on-trade-with-us.html,Center
18,"Teachers union, NAACP sue Trump over order to dismantle Education Department","Advocacy and labor groups on Monday filed a lawsuit to stop President Trump’s executive order to dismantle the Department of Education, saying the move is unconstitutional and will hurt students.
The National Education Association; the NAACP; the American Federation of State, County and Municipal Employees Maryland Council 3; and a group of public school parents are asking a federal judge to “immediately halt” the administration’s attempt to shutter the department, they said in a statement.",https://www.washingtontimes.com/news/2025/mar/24/teachers-union-naacp-sue-trump-order-dismantle-education-department/,Lean Right
19,Musk and Trump ratchet up involvement in Wisconsin Supreme Court race,"President Donald Trump and billionaire adviser Elon Musk are going all-in on flipping control of Wisconsin’s top court, with Trump endorsing the conservative in the race and Musk’s PAC hunting for votes by offering state residents cash for their contact details.
The burst of support comes as Trump faces his first test with swing-state voters in the April 1 election since winning a second term in November. The court is expected to decide the future of abortion in the state and could redraw a congressional map that has given Republicans...",https://www.washingtonpost.com/politics/2025/03/23/musk-trump-wisconsin-supreme-court/,Lean Left
20,Why extreme violence in the US has police trying new tactics,"Across the United States, recent political protests have taken the form of violence against the car company Tesla – whose CEO Elon Musk is advising the Trump administration in its efforts to radically downsize the federal government.
People have vandalized Tesla charging stations and dealerships, fired bullets into one Oregon showroom, and set cars ablaze this week at a Las Vegas Tesla collision center.",https://www.csmonitor.com/USA/Military/2025/0321/tesla-political-violence-extremism-terrorism,Center
21,Trump Wants Sanctions on Law Firms for 'Frivolous' Suits,"President Donald Trump has issued a memo authorizing the attorney general and secretary of Homeland Security to seek sanctions against legal firms that file lawsuits against the administration that they deem ""frivolous,"" sparking ire from civil rights groups.
""Lawyers and law firms that engage in actions that violate the laws of the United States or rules governing attorney conduct must be efficiently and effectively held accountable,"" Trump wrote in the memo, which was released Saturday.",https://www.newsmax.com/newsfront/donald-trump-pam-bondi-kristi-noem/2025/03/24/id/1204106/,Right
22,"Mia Love, 1st Black Republican woman elected to Congress, dies of cancer at 49","Mia Love, the first Black Republican woman elected to Congress, died Sunday at her home in Utah at the age of 49.
Love's family announced her death Sunday night on social media, saying she was ""in her home surrounded by family"" when she died.
""With grateful hearts filled to overflowing for the profound influence of Mia on our lives, we want you to know that she passed away peacefully today,"" Love's family said in a statement, shared on both X and Facebook.
While the statement did not cite a cause of death, Love's daughter...",https://www.usatoday.com/story/news/politics/2025/03/24/mia-love-republican-congresswoman-dies-brain-cancer/82632505007/,Lean Left
23,23andMe files for Chapter 11 bankruptcy as co-founder and CEO Wojcicki resigns,"23andMe has filed for Chapter 11 bankruptcy protection and its co-founder and CEO has resigned as the struggling genetic testing company continues its push to cut costs.
San Francisco-based 23andMe announced on Sunday that it will look to sell “substantially all of its assets” through a court-approved reorganization plan.
Anne Wojcicki, who co-founded 23andMe nearly two decades ago, is also stepping down as CEO effective immediately, the company said — but will remain on the 23andMe board. Her resignation comes just weeks after a board committee rejected a nonbinding acquisition proposal from...",https://apnews.com/article/23andme-chapter-11-bankruptcy-wojcicki-resigns-9827549d9171a537e76f60cb950d1823,Left
24,Judge claims 'Nazis got better treatment' than Venezuelans deported by Trump,"A U.S. appeals court judge said Monday that Nazis received better treatment than the Venezuelan nationals who were deported to El Salvador by the Trump administration last weekend during a hearing over President Donald Trump's use of an 18th-century wartime authority to remove certain foreigners from U.S. soil.
The back-and-forth comes as the U.S. Court of Appeals for the D.C. Circuit heard arguments from the Trump administration in its emergency appeal of a lower court ruling, which temporarily blocked its use of the Alien Enemies Act of 1798 to immediately deport Venezuelan...",https://www.foxnews.com/politics/judge-claims-nazis-got-better-treatment-than-venezuelans-deported-trump?msockid=0965b964e592626e195fa8ade4f66332,Right
25,Homan blasts blue state as report shows it releasing illegals charged with ‘horrific’ crimes on low bails,"Following a Massachusetts law barring law enforcement cooperation with ICE, illegal child rapists and other serious criminal illegals charged with ""horrific crimes"" are being released on to the streets on bail as low as $500 and, in some cases, no bail at all.
Responding to these releases, Tom Homan, President Donald Trump’s border czar, said that Massachusetts Gov. Maura Healy and Boston Mayor Michelle Wu, both Democrats, ""should be ashamed"" and that despite their actions, deporting criminal illegals ""will be done...",https://www.foxnews.com/politics/homan-blasts-blue-state-report-shows-releasing-illegals-charged-horrific-crimes-low-bails,Right
26,Trump spoke ‘at length’ with Jeff Bezos about changes to the Washington Post,"President Donald Trump revealed a conversation he had with Washington Post owner Jeff Bezos after the latter instituted sweeping changes to the outlet’s opinion pages.
During an interview with OutKick radio host Clay Travis over the weekend, the president talked about his relationship with Bezos, one of the richest men in the world, calling him “a good guy” and praising him for pushing the outlet to be “more fair” in its coverage...",https://www.washingtonexaminer.com/news/3357319/trump-spoke-jeff-bezos-changes-the-washington-post/,Lean Right
27,Man drives into Tesla protesters at dealership: Police,"A man drove his car into protesters outside a Tesla dealership in Florida’s Palm Beach County over the weekend, authorities said.
None of the participants in the demonstration against President Trump and tech billionaire Elon Musk was hurt in the incident.
It comes as protests pop up across the country looking to combat Musk’s role in the Trump administration and with the Department of Government Efficiency (DOGE).
The protests have turned violent and fueled concerns of political violence. There have been vandalized cars, gunshots at dealerships and more...",https://thehill.com/homenews/state-watch/5210315-protesters-tesla-florida-dealership/?tbref=hp,Center
28,"Republicans defend, Democrats decry changes at the U.S. Postal Service","President Donald Trump is standing by Department of Government Efficiency leader Elon Musk in spite of criticism from Democrats from Illinois and around the country.
Union leaders led rallies on Sunday to protest potential changes to the U.S. Postal Service. Trump has suggested a move to privatize the agency or merge it into the Department of Commerce.
U.S. Senator Dick Durbin, D-Illinois, posted a video on X from a downtown Chicago rally on Sunday. Durbin said he opposed Musk and others who want to privatize USPS.",https://www.thecentersquare.com/illinois/article_2036e8b1-123b-4fe3-a11b-091bf366b8f2.html,Lean Right
29,"Ukraine, US to meet in Riyadh after Russia-US Black Sea ceasefire talks","Ukrainian and U.S. delegations are scheduled to meet on Tuesday in Saudi Arabia following Russia-U.S. talks there a day earlier on a limited Black Sea ceasefire proposal that Washington hopes will open the way for broader peace negotiations.
Day-long talks on Monday in Saudi Arabia between Russian and U.S. officials were portrayed by Washington as a step in President Donald Trump's effort to end the three-year-old war.",https://www.reuters.com/world/ukraine-us-meet-riyadh-after-russia-us-black-sea-ceasefire-talks-2025-03-25/,Center
30,Allentown City Hall employee charged with planting noose at own desk,"An Allentown City Hall employee was charged with planting a noose at their desk in January, according to police.
LaTarsha Brown is charged with tampering with or fabricating physical evidence and false reports to law enforcement, Allentown Chief of Police Charles Roca said Monday.
""Today, we're even more surprised to learn that it was likely fabricated by the employee herself,"" Allentown Mayor Matt Tuerk, a Democrat, said.
The Allentown mayor believes the incident has helped bring the conversation over inclusion to the forefront at City Hall.",https://www.cbsnews.com/philadelphia/news/latarsha-brown-allentown-noose-charges/,Lean Left
31,Russian journalists among six reported killed in Ukrainian rocket attack,"A Ukrainian rocket attack killed six people, including three Russian state media workers, in eastern Ukraine’s Russian-occupied Luhansk region, according to Russian news organisations and officials.
The attack on Monday killed war correspondent Alexander Fedorchak, a journalist from Russia’s main pro-Kremlin Izvestia newspaper, as well as a camera operator, Andrei Panov, who worked for Russian television channel Zvezda, and the channel’s driver, Alexander Sirkeli, the Moscow-appointed governor of the Luhansk region, Leonid Pasechnik, said.",https://www.aljazeera.com/news/2025/3/25/russian-journalists-among-six-reported-killed-in-ukrainian-rocket-attack,Lean Left
32,Fox’s Brit Hume on Hegseth’s response to war plans texts: ‘Oh for God’s sake’,"Fox News political commentator Brit Hume on Monday afternoon pushed back on Defense Secretary Pete Hegseth’s claim that “nobody was texting war plans” after news broke that Hegseth and other Trump administration officials discussed plans for an attack against Houthi rebels in Yemen on a text chain that mistakenly included the editor-in-chief for The Atlantic.
“Nobody was texting war plans, and that’s all I have to say about that,” Hegseth said outside a plane in Hawaii when asked about editor-in-chief of The Atlantic Jeffrey Goldberg’s access to the chat.",https://thehill.com/homenews/administration/5211960-fox-brit-hume-hegseth-response-war-plans-leak/,Center
33,Far-Left ‘Morning Joe’ Panelist Wants Dems To ‘Eliminate’ All Voter Registration Laws To Help Party Win Elections,"The Nation’s justice correspondent Elie Mystal argued on “Morning Joe” Monday that all U.S. voter registration laws should be eliminated.
Mystal argued that any American should only have to meet eligibility requirements, such as age, in order to cast a ballot during elections, suggesting that voter registration has a racist and anti-immigrant undertone. He stated that voting rights need to be expanded in order to help more Democrats vote.",https://dailycaller.com/2025/03/24/msnbc-elie-mystal-voter-registration-eliminated/,Right
34,Joe Rogan would ‘rather go to Russia’ than work at UFC event in Canada,"Joe Rogan has said he will not be working at UFC 315 in May, as he would “rather go to Russia” than Canada, where the event will play out.
UFC 315 is scheduled for 10 May at the Bell Centre in Montreal, Quebec, and given the fight card’s status as a pay-per-view event, many fans expected Rogan to be on commentary duties for the UFC.
However, the American has played down the idea. Speaking on his podcast The Joe Rogan Experience on Saturday, the 57-year-old said: “I won’t be there. I don’t go to Canada anymore, I don’t. I’d...",https://www.independent.co.uk/sport/ufc/joe-rogan-canada-russia-ufc-315-b2720959.html,Lean Left
35,Playing for Time: What the Kremlin Wants in New Talks with the U.S. on Ukraine,"As high-level delegations from the U.S. and Russia arrive in Saudi Arabia for the second round of bilateral talks aimed at ending the war in Ukraine, Moscow’s envoys will have one goal on their mind: buying time.
For the Kremlin, dragging out peace negotiations for as long as possible is imperative for seizing as much Ukrainian territory as it can and getting an upper hand over Kyiv in relations with the U.S., as Moscow isn’t capable of making these battlefield advances quickly, four sources familiar with the Kremlin’s thinking told...",https://www.themoscowtimes.com/2025/03/23/playing-for-time-what-the-kremlin-wants-in-new-talks-with-the-us-on-ukraine-a88445,Center
36,"Colleges and Universities Have Received Nearly $60 Billion in Foreign Gifts and Contracts, Watchdog Finds","American colleges and universities have received close to $60 billion in foreign gifts and contracts over a decades-long span, according to a new watchdog report.
Americans for Public Trust, a right-leaning dark money watchdog, found the nearly $60 billion of foreign money has gone into hundreds of colleges and universities, with 10 elite schools raking in a third of the money, raising concerns about national security and a lack of compliance with disclosure laws.",https://www.nationalreview.com/news/colleges-and-universities-have-received-nearly-60-billion-in-foreign-gifts-and-contracts-watchdog-finds/,Lean Right
37,Dems Face Electoral Doomsday If Nothing Changes by Census Time,"The Democratic Party is obsessed with Donald Trump and Elon Musk right now. They want to slit the throats of the Senate Democratic leadership. The leader of House Democrats, Hakeem Jeffries, looks like a draft bust, incapable of doing anything but making cringy videos where he’s all alone outside the Capitol Building and repeating shoddy DNC talking points. This party is so lost and preoccupied with niche matters that they stare at Armageddon and don’t even know it. This warning comes from The New York Times, where Ezra Klein paints a...",https://townhall.com/tipsheet/mattvespa/2025/03/25/democrats-face-electoral-doomsday-if-nothing-changes-by-census-time-n2654392,Right
38,What are ‘secondary tariffs’? Trump says they’ll soon hit Venezuela,"President Donald Trump on Monday announced that Venezuela will face a “secondary tariff” come April 2, alleging that the nation purposefully sent criminals to the U.S., which earned it the levy.
In a Truth Social post, Trump said the U.S. would impose a 25% tariff on any country that buys oil or gas from Venezuela.
Other reciprocal tariffs are set to begin that same day, including levies against Mexico, Japan, South Korea, Canada, India, China, the European Union and more.",https://thehill.com/homenews/5211102-what-are-secondary-tariffs-trump-says-theyll-soon-hit-venezuela/,Center
39,"For Wisconsin liberals, upcoming Supreme Court race is first test of ‘lessons learned’","Angela Lang is about to send her canvassing teams door knocking. But first, a moment to outline the stakes:
“Fair maps, abortion, voting rights,” is Lang’s list. “It’s not a seat we can afford to lose because if Republicans and conservatives gain control of the court, that’s Elon Musk and that’s a through line to the Trump agenda.”
On paper, the April 1 election pits Susan Crawford against Brad Schimel for a vacancy on the Wisconsin state Supreme Court. Liberal Justice Ann Walsh Bradley is retiring, and the election will determine the...",https://www.cnn.com/2025/03/25/politics/wisconsin-supreme-court-election-2025/index.html,Lean Left
40,Another Big Reason Congress Should Make the Tax Cuts and Jobs Act Permanent,"Preserving lower rates and other essential provisions while delaying or forgoing carve-outs would provide certainty for states.
‘After President Trump signed TCJA (Tax Cuts and Jobs Act) in 2017, it gave us just the opportunity we needed,” said Governor Kim Reynolds in reference to the start of Iowa’s historic income tax reforms.
Governor Reynolds was testifying barely six weeks ago before the United States House of Representatives Oversight and Government Reform Committee on a “Rightsizing Government” hearing.",https://www.nationalreview.com/2025/03/another-big-reason-congress-should-make-the-tax-cuts-and-jobs-act-permanent/,Lean Right
41,America’s Most Powerful Law Firms Are Acting Like Cowards,"In his chaotic attempt to dismantle democratic governance, redefine citizenship and cast aside fundamental rights of speech and due process, President Trump has all but declared war on one of the most effective forces to stand in his way: America’s legal institutions.
He has moved to purge the Department of Justice of all but those he perceives as loyal to him personally, demanded changes to law school curriculums, called with increasing furor for the impeachment of judges with whom he disagrees, attacked by name public-interest attorneys and bar associations that...",https://www.nytimes.com/2025/03/25/opinion/trump-law-firms.html,Left
42,Trump Admin Invokes ‘State Secrets Privilege’ to Block Release of Deportation Information,"The Trump administration on Monday invoked a “state secrets privilege,” a move that could lead to the dismissal of the case against the government regarding the deportation of Venezuelan illegal immigrants to El Salvador.
The “state secrets privilege” is a legal doctrine developed by the U.S. Supreme Court to protect sensitive national security information from disclosure in civil litigation. Key cases, such as Totten v. United States (1876) and Reynolds v. United States (1953), established its application, allowing the government to withhold information in litigation if it poses a national...",https://www.theepochtimes.com/us/trump-admin-invokes-state-secrets-privilege-to-block-release-of-deportation-information-5830817?ea_src=frontpage&ea_cnt=a&ea_med=lead-story-0-title-0,Lean Right
43,Trump Prompts European Calls for a Homegrown Nuclear Umbrella,"Two weeks after Russia’s large-scale invasion of Ukraine, French President Emmanuel Macron descended 20 stories beneath Paris to send a message to Moscow.
He entered France’s nuclear bunker deep under his regal presidential palace to lead an exercise dubbed Poker. Officials had chosen that night, in March 2022, for its clear skies. They wanted to respond to Russian President Vladimir Putin, who days earlier had made a thinly veiled threat to the West by putting his country’s nuclear forces on high alert.
 ",https://www.wsj.com/world/europe/europe-nuclear-umbrella-france-britain-nato-10c78d15?mod=hp_lead_pos7,Center
44,"Long waits, waves of calls, web crashes: Social Security is breaking down","The Social Security Administration website crashed four times in 10 days this month, blocking millions of retirees and disabled Americans from logging in to their online accounts because the servers were overloaded. In the field, office managers have resorted to answering phones at the front desk as receptionists because so many employees have been pushed out. But the agency no longer has a system to monitor customers’ experience with these services, because that office was eliminated as part of the cost-cutting efforts led by Elon Musk.
And the phones keep...",https://www.washingtonpost.com/politics/2025/03/25/social-security-phones-doge-cuts/,Lean Left
45,Deportation foes find a story to tell with ‘Andrys’,"Abstract legal and procedural questions don’t move public sentiment. Stories of individuals do. 
What did more to turn American voters so sharply against the postpandemic wave of immigration, crime statistics or the murder of Georgia nursing student Laken Riley? ",https://thehill.com/homenews/administration/5210906-asylum-seeker-gang-member/,Center
46,"Details of US-Russia talks on Ukraine won't be published, Kremlin says","The details of talks between the U.S. and Russia that took place in Saudi Arabia on Monday will not be made public, Kremlin spokesperson Dmitry Peskov said.
""After all, this is about technical talks,"" Peskov said, as quoted by Russia's state-run Tass news agency. The discussions, he added, went ""into details so, certainly, the content of these talks will not be made public for sure. This is something that should not be expected.""",https://abcnews.go.com/International/us-russia-expected-publish-joint-statement-latest-ukraine/story?id=120123311,Lean Left
47,Top Intel Democrat calls for Hegseth and Waltz to resign,"Sen. Mark Warner (Va.), the top Democrat on the Senate Intelligence Committee, criticized the Trump administration for using a Signal chat to discuss plans for carrying out bombing in Yemen, calling on officials to resign while saying others would have been fired for the same actions.
Warner said national security adviser Mike Waltz and Defense Secretary Pete Hegseth did not “conduct hygiene 101” in failing to realize there was a journalist on the group chat after The Atlantic’s editor-in-chief Jeffrey Goldberg was added.
“There’s plenty of declassified information that shows that our adversaries, China and Russia, are trying...",https://thehill.com/homenews/senate/5212589-warner-hegseth-waltz-intel-group-chat/,Center
0,Left and Right get equality wrong,"In his second term, President Trump has promised to make America meritocratic again. In his joint address to Congress, he declared: “We believe that whether you are a doctor, an accountant, a lawyer or an air-traffic controller, you should be hired and promoted based on skill and competence, not race or gender.”
All of the occupations the president mentioned typically require college degrees, as well as advanced professional degrees for doctors and lawyers. But no college diploma is required for the three occupations in the United States with the greatest...",https://unherd.com/2025/04/left-and-right-get-equality-wrong/,Center
1,Who will be the next pope? Here are some of the contenders,"Dust off the history books and there are papal conclaves with international intrigue, royal rigging and even riots, a checkered past that belies the air of sanctity and solemnity surrounding modern papal elections.
The word “conclave” comes from the Latin for “with key.” It is a church tradition that began in 1268 with a papal election that lasted almost three years, ending only when the townspeople of Viterbo locked up the cardinals, tore the roof off their palace, fed them nothing but bread and water and threatened them until a...",https://www.nbcnews.com/news/world/francis-dies-who-will-be-next-pope-rcna103044,Lean Left
2,Environment improves as more nations prosper — the greatest polluter is poverty,"As we approach Earth Day this Tuesday, it’s tempting to believe that the world is on the brink of environmental collapse. We are constantly inundated by dire predictions of climate catastrophe and warnings about the planet’s imminent destruction.
But this is misleading. Rather than spiraling into panic, we should take a moment to appreciate the remarkable progress we’ve made in improving the environment, and acknowledge that a key factor is prosperity.
When Earth Day was first marked 55 years ago, the world faced some grim environmental challenges.",https://nypost.com/2025/04/20/opinion/environment-improves-as-more-nations-prosper-the-greatest-polluter-is-poverty/,Right
3,Fewer People Support Censoring False Information Online,"The percentage of Americans who think the government should ""take steps to restrict false information online"" is shrinking.
According to new data from the Pew Research Center, Americans are losing patience for the idea that the government should censor in the name of stopping misinformation.
Pew also found decreasing support for the idea that tech companies should make such efforts on their own.",https://reason.com/2025/04/21/fewer-people-support-censoring-false-information-online/,Center
4,"White House backs Hegseth, Leavitt says ‘entire Pentagon’ is resisting him","President Donald Trump “stands strongly behind Pete Hegseth,” press secretary Karoline Leavitt said Monday morning, defending the scandal-plagued Defense secretary against escalating criticism from Democrats and former senior officials.
Hegseth “is doing phenomenal leading the Pentagon,” Leavitt said in a “Fox & Friends” appearance. “This is what happens when the entire Pentagon is working against you and working against the monumental change you are trying to implement.”",https://www.politico.com/news/2025/04/21/leavitt-trump-stands-strongly-behind-embattled-hegseth-00300749,Lean Left
5,Trump Cabinet Member Robbed at DC Restaurant,"Department of Homeland Security (DHS) Secretary Kristi Noem was reportedly robbed while eating dinner in Washington, DC on Sunday evening.
CNN reported that Noem acknowledged being robbed.
Noem, who was asked about the theft at the White House Easter Egg Roll, acknowledged the incident and said the matter has not been resolved.
The Secret Service, which provides security for Noem, reviewed security camera footage at the restaurant and saw an unknown white male wearing a medical mask steal her bag and leave the restaurant, a law enforcement source said.",https://townhall.com/tipsheet/jeff-charles/2025/04/21/kristi-noem-robbed-at-dc-restaurant-n2655855,Right
6,Mahmoud Khalil: What does my detention by ICE say about America?,"It’s 3 a.m. as I lie sleepless on a bunk bed in Jena, Louisiana, far from my wife, Noor, who will give birth to our baby in two weeks. The sound of rain hitting the metal roof masks the snoring of 70 men tossing and turning on hard mats in this detention facility run by Immigration and Customs Enforcement. Which ones are dreaming about reuniting with their families? Which ones are having nightmares about becoming the Trump administration’s next “administrative error”?",https://www.washingtonpost.com/opinions/2025/04/17/mahmoud-khalil-columbia-student-ice-detention/,Lean Left
7,Boston Marathon 2025: Snapshots from the race course,"Just past the infamous Heartbreak Hill, a family full of avid marathoners remarked that there’s nothing like running Boston.
“It’s the hardest, but it’s the best,” said Bonnie Perchard, whose husband...",https://www.bostonherald.com/2025/04/21/boston-marathon-2025-snapshots-from-the-race-course/,Lean Right
8,5 million student loan borrowers face mandatory collections starting May 5,"Some 5 million Americans with defaulted student loan payments will have their loans sent for collections on May 5, the Department of Education announced on Monday.
Next month, for the first time since student loan payments were paused due to the onset of the COVID-19 pandemic, the Education Department will collect the debts from borrowers who had defaulted -- which means they hadn’t paid their debts for around nine months or 270 days -- before the pandemic.
The announcement comes as scores of Federal Student Aid (FSA) employees have been...",https://abcnews.go.com/Politics/5-million-student-loan-borrowers-face-mandatory-collections/story?id=121031631,Lean Left
9,Trump's use of Alien Enemies Act deportations face legal test in Colorado federal court,"A showdown in federal court in Denver could help shape the future legal landscape surrounding deportations nationwide.
A high-stakes hearing concluded Monday morning in a case filed by immigrants' rights groups against the Trump administration. Attorneys for the administration argued that people facing deportation should only be allotted 24 hours' notice to be able to fight their deportation order in court, but attorneys for the ACLU and Rocky Mountain Immigrant Advocacy Network argued...",https://www.cbsnews.com/colorado/news/trumps-alien-enemies-act-deportations-face-legal-test-colorado-court/,Lean Left
10,Trump backs Long Island town’s effort to keep Native American logo,"President Trump has thrown his support behind a Long Island school district’s fight to keep its mascot after New York’s State Education Board banned the use of Native American-inspired names and logos.
“I agree with the people in Massapequa, Long Island, who are fighting furiously to keep the Massapequa Chiefs logo on their Teams and School,” Trump posted on Truth Social on Monday. “Forcing them to change the name, after all of these years, is ridiculous and, in actuality, an affront to our great Indian population...",https://thehill.com/homenews/5259441-trump-backs-massapequa-chiefs/?tbref=hp,Center
11,"The Legacy Of Pope Francis Is Chaos, Confusion, And Division In The Catholic Church","Pope Francis’ famous exhortation to Catholic youth just months after being elected the 266th pope of the Catholic Church in March 2013 was “Hagan lio!” — “make a mess!” Twelve years later, upon his death Easter Monday morning at age 88, it’s fair to say that Francis took his own advice, making a mess of his pontificate and leaving the Catholic Church in a state of confusion and disarray.
When he ascended the throne of Saint Peter as the first Jesuit pope and first pontiff to hail from outside Europe in...",https://thefederalist.com/2025/04/21/the-legacy-of-pope-francis-is-chaos-confusion-and-division-in-the-catholic-church/,Right
12,Who could be the next pope? Some possible candidates,"Predict who the next pope will be at your peril.
An old Italian saying warns against putting faith, or money, in any presumed front-runner ahead of the conclave, the closed-door gathering of cardinals that picks the pontiff. It cautions: ""He who enters a conclave as a pope, leaves it as a cardinal"".
But here are some cardinals who are being talked about as ""papabili"" to succeed Pope Francis, whose death at the age of 88 was announced by the Vatican on Monday. They are listed in alphabetical order...",https://www.reuters.com/world/who-might-succeed-pope-francis-some-possible-candidates-2025-04-21/,Center
0,The 'world's coolest dictator' heads to the White House,"Nayib Bukele, El Salvador's president and self-styled ""world's coolest dictator,"" is due to visit President Trump at the White House on Monday. He's the first Latin American leader to get an official invite to the Oval Office since Trump took office.",https://www.npr.org/2025/04/14/nx-s1-5361119/the-worlds-coolest-dictator-heads-to-the-white-house,Lean Left
1,2 Chicago students charged with assault in Denmark after alleged Uber driver altercation,"Two college students, both United States citizens from the Chicago area, were have been charged with assault while visiting Denmark on their spring break, according to a statement by Copenhagen police.
Owen Ray, a 19-year-old studying at the University of Miami in Ohio, and his unnamed friend were detained at Copenhagen Airport on April 1 over an alleged dispute with an Uber driver the night prior, Jordan Finfer, a U.S.-based attorney for Ray's family, told ABC News.",https://abc7chicago.com/two-college-students-both-united-states-citizens-from-the-chicago-area-were-have-been-charged-with-assault-while-visiting-denmark-on-their-spring-break-according-to-a-statement-by-copenhagen-police/16168832/,Center
2,"Bernie Sanders takes Coachella stage to rail against Trump, 'billionaire class' at high-dollar music festival","Sen. Bernie Sanders, I-Vt., took the Coachella stage on Saturday to deride President Donald Trump and ""billionaires"" to the crowd of luxury music festival-goers. 
Sanders, a self-described Democratic socialist, introduced the performance of Clairo, praising the 26-year-old artist, whose real name is Claire Cottrill, for her political activism. He was joined by Rep. Maxwell Frost, D-Fla., who the 83-year-old Sanders noted is the youngest member of Congress, and ""in my view, one of the best members."" ",https://www.foxnews.com/politics/bernie-sanders-takes-coachella-stage-rail-against-trump-billionaire-class-high-dollar-music-festival,Right
3,Massive cuts to NASA science proposed in early White House budget plan,"NASA’s science budget could be cut nearly in half under an early version of President Donald Trump’s budget proposal to Congress, a move that would terminate billions of dollars’ worth of ongoing and future missions, according to two individuals with direct knowledge of the administration’s plan.",https://www.washingtonpost.com/science/2025/04/11/nasa-science-budget-cuts-trump/,Lean Left
4,The Pentagon Must Go on the Offensive to Defeat Politicized Officers,"That Space Force colonel in command in Greenland – well, formerly in command in Greenland – who ran her fool mouth to undermine her commander-in-chief demonstrates an all-too-common problem with today’s senior military officers. We keep seeing these passive-aggressive, and not so passively aggressive, officers acting out and throwing childish tantrums of resistance to the President that the people of the United States elected. It’s inconceivable to those of us from the military who won the Cold War; we stayed the hell out of politics. Somehow, they must have missed...",https://townhall.com/columnists/kurtschlichter/2025/04/14/the-pentagon-must-go-on-the-offensive-to-defeat-politicized-officers-n2655426,Right
5,Trump has vowed to bring down housing costs. What is his administration doing?,"President Trump returned to the White House with pledges to address the housing shortage and affordability crisis. But his moves to crack down on trade policy, immigration and the size of the federal government threaten to compound the strain on homeowners he has vowed to ease.
Though the Trump administration has stressed home ownership as “a ticket to the American dream” as it attempts to herald in “the golden age of America,” housing has appeared to take somewhat of a backseat to the issues of foreign policy and the border in...",https://thehill.com/business/housing/5244326-trump-housing-crisis-policy-tariffs-immigration/,Center
6,"Risk of failure looms large as GOP starts drafting the ‘big, beautiful bill’","They know it’s going to be big. They want it to be beautiful. Now congressional Republicans need to decide what’s going to be in it — and they’re confronting the very real possibility they might not be able to figure it out.
A Thursday House vote might have finalized a fiscal framework for the GOP’s domestic policy megabill, but completing that intermediate step exposed huge fissures between the House and Senate over a range of issues crucial to finishing the sprawling legislation that’s expected to span tax cuts, border security, energy and...",https://www.politico.com/news/2025/04/14/big-beautiful-bill-gop-agenda-failure-00287440,Lean Left
7,How the Trans Debate Fractured Maine’s Cooperative Political Culture,"During her fifth and final term in the Maine House of Representatives in 2022, Beth O’Connor felt the state’s political winds change in a perilous direction.
O’Connor had proposed what she believed to be a commonsense bill to ban men in women’s sports.
But instead of seeing the usual bipartisan spirit that Republicans in the state legislature had come to expect from their Democratic neighbors, the proposal was met with a flood of ugly messages from special interest groups claiming she was inventing a fake crisis — an argument she...",https://www.nationalreview.com/news/how-the-trans-debate-fractured-maines-cooperative-political-culture/,Lean Right
8,"No Sign of Texas Measles Outbreak Slowing, Contrary to RFK Jr.’s Claims","On four separate occasions, Robert F. Kennedy Jr., the Health and Human Services secretary, has suggested that the measles outbreak in Texas, which is now over 500 cases, is beginning to subside and grow more slowly. But a review of state data indicates there’s no decline yet in the pace of cases.
During a visit to West Texas to attend the funeral of an unvaccinated 8-year-old who died of measles, Kennedy said in an April 6 post on X that since the deployment of a Centers for Disease Control and Prevention team...",https://www.factcheck.org/2025/04/no-sign-of-texas-measles-outbreak-slowing-contrary-to-rfk-jr-s-claims/,Lean Left
9,Katy Perry and Jeff Bezos’ fiancee Lauren Sanchez ready for space flight with all-female crew – follow live,"A crew of six women – Amanda Nguyen, a civil rights activist who will become the first Vietnamese woman to fly to space; the CBS Mornings co-host Gayle King; the pop star Katy Perry; film producer Kerianne Flynn; entrepreneur and former Nasa rocket scientist Aisha Bowe; and Sánchez, a journalist and philanthropist – will blast off on Blue Origin’s New Shepard rocket from the company’s launch site, 30 miles north of Van Horn, Texas, on an 11-minute, suborbital flight to the edge of space and back.
Though billed as the...",https://www.theguardian.com/science/live/2025/apr/14/katy-perry-lauren-sanchez-jeff-bezos-blue-origin-gayle-king-live-updates-news,Left
10,Pennsylvania governor's mansion attack suspect Cody Balmer admitted 'harboring hatred' toward Shapiro: police,"The man who allegedly set fire to the mansion of Gov. Josh Shapiro, D-Penn., and his family turned himself in, according to the criminal complaint obtained by Fox News.
Cody Balmer, 38, of Harrisburg, was first identified to police by an ex-lover after he allegedly confessed to her and ""wanted her to call police to turn him in,"" the complaint said. It was only a short time later that Balmer turned himself in outside Pennsylvania State Police headquarters, police said. 
While being interviewed by troopers, ""Balmer admitted to harboring hatred towards Governor Shapiro."" Balmer...",https://www.foxnews.com/us/pa-governors-mansion-attack-suspect-cody-balmer-admitted-harboring-hatred-toward-shapiro-police,Right
11,Zelensky urges Trump to visit Ukraine ahead of deal with Russia,"Ukraine's President Volodymyr Zelensky has invited Donald Trump to visit his country ahead of any deal with Russia to end the war.
""Please, before any kind of decisions, any kind of forms of negotiations, come to see people, civilians, warriors, hospitals, churches, children destroyed or dead,"" Zelensky said in an interview for CBS's 60 Minutes programme.
The interview was recorded before a Russian missile hit the city of Sumy, killing 34 people and injuring 117 others.
Russia said it only strikes military or military-related targets while Trump said he had...",https://www.bbc.com/news/articles/c0r5vlwj4dqo,Center
12,James Carville: How to Turn Trump’s Economic Chaos Against Him,"In many ways, President Trump is a one-trick Shetland pony: He talks a big game, like building a border wall or ending Covid, and then tries to distract Americans when his promises go belly up. Back in office this winter, he promised a golden age for the economy and the end of inflation starting on Day 1 — and then we got served plenty of fish bait: blowing smoke about seizing Greenland, huffing and puffing about annexing Canada and throwing people into a tizzy over seeking a third term, which he will never be able to do....",https://www.nytimes.com/2025/04/14/opinion/trump-tariffs-economy-carville.html,Left
13,"Russian missile strike kills 34 in Ukraine's Sumy, Kyiv says","Ballistic missiles hit centre of city in Ukraine's north not far from Russian border, Kyiv officials say
Some 117 people injured, bodies strewn about street
Ukraine says Russia used cluster munitions, deliberately hit civilians
Moscow yet to comment on deadliest strike since September 2024
Attack comes soon after Trump envoy held talks with Putin in US push to end war
Two Russian ballistic missiles slammed into the heart of the northern Ukrainian city of Sumy on Sunday, killing 34 people and wounding 117 in the deadliest strike on...",https://www.reuters.com/world/europe/mayor-ukraines-sumy-says-over-20-dead-russian-missile-strike-2025-04-13/,Center
14,High levels of toxic chemicals found in paper receipts used by US retailers,"Paper receipts from major retailers in the US are so laden with bisphenol S that holding one for 10 seconds can cause the skin to absorb enough of the highly toxic chemical to violate California’s safety threshold, new research has found.
The findings are being used as evidence in legal action aimed at pressuring retailers to stop using receipt paper treated with bisphenol S, or BPS, which is linked to cancer and reproductive problems.",https://www.theguardian.com/us-news/2025/apr/14/paper-receipt-chemical-bisphenol-s,Left
15,"Colorado Governor Signs New Gun Restrictions Into Law, Including Bump Stock Ban","Colorado Gov. Jared Polis (D), signed a bill into law on April 10 requiring people to obtain a permit and undergo safety training before they buy certain guns.
The legislation also bans the purchase and sale of devices that enable guns to be fired rapidly, including bump stocks.
“For folks who haven’t had any gun safety training, it’s very important that they get that, and this bill will make sure that people will get that education on how to operate the weapons safely and—just as important—how to store them safely,”...",https://www.zerohedge.com/political/colorado-governor-signs-new-gun-restrictions-law-including-bump-stock-ban,Lean Right
16,'Death is everywhere': Sudan camp residents shelter from attacks,"Devastating attacks on a camp hosting hundreds of thousands of people who had fled Sudan's civil war have continued for a third day, residents have told the BBC.
One person in the Zamzam camp described the situation as ""catastrophic"" while another said things were ""dire"".
More than 100 civilians, among them at least 20 children and a medical team, have been killed in a series of assaults that began late last week in Sudan's western Darfur region, the UN has said.",https://www.bbc.com/news/articles/cg41r3w0e19o,Center
17,"Teen charged with killing parents also planned to assassinate Trump, FBI says","A 17-year-old Wisconsin teen charged with killing his parents is also accused of plotting to assassinate President Donald Trump, according to an unsealed affidavit from the FBI.
Last month, Nikita Casap, of Waukesha, was charged with killing his mother, 35-year-old Tatiana Casap, and his stepfather, 51-year-old Donald Mayer, and accused of living with their corpses for two weeks. Officials are saying he was also conspiring to kill the president.
The FBI accused Casap of conspiracy, attempting to assassinate the president and attempting to use a weapon of mass destruction.",https://www.nbcnews.com/news/us-news/teen-charged-killing-parents-planned-assassinate-trump-rcna201054,Lean Left
18,Trump Displays ‘Excellent Cognitive and Physical Health’ in First Exam of Second Term,"The White House released on Sunday the results of President Donald Trump’s first annual physical examination since retaking office, revealing he is in “excellent cognitive and physical health” and “fully fit” to serve.
Trump, 78, took the physical exam on Friday at the Walter Reed National Military Medical Center in Bethesda, Md. The comprehensive exam, which tested the president on every function including cognitive capability, lasted five hours.",https://www.nationalreview.com/news/trump-displays-excellent-cognitive-and-physical-health-in-first-exam-of-second-term/,Lean Right
19,Trump administration contends it has no duty to return illegally deported man to US,"The Trump administration insisted Sunday that it has no legal obligation to arrange for the return of a Maryland man illegally deported from the United States, arguing that a Supreme Court ruling last week only requires officials to admit him into the country if he makes it back from a high-security prison in El Salvador.
Justice Department lawyers told a federal judge that they don’t interpret the Supreme Court’s Thursday ruling — that the administration “facilitate” Kilmar Abrego Garcia’s release — as obligating the administration to do anything more than adjust his immigration status...",https://www.politico.com/news/2025/04/13/abrego-garcia-el-salvador-trump-administration-00288502,Lean Left
20,Fact Check Team: Stablecoins gain traction as US lawmakers push for regulation,"A quiet revolution is unfolding in the cryptocurrency world, and it's not about Bitcoin or Ethereum. The focus is on stablecoins, a type of cryptocurrency pegged to a specific reserve asset, often the U.S. dollar, which allows them to maintain a steadier value. According to the World Economic Forum, stablecoins are essentially digital dollars designed to stay steady, unlike cryptocurrencies that spike or plummet in value like Bitcoin or Dogecoin.
Last year, stablecoins facilitated $15.6 trillion in transactions. The U.S. Securities and Exchange Commission (SEC) has stated that covered stablecoins, as long as...",https://thenationaldesk.com/news/fact-check-team/stablecoins-gain-traction-as-us-lawmakers-push-for-regulation-bitcoin-cryptocurrency-digital-money-transactions,Right
21,Biden to deliver first public address since leaving White House,"Former President Biden is set to deliver his first public address since leaving the White House, speaking at the national conference of Advocates, Counselors and Representatives for the Disabled (ACRD) in Chicago on Tuesday, according to a release from the organization.
Biden will headline the event, which is set to focus on rallying bipartisan support for Social Security. ",https://thehill.com/homenews/administration/5248033-biden-address-social-security/,Center
22,Harvard Refuses to Negotiate With Trump Over Independence,"Harvard University refused to accept a deal with the Trump administration two weeks after the US government threatened to halt $9 billion in funding, vowing it won’t “negotiate over its independence or its constitutional rights.”",https://www.bloomberg.com/news/articles/2025-04-14/harvard-rejects-proposed-agreement-with-trump-administration?srnd=homepage-americas,Lean Left
23,SCOTUS’ Timidity Triggers Constitutional Crisis,The Supreme Court has interceded six times in less than three months to rein in federal judges who improperly exceeded their Article III authority and infringed on the Article II authority of President Donald Trump. Yet the high court continues to issue mealy-mouthed opinions which serve only to exacerbate the ongoing battle between the Executive and Judicial branches of government. And now there is a constitutional crisis primed to explode this week in a federal court in Maryland over the removal of an El Salvadoran — courtesy of the justices’...,https://thefederalist.com/2025/04/14/scotus-timidity-triggers-constitutional-crisis/,Right
24,Meta antitrust trial is a litmus test for the MAGA coalition,"MAGA leaders will be watching events in a courtroom in Washington DC today very closely. Meta is defending itself against a competition lawsuit filed by the US government, which may result in the tech company being broken up. The Federal Trade Commission (FTC)’s case argues that the acquisitions of Instagram in 2012 and WhatsApp in 2014 by Facebook (as it was then known) gave the company an unfair advantage. It may seem like ancient history, but the deals provided Meta with ownership of three of the four most popular social networks today.",https://unherd.com/newsroom/meta-antitrust-trial-is-a-litmus-test-for-the-maga-coalition/,Center
25,Trump wants to deport some US citizens to El Salvador,"U.S. President Donald Trump said on Monday he wants to deport some violent criminals who are U.S. citizens to El Salvador, where they would be incarcerated under an agreement with that country's government.
Trump's spoke to journalists at the White House during the state visit of Salvadoran President Nayib Bukele.",https://www.reuters.com/world/americas/trump-wants-deport-some-us-citizens-el-salvador-2025-04-14/,Center
26,Energy Department reduces funding for grants to colleges and universities,"The Energy Department announced Friday that it is wiping an estimated $405 million from grant funding for colleges and universities, as the Trump administration continues its sweeping overhaul of the United States’ scientific research apparatus.",https://www.washingtonpost.com/education/2025/04/12/trump-cuts-department-of-energy/,Lean Left
27,Democrats Decide the Supreme Court Is Once Again Worth Defending,"Welcome back to Forgotten Fact Checks. This week, we look at the left’s sudden flip-flopping on the Supreme Court, and cover more media misses.
Suddenly, the Supreme Court Is Good
The Nation’s Elie Mystal writes that Trump has been “racking up some wins at the Supreme Court and the answer for why is simple: John Roberts is a feckless coward.”
“He’s like a cop in Uvalde, cowering outside waiting for the shooting to stop, instead of doing his job,” Mystal said in a post on X sharing his column about...",https://www.nationalreview.com/news/democrats-decide-the-supreme-court-is-once-again-worth-defending/,Right
28,FTC Antitrust Lawsuit Against Mark Zuckerberg’s Meta Kicks Off in Washington DC,"The FTC’s high-stakes antitrust lawsuit against Meta kicked off today with opening arguments in Washington, DC. Mark Zuckerberg is expected to take the stand to defend his company against the federal government’s claims that the acquisition of Instagram and WhatsApp should never have been approved.
The long-awaited antitrust trial between the FTC and Meta Platforms has kicked off in a federal courtroom in Washington, DC. The trial is set to feature testimony from some of the biggest names in tech, including Meta CEO Mark Zuckerberg, who is expected to be...",https://www.breitbart.com/tech/2025/04/14/ftc-antitrust-lawsuit-against-mark-zuckerbergs-meta-kicks-off-in-washington-dc/,Right
29,Diddy pleads not guilty to additional charges in new indictment,"Sean “Diddy” Combs pleaded not guilty Monday to additional criminal counts brought forth in a new federal indictment charging the disgraced rapper under five counts, including racketeering and sex trafficking. 
Combs appeared in a New York courtroom to formally enter his plea weeks ahead of his federal criminal trial which is set to begin with jury selection on May 5, Reuters reported.
The music mogul faces federal charges of racketeering, sex trafficking and transportation to engage in prostitution...",https://www.newsnationnow.com/crime/diddy-pleads-not-guilty-to-additional-charges-in-new-indictment/,Center
30,Should I stay or go? Immigrants across U.S. consider self-deportation,"Sitting at her kitchen table in Durham, N.C., a woman who goes by ""S."" lets out a deep sigh, recalling the first few days of the second Trump administration. Her husband holds her hand; in the background the kids' cartoons are blasting.
Both S. and her husband are immigrants without legal status in the U.S., which is why she's asked NPR to withhold her full name. Their two children are U.S. citizens.
""I felt so anguished,"" S. said. ""I didn't want to do anything in the house, I just wanted to...",https://www.npr.org/2025/04/14/nx-s1-5323918/self-deportation-immigration-trump,Lean Left
31,Blue Origin launches star-studded crew on space tourism rocket,"• Pop star Katy Perry and journalist Gayle King are among six women who traveled aboard Blue Origin’s all-female, suborbital space tourism mission.
• The company’s New Shepard rocket lifted off from Blue Origin’s West Texas launch site around 9:30 a.m. ET Monday and landed safely about 10 minutes later.
• The flight soared well above the Kármán line, a point at 100 kilometers (62 miles) that is often used to define the altitude at which air space ends and outer space begins...",https://www.cnn.com/science/live-news/blue-origin-space-flight-katy-perry-04-14-25/index.html,Lean Left
32,"White House proposes drastic cuts to State Department and funding for UN, NATO and other groups","The White House’s Office of Management and Budget has proposed gutting the State Department’s budget by almost 50%, closing a number of overseas diplomatic missions, slashing the number of diplomatic staff, and eliminating funding for nearly all international organizations, including the United Nations, many of its agencies and for NATO headquarters, officials said.
The proposal, which was presented to the State Department last week and is still in a highly preliminary phase, is not expected to pass muster with either the department’s leadership or Congress, which will ultimately be asked to vote...",https://apnews.com/article/state-department-funding-cuts-trump-diplomacy-8305713dc6da1b95811486b62bf46582,Left
33,DOGE abruptly cut a program for teens with disabilities. This student is 'devastated',"If you visit the website for Elon Musk's Department of Government Efficiency (DOGE), you'll find a ""Wall of Receipts"" listing more than 7,000 federal contracts it has terminated.
Little detail is provided, besides the ""savings"" from each cancellation, and it's hard to determine the cost or collateral damage of all these cuts. But for some families, there has been a cost.",https://www.npr.org/2025/04/14/nx-s1-5345870/trump-doge-students-disabilities,Lean Left
34,"‘We are flying blind’: RFK Jr.’s cuts halt data collection on abortion, cancer, HIV and more","The federal teams that count public health problems are disappearing — putting efforts to solve those problems in jeopardy.
Health Secretary Robert F. Kennedy Jr.’s purge of tens of thousands of federal workers has halted efforts to collect data on everything from cancer rates in firefighters to mother-to-baby transmission of HIV and syphilis to outbreaks of drug-resistant gonorrhea to cases of carbon monoxide poisoning.",https://www.politico.com/news/2025/04/13/abortions-cancer-in-firefighters-and-super-gonorrhea-rfk-jr-s-cuts-halt-data-collection-00284828,Lean Left
35,"Trump can't revoke legal status of migrants from Cuba, Haiti, Nicaragua and Venezuela, judge rules","The Trump administration can't immediately revoke the deportation protections and work permits of hundreds of thousands of migrants from Cuba, Haiti, Nicaragua and Venezuela who entered the U.S. legally under a Biden-era program, a federal judge ruled Monday.
U.S. District Court Judge Indira Talwani blocked the Trump administration from moving forward with its plan to terminate the legal status of those migrants on April 24. The administration had warned those affected by its announcement that they would need to self deport by that date or face arrest and deportation by federal immigration...",https://www.cbsnews.com/news/trump-cant-revoke-legal-status-of-migrants-from-cuba-haiti-nicaragua-and-venezuela-judge-rules/,Lean Left
36,Top former college athlete among six dead in New York plane crash,"A private plane carrying six people crashed in an open field in upstate New York on Saturday, killing all on board, authorities say.
Among those on board were celebrated former Massachusetts Institute of Technology (MIT) football player Karenna Groff, her parents and her brother, according to a family statement.
The US National Transportation Safety Board (NTSB) said the family had been travelling for a holiday celebration when the crash happened.",https://www.bbc.com/news/articles/cvg7p52xd5po,Center
37,Trump: Moscow ‘has to get moving’ on a Ceasefire,"On Friday Steve Witkoff travelled to St Petersburg to hold talks with Russian President Vladimir Putin. Friday’s meeting was the third time this year that President Donald Trump’s special envoy met with the Russian President. The meeting, which lasted for more than four hours, focused on ‘aspects of a Ukrainian settlement’. Witkoff’s visit came after President Trump warned the Kremlin on social media that it ‘has to get moving’ on a ceasefire. The warning came because—despite the effort Washington put into negotiating a peace settlement—Russia seems uninterested in closing the...",https://www.hungarianconservative.com/articles/current/trump-russia-ukraine-war-ceasefire/,Lean Right
38,Share on Facebook Share on Twitter The growing list of political violence in the U.S.,"Pennsylvania Gov. Josh Shapiro angrily called for an end to rising political violence just hours after a man broke into the governor’s mansion and set it on fire, forcing Shapiro and his family to flee into the night.
It was the latest in a string of partisan political attacks in the United States.
“This kind of violence is becoming far too common in our society. And I don’t give a damn if it’s coming from one particular side or the other,” Shapiro said. “It has to stop.”",https://www.pbs.org/newshour/politics/the-growing-list-of-political-violence-in-the-u-s,Lean Left
39,Hungary's parliament passes constitutional amendment banning public LGBTQ+ events,"The amendment declares that children's rights to moral, physical and spiritual development supersede any right other than the right to life, including the right to peaceful assembly.
Hungary's parliament has passed an amendment to the constitution that allows the government to ban public events by LGBTQ+ communities, a decision that legal scholars and critics are calling another step toward authoritarianism.
The amendment, which required a two-thirds vote, passed along party lines with 140 votes for and 21 against.
It was proposed by the ruling Fidesz-KDNP coalition led by Prime Minister Viktor...",https://www.euronews.com/2025/04/14/hungarys-parliament-passes-constitutional-amendment-banning-public-lgbtq-events,Center
40,Time to Again Feed the Insatiable Beast,"America's annual rituals and observances include days we usually celebrate together (July Fourth, Memorial Day, Veterans Day), or as members of special groups (Passover, Easter and Christmas).
The one annual ritual it can be safely said most Americans despise is April 15, when the half of us who pay federal income taxes must ""render unto Caesar"" portions of our hard-earned money to a government that wastes much of it and dislikes exposure and accountability. It's why Elon Musk and his band of DOGE warriors are despised by the Left and...",https://townhall.com/columnists/calthomas/2025/04/15/time-to-again-feed-the-insatiable-beast-n2655484,Right
41,Big law spends top dollar as Trump takes aim at firms,"A series of new agreements brokered between President Trump and major law firms suggests a new price tag for those looking to dodge executive orders targeting the legal profession.
Nine firms have now signed agreements with the administration, with Trump announcing five new deals on Friday that reached a new high price – $125 million each for four of the firms.
It’s an escalation from deals announced just a few weeks ago requiring firms to do $100 million in pro bono work for causes championed by the Trump administration.
Law firms have...",https://thehill.com/regulation/court-battles/5248693-trump-law-firms-executive-orders/,Center
42,POLL: California insiders say ‘meh’ to a potential Kamala Harris for governor run,"Political influencers in California are greeting Kamala Harris’ potential bid for governor with a shrug, while registered voters in the state react more passionately — in good and bad ways — to her possible candidacy, according to a in a first-of-its-kind poll from POLITICO and UC Berkeley’s Citrin Center.
Insiders reported feeling “indifferent” more than any other emotion to a hypothetical Harris run, while registered voters were more likely to characterize their reaction as “joyful,” “outraged” or “hopeless.”
The survey question, while focused only on attitudes about Harris, offers a broader snapshot...",https://www.politico.com/news/2025/04/15/poll-voters-kamala-harris-governor-run-00290514,Lean Left
43,Trump Tests the True Limits of Presidential Power,"Greetings and welcome to this week’s midair performance of the Carnival of Fools! Like a prestige subscription-service drama, our story resumes from a potent cliff-hanger: Last week, Donald Trump had invoked the laws of cartoon physics as he strapped an ACME-brand tariff regime onto America’s economy and sent it hurtling off a cliff. Bond markets proved immune to the appeal of MAGAnomics; Trump was therefore almost immediately forced to hit the pause button, or at least the slo-mo: Global tariffs are still on at a blanket 10 percent — with a 90-day pause granted...",https://www.nationalreview.com/carnival-of-fools/trump-tests-the-true-limits-of-presidential-power/,Lean Right
44,Trump’s Trade War Deepens Threat to U.S. Brands in China,"Cao Lili, a Sichuan mother of three, once embraced products made around the world. Now she is shopping local.
A few years ago, she traded her Honda for a Chinese electric vehicle made by Li Auto. She decided to turn in her iPhone for a model made by China’s Huawei in light of the escalating trade war. And she saw the Chinese animated movie “Ne Zha 2” in theaters twice earlier this year, tickets that helped power the film to a record-setting gross of $2.1 billion.",https://www.wsj.com/world/china/trump-trade-war-us-brands-china-a347932c?mod=hp_lead_pos4,Center
45,Is Trump defying the Supreme Court?,"Welcome to The Logoff: Today I’m focusing on a showdown between the administration and the courts over a wrongful deportation, a critical test of the judicial branch’s ability to check Donald Trump’s power.
What’s the latest? Justice Department lawyers told a federal judge on Sunday that they were not required to bring back a man who was wrongfully sent to El Salvador. And at a White House visit today, El Salvador’s president made clear that he’s not sending the man back either.",https://www.vox.com/the-logoff-newsletter-trump/408720/trump-defying-supreme-court-wrongful-deportation,Left
46,"Trump Admin Launches National Security Probe Into Pharma, Semiconductor Imports","The Trump administration has launched an investigation into the effects on national security of importing semiconductors and pharmaceutical products, according to Federal Register filings on Monday.
The Commerce Department, in a pair of Federal Register notices set to be published on April 16, said that the probes were initiated under Section 232 of the Trade Expansion Act—which allows the president to impose tariffs on imports considered a threat to national security.
The department stated that it began investigating the national security implications of importing semiconductors and semiconductor manufacturing equipment (SME)...",https://www.theepochtimes.com/us/trump-admin-launches-national-security-probe-into-pharma-semiconductor-imports-5842136?ea_src=frontpage&ea_cnt=a&ea_med=top-news-1-top-stories-0-title-0,Lean Right
47,Trump blames Zelensky for starting war after massive Russian attack,"Donald Trump has blamed Volodymyr Zelensky for starting the war with Russia – a day after a massive Russian attack killed 35 people and injured 117 others in Ukraine.
The US president said the Ukrainian leader shared the blame with Russian President Vladimir Putin for ""millions of people dead"" in the Ukraine war.
""You don't start a war against someone 20 times your size and then hope that people give you some missiles,"" he told reporters at the White House, also blaming former US President Joe Biden for the conflict....",https://www.bbc.com/news/articles/cg5q0mev07lo,Center
48,Tom Friedman Thinks We’re Getting China Dangerously Wrong,"This is an edited transcript of an episode of “The Ezra Klein Show.” You can listen to the conversation by following or subscribing to the show on the NYT Audio App, Apple, Spotify, Amazon Music, YouTube, iHeartRadio or wherever you get your podcasts.
This episode contains strong language.
Here’s a simple principle that I believe deeply: You cannot make a good argument for a bad policy. You cannot make a coherent argument for an incoherent policy.
You can imagine tariff regimes that are defensible. You can imagine critiques of the previous era of global trade that are coherent....",https://www.nytimes.com/2025/04/15/opinion/ezra-klein-podcast-thomas-friedman.html,Lean Left
49,Owner of NJ sushi joint convicted of spying for China and let back on the street nabbed by ICE,"An alleged sushi-slinging spy is in ICE custody. 
Ming Xi Zhang, known as “Sushi John,”  the 61-year-old owner of Ya Ya Noodles in Montgomery Township, NJ, was arrested March 24 by U.S. Immigration and Customs Enforcement in Newark.
Zhang was convicted in April 2024 of acting as an unregistered agent of the Chinese government and sentenced to three years’ probation. In May 2021, he pleaded guilty to having served as an agent of China in 2016 without notifying the U.S. Attorney General.",https://nypost.com/2025/04/12/us-news/owner-of-nj-sushi-joint-nabbed-by-ice-after-being-convicted-of-spying-for-china/,Lean Right
50,The Little-Known Bureaucrats Tearing Through American Universities,"Columbia University’s president had already been hounded out of office, but her ordeal wasn’t over.
Four days after she stepped down under government pressure during fraught federal funding negotiations, Katrina Armstrong spent three hours being deposed by a government attorney in Washington, D.C. The lawyer grilled Armstrong over whether she had done enough to protect Jewish students against antisemitism. 
As she dodged specifics under questioning, the lawyer said her answer “makes absolutely no sense” and that he was “baffled” by her leadership style. ",https://www.wsj.com/us-news/education/anti-semitism-task-force-who-247c234e?mod=mhp,Center
51,Core Democratic groups are preparing to be targeted by the Trump administration,"As President Donald Trump pushes the historical boundaries of executive power, some of the Democratic Party’s core political institutions are preparing for the possibility that the federal government may soon launch criminal investigations against them.
The Democrats’ dominant national fundraising platform, ActBlue, and the party’s largest protest group, Indivisible, are working with their attorneys for just such a scenario, according to officials within both organizations. Trump’s top political allies have suggested both groups should face prosecution.",https://apnews.com/article/democrats-trump-actblue-indivisible-legal-threat-fbi-42f502bcb5888b12628629710c6eb21b,Left
52,DHS told her to leave the country. She's a citizen — and an immigration attorney,"When Massachusetts resident Nicole Micheroni received an email on Friday from the federal government telling her to leave the country, she was baffled.
""At first I thought it was for a client, but I looked really closely and the only name on the email was mine,"" said Micheroni. ""So it said my parole status had been terminated and I should leave the country within seven days.""
But the 40-year-old is a U.S. citizen, born in Newton and raised in Sharon.
""Probably, hopefully, sent to me in error,"" she said. ""But...",https://www.nbcboston.com/news/local/massachusetts-immigration-attorney-dhs-parole-termination/3684504/,Lean Left
53,"Donald Trump Cuts Will Impact Weather Forecasts Across World, Agency Warns","Budget and staffing cuts under President Donald Trump's administration are undermining global efforts to monitor the climate and produce accurate weather forecasts, warns the European Centre for Medium-Range Weather Forecasts (ECMWF).
The quality and quantity of climate observations available to scientists worldwide supplied by the National Oceanic and Atmospheric Administration (NOAA) has already suffered a measurable decline, according to ECMWF Director General Florence Rabier.",https://www.newsweek.com/donald-trump-cuts-impact-weather-forecasts-across-world-climate-noaa-2059838,Center
54,The casual tyranny of banning silent prayer,"Pro-life activist Livia Tossici-Bolt was convicted earlier this month for standing outside an abortion clinic with a sign reading: ‘Here to talk, if you want.’ She was fined £20,000 for twice breaching the clinic’s ‘buffer zone’.
Tossici-Bolt’s case proved so shocking that it caught the attention of US vice-president JD Vance and the US State Department. Last month, the State Department’s Bureau of Democracy, Human Rights and Labour wrote on X that it was ‘monitoring her case’ and reiterated that ‘it is important that the UK respect and protect freedom of expression’.
Her arrest and...",https://www.spiked-online.com/2025/04/14/the-casual-tyranny-of-banning-silent-prayer/,Lean Right
0,'Signalgate' Racks up Seven Times More Coverage than Yemen Airstrikes,"Last week, ABC, CBS, and NBC spent nearly 100 minutes covering leaked messages from a private Signal chat for Trump administration officials, in just the first 96 hours after the messages were published. But those same networks spent only 13 minutes covering the actual military operation that was discussed in those leaked messages.
In mid-March, the United States launched a still-ongoing series of airstrikes against Houthi rebels in Yemen, in retaliation for more than 100 reported attacks on merchant vessels in the Red Sea. The operation, which would ultimately prove...",https://newsbusters.org/blogs/nb/bill-dagostino/2025/04/03/signalgate-racks-seven-times-more-coverage-yemen-airstrikes,Right
1,Fox Business host confused why media are covering the economic pain of Trump's tariffs on Americans,"STEVE DOOCY (CO-HOST): First thing they talked about Charles, the number one issue and that is tariffs. And one of the things that Lawrence was asking about was the pain on the average American and J.D. Vance said it can't be fixed overnight. Ultimately costs will probably go up, there will be some pain. But the big question is, do people get the idea that this is for greater good?
CHARLES PAYNE (FOX BUSINESS HOST): I think, President Trump ran on tariffs, what we just saw is a president who did...",https://www.mediamatters.org/fox-friends/fox-business-host-confused-why-media-are-covering-economic-pain-trumps-tariffs,Right
2,"Trump administration axes more than $125M in LGBTQ health funding, upending research field","The nation’s LGBTQ research field is collapsing.
In recent weeks, academics who focus on improving the health of lesbian, gay, bisexual, transgender and queer Americans have been subjected to waves of grant cancellations from the National Institutes of Health. More than 270 grants totaling at least $125 million of unspent funds have been eliminated, though the true sum is likely much greater, researchers told NBC News. ",https://www.nbcnews.com/nbc-out/out-news/trump-administration-axes-125m-lgbtq-health-funding-upending-research-rcna199175,Lean Left
3,Oklahoma Educators Target 'Atheists' in New Lawsuit Over Religious Freedom,"Oklahoma Superintendent Ryan Walters and the state's Department of Education have sued the Freedom From Religion Foundation (FFRF), claiming that the organization is conducting a ""blatant attack on the religious freedoms and Christians of Oklahoma students.""
""We won't stand idly by while atheists try to erase faith,"" Walters said in a statement.
When reached for comment, a spokesperson for Walters referred Newsweek to comments he made earlier this week in a press release and social media posts.",https://www.newsweek.com/ryan-walters-education-oklahoma-ffrf-religion-atheism-2054461,Center
4,Powell’s Got a Plan to Assess Tariff Inflation. It’s Not Easy,"When it comes to the crucial task of gauging the impact of tariffs on inflation, Federal Reserve Chair Jerome Powell has a game plan: Separate the signal from the noise.
The sheer scale and scope of President Donald Trump’s sweeping global levies has made the already difficult task more challenging — and more consequential.",https://www.bloomberg.com/news/articles/2025-04-03/fed-s-task-of-evaluating-us-tariff-inflation-just-got-more-complicated?srnd=homepage-americas,Lean Left
5,I Used to Hate Trump. Now I’m a MAGA Lefty.,"My name is Batya, and I am a MAGA Lefty.
The journey has been a long one. Initially, I had Trump Derangement Syndrome—and I had it bad. In 2016, I stopped going to my favorite local bar in Sheepshead Bay because everyone there had voted for Trump. How could they do that to me?!
Like so many other Democrats, I took Trump’s victory personally. If you had told me that just eight years later, I would happily, proudly endorse Donald Trump to become the 47th president of the United States of...",https://www.thefp.com/p/trump-maga-lefty,Lean Right
6,Did Texas rank first in job growth in 2024?,"Texas added more net jobs than any state in 2024, although other states have higher per capita job growth. AllSides highlights content from Gigafact, a network of newsrooms that respond to online claims. View the full fact brief on El Paso Matters.",https://gigafact.org/fact-briefs/gigafact-fact-brief-texas-job-growth-labor-workforce/?utm_source=allsides&utm_id=112,Center
7,"Ex-Biden campaign staffer slams former president's team for knowing he was 'not capable,' feels 'lied to'","Former Biden campaign aide Ashley Allison said Wednesday that she felt ""lied to"" while discussing revelations from a new book about the 2024 presidential campaign, specifically former Biden White House chief of staff Ron Klain revealing that the former president was exhausted and ""out of it"" during preparation for the June debate. 
""Do you feel lied to?"" CNN host Abby Phillip asked Allison, who worked on the Biden-Harris 2020 campaign. 
Allison said, ""Yes. I think I hadn't been around the president before that debate, and I worked for Joe Biden. And if the...",https://www.foxnews.com/media/ex-biden-campaign-staffer-slams-former-presidents-team-knowing-he-not-capable-feels-lied-to,Right
8,Trump approval slips to lowest point in second term: Survey,"President Trump’s approval rating slipped to its lowest point during his second White House term amid his handling of the economy and the recent Houthi Signal chat leak, according to a survey published Wednesday. 
The new Reuters/Ipsos poll found that the president’s approval rating was 43 percent, representing a 2-point drop since the late March iteration of the survey. After Trump took office on Jan. 20, his approval rating stood at 47 percent.",https://thehill.com/homenews/administration/5230291-trump-approval-rating-dip-poll/,Center
9,Why We Should Be Very Angry About the Tariffs — and Why Trump Is Right Again,"On April 2nd, President Donald J. Trump did something no other modern president has had the spine to do. He declared “Liberation Day” and slapped sweeping tariffs on the very nations that have been gutting the American economy for decades. A 10 percent universal tariff across all imports. Targeted, punitive tariffs up to 34 percent on bad actors like China. And guess what? We should be furious—not at Trump—but at the spineless presidents before him who let things get this bad in the first place.
Let’s be clear: these tariffs...",https://townhall.com/columnists/kevinmccullough/2025/04/03/why-we-should-be-very-angry-about-the-tariffs-and-why-trump-is-right-again-n2654937,Right
10,House Republicans bash Senate’s Trump agenda blueprint: ‘This is offensive’,"The Senate GOP budget plan designed to usher President Trump’s sweeping domestic priorities into law is getting an ice-cold reception from Republicans in the House, where conservatives are balking at the low levels of mandated spending cuts and the heightened deficits that could result. 
But after Trump’s endorsement of the plan, House Republicans face enormous pressure to give the president a victory on his top campaign promises, including an extension of tax cuts, new limits on immigration and a boost in domestic energy production. That pressure will likely grow in...",https://thehill.com/homenews/house/5231341-senate-republican-budget-plan-house/,Center
11,Elon Musk Appalls Much of the Tech Industry. They’re Just Afraid to Say So.,"Mark was poking around in an online forum for tech-company founders recently when he spotted a fawning post about Elon Musk’s Department of Government Efficiency.
As the founder of a tech company himself, Mark is part of a community of startup types in the Bay Area, and considers his politics to be pretty middle-of-the-road. He understands the instinct to want to modernize government. But Musk’s approach at DOGE — which he saw as a slash-and-burn rampage through the federal workforce — seemed, to him, “absurd.”
He typed up a reply...",https://www.politico.com/news/magazine/2025/04/04/elon-musk-silicon-valley-fear-00260273,Lean Left
12,Trump’s Nonemergency Tariffs,"The Trump administration is using Humpty Dumpty rules to justify its new tariffs.
The anthropomorphic egg famously said in the Lewis Carroll novel Through the Looking Glass, “When I use a word, it means just what I choose it to mean—neither more nor less.”
For the Trump team, that word is “emergency.”
President Trump has imposed sweeping global tariffs based on his purported authority under the International Emergency Economic Powers Act of 1977 (IEEPA). The president has declared the trade deficit an emergency, which supposedly unlocks his power to impose tariffs that would...",https://www.nationalreview.com/2025/04/trumps-nonemergency-tariffs/,Right
13,Trump’s Misleading Tariff Chart,"In his Rose Garden announcement of sweeping new “reciprocal tariffs,” President Donald Trump held aloft a misleading chart that claimed to give a breakdown of the tariffs other countries charge the U.S. and the corresponding tariff that the U.S. will now impose against those countries.
“Reciprocal. That means they do it to us and we do it to them,” Trump said in his April 2 speech. “Very simple. Can’t get any simpler than that.”
President Donald Trump holds up the chart as he announces a plan for tariffs on imported goods. Photo...",https://www.factcheck.org/2025/04/trumps-misleading-tariff-chart/,Lean Left
14,The real reason Trump is destroying the economy,"The Trump administration’s tariffs are, by every reasonable account, an economic catastrophe in the making. So why are they happening?
One explanation is that this is simply democracy at work. President Donald Trump campaigned on doing more or less exactly what he’s just done, and the voting public elected him. So here we are.
That’s at best a partial story. In fact, it’s probably more accurate to see Trump’s tariffs as a symptom of democratic decay — of America transitioning into a kind of strange hybrid system that combines both authoritarian and democratic features....",https://www.vox.com/politics/407053/trump-tariff-expensive-democracy-authoritarianism-breakdown,Left
15,JD Vance to Newsmax: 'Feeling Good' About Tariffs Despite Bad Day,"Vice President J.D. Vance touted the implementation of tariffs despite Thursday's massive stock market sell-off, telling Newsmax the Trump administration is ""feeling good"" while also reassuring one midwestern GOP senator that American farmers are going to be among those who ""reap the rewards"" in the end.
Vance joined ""Rob Schmitt Tonight"" to react to the Dow Jones tumbling 1,679 points on Thursday in reaction to President Donald Trump's tariffs. Vance asserted that ""one bad day"" in the stock market is going to render a ""booming market for a long time.""
""We're feeling good. Look,...",https://www.newsmax.com/newsmax-tv/j-d-vance-newsmax-tariffs/2025/04/03/id/1205594/,Right
16,NSA Director and Deputy Reportedly Dismissed: What We Know,"National Security Agency (NSA) Director Timothy Haugh and his civilian deputy Wendy Noble were dismissed from their positions Thursday, according to multiple outlets.
Newsweek reached out to the NSA via online form early Friday morning for comment.
The firings come on the heels of several officials from the White House National Security Council (NSC) being fired on Thursday after President Donald Trump met with conservative far-right activist Laura Loomer.
The high-level shake-ups also arrived after the administration has faced bipartisan heat following national security adviser Mike Waltz and other Trump brass holding a conversation...",https://www.newsweek.com/nsa-director-deputy-reportedly-dismissed-what-we-know-2055155,Center
17,South Korea Removes Its Impeached President and Regains Direction,"South Korea’s top court ended months of political turmoil when it unanimously decided to remove the impeached president Yoon Suk Yeol on Friday, clearing the way for the country to elect a new leader.
But the political crisis that Mr. Yoon triggered with his misjudged declaration of martial law in December — and his ensuing impeachment by the National Assembly — exposed a deep fissure in South Korea’s polarized politics that may prove harder to heal. For months, protesters for and against Mr. Yoon have taken over the streets in...",https://www.nytimes.com/2025/04/04/world/asia/south-korea-removes-impeached-president.html?smid=nytcore-ios-share&referringSource=articleShare,Lean Left
18,Matt Taibbi Files $10 Million Libel Lawsuit Against Democratic Congresswoman,Independent journalist Matt Taibbi filed a $10 million libel lawsuit against a Democratic congresswoman on Thursday for allegedly falsely accusing him of sexual harassment and amplifying her claim on her social media accounts.,https://www.nationalreview.com/news/matt-taibbi-files-10-million-libel-lawsuit-against-democratic-congresswoman/,Lean Right
19,Bloomberg's Pathetic Swipe at Substack,"With Donald Trump back in office, freedom of speech is back in vogue. Vox, which put the word “censorship” in quotation marks in Biden-era coverage, is decrying Trump’s “assault” on the First Amendment. The same Washington Post that ignored years of censorship controversies is (hilariously) just now running “What to know about First Amendment rights” pieces. Looking down the business end of censorship threats seems to have inspired everyone in the press to get civil liberties religion.
Almost everyone, that is. From Jessica Karl at Bloomberg, in “Everyone Has a Substack. What Could Possibly Go Wrong?”:
I’m...",https://www.racket.news/p/bloombergs-pathetic-swipe-at-substack,Center
20,The Energy Department identifies thousands of nonessential positions at risk of DOGE cuts,"The Energy Department has identified thousands of federal workers it deems “nonessential” and would not be protected if there is another round of large-scale firings, according to a document obtained by The Associated Press.
The jobs at risk include more than 8,500 positions across the Energy Department and the National Nuclear Security Administration — which upgrades and maintains the nation’s nuclear warheads. The department identified them as eligible to be cut to meet the goals of President Donald Trump’s executive order for mass reductions in federal employees.",https://apnews.com/article/energy-federal-employees-layoffs-rif-doge-db7b6446928095c26bfe79c608e1e8e7,Left
21,"Hearing set for Kilmar Abrego Garcia, deported 'in error' to El Salvador prison","A Friday hearing is set for Kilmar Abrego Garcia, a Maryland father mistakenly deported by the Trump Administration to a supermax prison in El Salvador.
Abrego Garcia's lawyer Simon Sandoval-Moshenberg said, despite the mistake no government efforts have been made to return Abrego Garcia to the United States.",https://www.upi.com/Top_News/World-News/2025/04/04/Garcia-ICE-hearing-mistaken-deportation-El-Salvador/5461743780708/,Center
22,Army Considering Massive Force Reduction Following Hegseth Directive: Report,"The administration of President Donald Trump promised big changes to the status quo in short order when it re-took the White House last November.
And as far as the U.S. Army goes, it appears to be doing just that.
Now under the purview of Secretary of Defense Pete Hegseth, a report has surfaced that the military “is quietly considering a sweeping reduction of up to 90,000 active-duty troops,” according to Military.com.",https://www.westernjournal.com/army-considering-major-changes-following-hegseth-directive-report/,Right
23,"Yes, Trump placed tariffs on uninhabited group of islands occupied mainly by penguins","U.S. President Donald Trump placed reciprocal tariffs on a group of uninhabited islands occupied only by penguins and other wildlife.
Rating:True
Context
Penguins are the most abundant birds on the Heard Island and McDonald Islands group. The islands are also home to other animals including seals, flying birds and invertebrates — but no humans.",https://www.snopes.com/fact-check/trump-tariffs-heard-and-mcdonald-islands-penguins/,Lean Left
24,Fact-Check: Did RFK Jr. Use Steroids to Build Muscle? Here's What We Know,"Robert F. Kennedy Jr., now serving as Secretary of Health and Human Services under President Donald Trump, continues to face renewed scrutiny over his use of testosterone replacement therapy—an anabolic steroid—after posting a series of shirtless workout videos that went viral and reignited earlier claims he was using performance-enhancing drugs.
The controversy, first sparked in mid-2023 following a viral video of Kennedy doing push-ups outside Gold's Gym in Venice, California, has resurfaced thanks to social media chatter and commentary from high-profile fitness figures like Greg Doucette. Doucette's recent YouTube video—titled ""Steroids!...",https://www.newsweek.com/fact-check-rfk-jr-steroids-muscle-claims-2055117,Center
25,"Fact Check Team: Exploring the current state of the Russia-Ukraine War, and the cost","resident Donald Trump continues to advocate for a ceasefire between Russia and Ukraine as the conflict enters its third year. The United States recently helped broker a partial ceasefire, focusing on safer navigation in the Black Sea for shipments and halting long-range strikes on energy sites. However, disagreements persist over the ceasefire's timing and scope. Reports from various outlets say Trump is frustrated with both Presidents Putin and Zelenskyy.
Reports from the Associated Press said Russia demands the U.S. lift sanctions first, while Ukraine questions the ceasefire's benefits.",https://thenationaldesk.com/top-videos/exploring-the-current-state-of-the-russia-ukraine-war-cost-putin-zelenskyy-trump-ceasefire-rubio-waltz-negotiations-death,Right
26,There's a new trend in Trump's meme warfare,"President Donald Trump’s administration is posting sadistic memes on its social media accounts to prompt the public to cruelly laugh at migrants caught up in his mass deportation obsession. For example, last week, the White House X account exploited a new ChatGPT feature that allows users to transform images “into the style of Studio Ghibli,” the beloved animation studio, and posted a cartoon version of a posted photo of a crying undocumented migrant in handcuffs. The responses to the post were a mix of delight from supporters and horror from critics, and the practice illustrates...",https://www.msnbc.com/opinion/msnbc-opinion/trump-memes-truth-social-mass-deportations-rcna198897,Left
27,"Worry About U.S. Economy, Healthcare, Social Security Surges","Economic issues continue to dominate Americans’ national concerns, with majorities expressing “a great deal” of personal worry about the economy, healthcare availability and affordability, inflation and the federal budget deficit. Along with the economy and healthcare, public concern about Social Security and the environment is up significantly, with Social Security registering a 15-year high.
At the same time, concern about crime, drug use, immigration, and the availability and affordability of energy has decreased when the last measure of President Joe Biden’s term in 2024 is compared with the first measure...",https://news.gallup.com/poll/658910/worry-economy-healthcare-social-security-surges.aspx?utm_source=chartr&utm_medium=email&utm_campaign=chartr_20250404,Center
28,Meta to Shutter Fact-Checking in the United States on Monday,"Meta on Friday announced it will officially end its fact-checking program in favor of community notes on its Facebook, Instagram, and Threads platforms on Monday.
“By Monday afternoon, our fact-checking program in the US will be officially over. That means no new fact checks and no fact checkers. We announced in January we’d be winding down the program & removing penalties. In place of fact checks, the first Community Notes will start appearing gradually across Facebook, Threads & Instagram, with no penalties attached,” Joel Kaplan, the chief global affairs officer...",https://www.breitbart.com/politics/2025/04/04/meta-to-shutter-fact-checking-in-the-united-states-monday/,Right
29,Judge orders US government to return man who was mistakenly deported to El Salvador by end of Monday,"A federal judge on Friday ruled that the United States must bring back a man who was mistakenly deported to El Salvador last month.
Judge Paula Xinis of the US District Court in Maryland directed the federal government to return Kilmar Abrego Garcia, a Salvadoran national, to the US no later than 11:59 p.m. on April 7.",https://www.cnn.com/2025/04/04/politics/judge-orders-us-government-return-man-from-el-salvador?cid=ios_app,Lean Left
30,"If You’re Hysterical About Trump’s Tariffs, Go Touch Grass","X is not real life, but its tentacles slither into the increasingly online landscape that defines real life. It’s not X’s fault; it has merely become an incubator of a trend launched years ago by the 24-hour news cycle. Really, then, much of our modern malaise is the fault of Ted Turner, a man so wise he saw fit to marry Jane Fonda in 1991, well after she had publicly aired her crazy in myriad ways. 
And while information is good, there’s only so much of it that comes out...",https://thefederalist.com/2025/04/04/if-youre-hysterical-about-trumps-tariffs-go-touch-grass/,Right
31,Sean ‘Diddy’ Combs hit with new sex trafficking charges a month before trial,"Federal prosecutors on Friday added two charges to Sean “Diddy” Combs ' indictment and said they expect four accusers to testify against him, expanding on allegations that the jailed hip-hop mogul engaged in sex trafficking with multiple women and as recently as last year.
A superseding indictment accuses Combs of using force, fraud or coercion to compel a woman to engage in commercial sex acts from at least 2021 to 2024.
The indictment, returned by a federal grand jury in Manhattan, also alleges that Combs was involved in transporting the woman —...",https://apnews.com/article/sean-combs-diddy-sex-trafficking-indictment-79604824c58a007dd2f01a295ea8fab4,Left
32,US Senate underway with exhaustive budget and tax debate,"The U.S. Senate on Friday was set to start a marathon session aimed at eventually handing Republican President Donald Trump sweeping legislation to extend tax cuts and achieve budget reductions in the face of staunch Democratic opposition.
Late on Thursday, the Senate narrowly voted to open debate on a budget blueprint for the fiscal year beginning on October 1. The 52-48 vote was needed to unlock a fast-track procedure for pole-vaulting the costly tax cuts over blockades that Democrats normally could erect in opposition to the legislation...",https://www.reuters.com/world/us/us-senate-embarks-upon-exhaustive-budget-tax-debate-2025-04-04/,Center
33,Divided Supreme Court sides with Trump to block teacher grants,"A divided Supreme Court sided with the Trump administration by allowing officials to block $65 million in teacher development grants frozen over concerns they were promoting diversity, equity and inclusion (DEI) practices. 
The 5-4 emergency ruling, for now, lifts a lower order that forced the Education Department to resume the grants in eight Democratic-led states that are suing...",https://thehill.com/regulation/court-battles/5233166-supreme-court-trump-teacher-grants/,Center
34,Former Gov. Mike Pence to receive John F. Kennedy Profile in Courage Award,"Former Vice President Mike Pence will receive the 2025 John F. Kennedy Profile in Courage Award for “putting his life and career on the line” to ensure the peaceful transfer of power in 2021, the John F. Kennedy Library Foundation announced on Thursday.
Pence publicly split with President Donald Trump after Trump pressured Pence to reject electoral votes won by then President-elect Joe Biden following the 2020 election. Pence refused to follow through, upholding the election results on Jan. 6, 2021.
The award Pence is receiving is presented to those “who have made courageous decisions of conscience without...",https://www.usatoday.com/story/news/politics/2025/04/04/former-gov-mike-pence-john-f-kennedy-profile-in-courage/82855905007/?tbref=hp,Lean Left
35,Trump says major Nike producer Vietnam wants to slash its tariffs ‘down to ZERO’ after ‘productive call’,"President Trump said Friday he had a “productive call” with a top Vietnamese official, adding that the Communist Southeast Asian nation “wants to cut their Tariffs down to ZERO” pending a free trade agreement.
Trump’s statement on his call with To Lam, Communist Party of Vietnam general secretary, helped boost shares in apparel brands Nike, Lululemon, and American Eagle — all of which have large manufacturing operations in the country — as all major indexes plunged for a second consecutive day.
“Just had a very productive call with To Lam, General Secretary of the Communist...",https://nypost.com/2025/04/04/us-news/trump-says-major-nike-producer-vietnam-wants-to-slash-their-tariffs-down-to-zero-after-productive-call/,Lean Right
0,"Gold Hits $3,500, Setting Another Record, as Investors Remain Uneasy","Global investors scrambling for security rushed to gold on Tuesday, pushing its price to a record $3,500 an ounce, as concerns mount about President Trump’s trade war and his deepening anger at the Federal Reserve chair, Jerome H. Powell.
Gold has set a series of records during an ugly stretch for the markets. Its latest peak came after a particularly rough day on Wall Street, when investors dumped stocks, sold U.S. Treasury bonds and cut their exposure to the dollar, causing its value to drop against most other major currencies.",https://www.nytimes.com/2025/04/22/business/trump-tariffs-stocks-gold-price.html,Lean Left
1,Harvard University sues Trump administration to stop funding freeze,"Harvard University has filed a lawsuit against the Trump administration claiming that its freezing of federal grants worth billions of dollars is unlawful.
Its president, Alan M Garber, announced the action on Monday in a letter to the university community which said the $2bn funding freeze would hamper critical disease research.
Harvard, the world's richest university, last week rejected a list of demands that the Trump administration said was designed to curb diversity initiatives and fight anti-semitism at the school.
In response to the lawsuit, the White House said the...",https://www.bbc.com/news/articles/c4grwkyxgjwo,Center
2,DHS chief Kristi Noem's purse stolen with thousands of dollars in DC restaurant: sources,"Department of Homeland Security Secretary Kristi Noem’s purse was stolen with thousands in cash on Sunday night at a restaurant in Washington D.C., multiple sources from the agency confirmed to Fox News Digital.
The purse was taken by a White man wearing a mask, and the bag contained $3,000 in cash as well as personal documents including her passport, keys, driver's license and a DHS badge, an agency spokesperson confirmed. 
""Her entire family was in town including her children and grandchildren – she was using the withdrawal to treat her family to...",https://www.foxnews.com/politics/dhs-chief-kristi-noems-purse-stolen-thousands-dollars-dc-restaurant,Right
3,New images could change cancer diagnostics but ICE detained the Harvard scientist who analyzes them,"A groundbreaking microscope at Harvard Medical School could lead to breakthroughs in cancer detection and research into longevity. But the scientist who developed computer scripts to read its images and unlock its full potential has been in an immigration detention center for two months — putting crucial scientific advancements at risk. The scientist, the 30-year-old Russian-born Kseniia Pertova, worked at Harvard’s renowned Kirschner Lab until her arrest at a Boston airport in mid-February. She is now being held at ICE’s Richwood Correctional Center in Monroe, Louisiana, and fighting possible deportation...",https://nbcnews.com/news/us-news/ice-detain-kseniia-petrova-protest-harvard-cancer-research-rcna202180,Lean Left
4,Tinder and Bumble Nearly Tied Among U.S. Dating Apps,"The online dating landscape has evolved significantly since the launch of Tinder in 2012.
Over a decade later, the dating app industry reached a market size of over $6 billion in 2024, marking a 15.7% increase from the previous year, according to data from Business of Apps. iOS users accounted for approximately 80% of mobile revenue generated within the sector.
In 2024, an estimated 360 million people worldwide used dating apps, an increase of about 15 million compared to the previous year. Tinder remained the most widely used platform, with approximately 90 million users globally.",https://www.visualcapitalist.com/tinder-and-bumble-nearly-tied-among-u-s-dating-apps/,Center
5,"LA mayor: $800M deficit, layoffs coming, seeking bailout","Los Angeles Mayor Karen Bass announced Monday the city faces a $800 million deficit, plans on laying off 1,647 staff, is seeking a state bailout and has “identified new revenue.”
Bass blamed the Trump administration and the economy for falling revenue.
“Cities like ours are going through challenging economic times across the nation,” said Bass. “Turmoil and uncertainty from Washington and a slowing economy are causing lower revenue projections.”",https://www.thecentersquare.com/california/article_f37d017f-0589-40f4-806b-9593fd511077.html,Lean Right
6,Nadine Menendez — wife of ex-Sen. ‘Gold Bar’ Bob Menendez — convicted of sprawling bribery scheme,"Nadine Menendez was convicted Monday of cooking up a crooked scheme with her husband — ex-New Jersey Sen. Bob Menendez — to sell out his political post for gold bars, a Mercedes-Benz and other bribes.
Jurors found the 58-year-old Englewood Cliffs resident guilty of all 15 federal corruption charges against her following about eight hours of deliberations over two days.
Wearing all-black save for a pink mask over her face, Nadine showed no discernible emotion as the jury foreman read out the guilty verdict inside a sparsely filled Manhattan federal courtroom.",https://nypost.com/2025/04/21/us-news/nadine-menendez-wife-of-ex-sen-gold-bar-bob-menendez-convicted-of-sprawling-bribery-scheme/,Lean Right
7,Trump Won’t Get Tricked Into Sacrificing Pete Hegseth to the Democrats,"Let’s get right to the heart of the Pete Hegseth fake controversy. This isn’t about some Signal chat. This isn’t about some bullSchiff newfound interest in sensitive materials-handling that didn’t manifest until it became useful as a political weapon. This is about one thing: Taking down President Donald J. Trump. This is about wounding him, belittling him, humiliating him by taking the scalp of a marquee guy he appointed, and neutering him so he can’t reform the broken Pentagon. 
Hell no. 
They can only pull it off if Trump lets...",https://townhall.com/columnists/kurtschlichter/2025/04/22/trump-wont-get-tricked-into-sacrificing-pete-hegseth-to-the-democrats-n2655890#google_vignette,Right
8,Trump’s attacks on Fed’s Powell ramp up GOP’s economic fears,"President Trump’s ramped-up attacks on Federal Reserve Chair Jerome Powell have Washington Republicans bracing for a confrontation that could make the turmoil in the financial markets much worse and put the Fed’s independence and credibility in jeopardy.
Republican aides and strategists say GOP lawmakers are highly anxious about Trump’s tariff strategy and fear that he will send more waves through the financial markets by threatening to interfere in the central bank’s domain of setting monetary policy.
The stock markets sold off sharply, and volatility spiked up Monday after Trump blasted...",https://thehill.com/homenews/senate/5259689-trump-attacks-federal-reserve/,Center
9,Supreme Court appears to reject conservative argument over Obamacare provision,"A majority of the Supreme Court appeared inclined Monday to reject a conservative challenge to Obamacare, leaving in place the federal government’s authority to require insurers to cover everything from depression screenings to HIV prevention drugs at no cost to patients.
And, in an odd twist, it was the Trump administration defending the health law that the president has spent more than a decade excoriating.
Over an hour and a half of in-the-weeds arguments, the justices seemed to favor the administration’s position — that Obamacare’s coverage mandates are constitutional because the task...",https://www.politico.com/news/2025/04/21/trump-admin-defends-obamacare-by-stressing-rfk-jr-s-power-to-shape-it-00301218,Lean Left
10,Abrego Garcia Gamed the System,"He shouldn’t be in a prison in El Salvador, but he also never should have escaped deportation for so long.
Kilmar Abrego Garcia shouldn’t be in a prison in El Salvador, but he also never should have been in the United States or given relief from deportation.
The White House is trying to make the alleged MS-13 gang member a symbol of illegal-immigrant crime, while Trump’s opposition is seeking to make “the Maryland man” a symbol of the administration’s disregard for due process.
What has gotten less attention is that his...",https://www.nationalreview.com/2025/04/abrego-garcia-gamed-the-system/,Right
11,"Trump looking at cutting US drug prices to international levels, sources say","Drugmakers have been warned that the Trump Administration is considering linking U.S. medicine prices to lower amounts paid by other developed countries, according to two company sources who called the option the pharmaceutical industry's top concern.
Both sources, who were not authorized to speak publicly, said they expected the policy to come from the agency that oversees Medicare and Medicaid health programs.
Keep up with the latest medical breakthroughs and healthcare trends with the Reuters Health Rounds newsletter. Sign up here.
The first source said he had been told directly by government...",https://www.reuters.com/business/healthcare-pharmaceuticals/trump-looking-cutting-us-drug-prices-international-levels-sources-say-2025-04-22/,Center
12,"Under Hegseth, Chaos Prevails at the Pentagon","Defense Secretary Pete Hegseth arrived at the Pentagon in January with almost no government experience and huge ambitions to remake the way the military was being run.
In just three months in office, Mr. Hegseth, a former Fox News host, has instead produced a run of chaos that is unmatched in the recent history of the Defense Department.
Mr. Hegseth’s inner circle of close advisers — military veterans who, like him, had little experience running large, complex organizations — is in a shambles. Three members of the team he brought...",https://www.nytimes.com/2025/04/22/us/politics/hegseth-chaos-pentagon.html,Lean Left
13,Supreme Court to consider whether parents can opt out of kids reading LGBTQ books in the classroom,"The Supreme Court will consider on Tuesday whether parents can opt out of their kids reading LGBTQ books in the classroom that conflict with their family’s faith. 
Parents in Montgomery County, Maryland are claiming their children’s schools are violating their religious freedom by not allowing them to opt out of lessons that use books featuring LGBTQ storylines.
The controversy began in November 2022 when Montgomery County Public Schools introduced new LGBTQ books into the curriculum as part of the district's ""inclusivity"" initiative. According to Becket, a religious freedom legal group representing the...",https://www.foxnews.com/media/supreme-court-consider-whether-parents-can-opt-out-kids-reading-lgbtq-books-classroom,Right
14,Trump Is Laying the Groundwork to Blame Powell for Any Downturn,"President Trump is signaling that he will blame the Federal Reserve for any economic weakness that results from his trade war if the central bank doesn’t cut interest rates soon.
In the process, he might also be seeking to delegitimize the historically independent institution in a way that could undermine its effectiveness.
In a social-media post on Monday, Trump repeated last week’s demand that the Fed reduce interest rates now. “There is virtually no inflation,” he said, blasting Fed Chair Jerome Powell as “Mr. Too Late” and “a major loser.”",https://www.wsj.com/economy/central-banking/donald-trump-fed-jerome-powell-blame-b6d4189f?mod=hp_lead_pos2,Center
15,Why Hegseth looks safe – for now – despite new group chat crisis,"Pete Hegseth didn’t become defense secretary because he had the resume of a great statesman.
But President Donald Trump spent huge political capital getting Hegseth confirmed because the Pentagon chief mirrors Trump’s own riotous political identity and instincts. The point of his selection was to show the conventions and traits that normally define top national security officials don’t apply in the president’s tear-it-down second term.
This is why Hegseth seems safe for now despite stunning new revelations that he shared sensitive military plans in a group chat that included his wife and brother, among...",https://www.cnn.com/2025/04/22/politics/hegseth-defense-department-controversy-signal-chat/index.html,Lean Left
16,Meet the 8 MAGA Outlets Disrupting the White House Briefing Room,"As she left the James S. Brady Briefing Room in early April, Natalie Winters, the newly minted White House correspondent for Steve Bannon’s War Room, tried to describe the relationship between the White House press corps’ old guard and the “new conservative media” who’ve entered the briefing room in the early days of the second Trump administration.
“You know when you’re at a party and you see someone who you don’t technically know, but you know them like through a friend from social media, and it’s that awkward question of, like,...",https://www.politico.com/news/magazine/2025/04/22/trump-white-house-briefing-correspondents-natalie-winters-00290063,Lean Left
17,"Haiti's gang crisis reaching 'point of no return,' warns U.N. envoy","Gang violence in Haiti has continued to further deteriorate the country's security and the crisis is reaching ""a point of no return,"" according to the United Nations' top envoy for the Caribbean nation.
Maria Isabel Salvador, the special representative of the U.N. Secretary-General for Haiti, issued her warning Monday during a Security Council briefing in New York City.",https://www.upi.com/Top_News/World-News/2025/04/22/haiti-UN-warns-gang-violence/3551745303742/,Center
18,Kicking Out Foreign Students Is a Loss for America,"Imagine a country that invites the world’s best students to study there, only to deport them over a traffic violation.
That country could soon be America, as the Trump administration has begun revoking the legal status of foreign students. The government has provided little to no explanation for this measure, and some students have sued over allegedly illegitimate revocations due to minor or discharged offenses that don’t merit termination of their visas.
Revoking legal status en masse for unclear or illegitimate reasons contributes to a climate of uncertainty that will drive the best and brightest students...",https://www.realclearpolitics.com/articles/2025/04/22/kicking_out_foreign_students_is_a_loss_for_america_152683.html,Lean Right
19,Chris Van Hollen Shows Us One Person Can Make a Difference,"The Maryland senator put a wedge between Trump and Salvadoran dictator Bukele and showed Democrats how to find their spines.
Joan Walsh
On Sunday, Senator Chris Van Hollen conquered all five morning talk shows. He was by far the most coveted guest after his return from El Salvador, where he stood down the country’s despot and secured a meeting with the illegally deported Kilmar Abrego Garcia. Van Hollen delivered love from Abrego Garcia’s family and his growing legion of advocates and proved that the 29-year-old father is alive and safe—at...",https://www.msn.com/en-us/news/other/chris-van-hollen-shows-us-one-person-can-make-a-difference/ar-AA1Dl9vu?ocid=BingNewsSerp,Left
20,Panama accepted asylum-seekers the US didn’t want. Then its troubles began.,"Mellona Takie can barely make it through a game of Uno these days, though on a recent afternoon she tries. Anything to keep her mind from going to a place so dark that she tried to take her own life in February, after the United States deported her, an East African, to Panama.
“Even if I see something good, in my eyes, it’s bad,” says the woman in her late 20s, who fled mandatory military service in Eritrea, under a totalitarian government, and planned to seek political asylum in the...",https://www.csmonitor.com/World/Americas/2025/0421/panama-trump-asylum-seekers-deportees,Center
21,RFK Jr.’s Quest To Discover Autism Causes Will Help Restore Americans’ Trust In Science,"Health and Human Services Secretary Robert F. Kennedy Jr. recently announced an effort to investigate the dramatic rise in autism in recent years. According to the Centers for Disease Control and Prevention, 1 in 36 children now has autism, an over 300 percent increase since 2000. Kennedy pledged to find the cause of the autism epidemic by September and then to take steps to eliminate it.
Kennedy’s new investigation raises several obvious questions: Why hasn’t it been done earlier? How could something as common sense as investigating the causes of autism be controversial...",https://thefederalist.com/2025/04/22/rfk-jr-s-quest-to-discover-autism-causes-will-help-restore-americans-trust-in-science/,Right
22,Did the number of people traveling to Nevada for an abortion decrease in 2024?,"About 8.8 percent of people who received an abortion in Nevada in 2024 had traveled from out of state. That’s a 47.4 percent drop in travel compared with 2023.  AllSides highlights content from Gigafact, a network of newsrooms that respond to online claims. View the full fact brief on The Nevada Independent.",https://gigafact.org/fact-briefs/did-the-number-of-people-traveling-to-nevada-for-an-abortion-decrease-in-2024/?utm_source=allsides&utm_id=112,Center
23,EPA starts layoffs of environmental justice employees,"The Environmental Protection Agency continued its staffing shake-up Monday, beginning the termination of hundreds of staffers through a ""reduction in force"" process as it moved other workers to new roles.
Last month, the agency announced a massive rollback of environmental regulations, including key tenets of the Clean Air Act, and Administrator Lee Zeldin promised to drive “a dagger through the heart of climate-change religion.""",https://www.nbcnews.com/science/science-news/epa-starts-layoffs-environmental-justice-employees-rcna202287,Lean Left
24,Why doesn’t Harvard’s academic freedom extend to conservatives?,"The Trump administration has gone to war with elite universities, even as it claims its latest missive was sent by mistake. Its approach, as in many other policy areas, has been to shoot first and ask questions later. Power seems to grow out of the barrel of a tweet, with punitive action favoured over due process and principle. This might achieve results in the short term, but cannot win a battle of ideas that by definition requires a consistent philosophical stance.
That said, it is difficult to shed a tear for institutions like Harvard which openly...",https://unherd.com/newsroom/why-doesnt-harvards-academic-freedom-extend-to-conservatives/,Center
25,Trump Steps Up His Media Attacks,"President Donald Trump isn’t getting along with the news media. 
That isn’t exactly breaking news. He directed no shortage of jabs at mainstream outlets throughout his first term, but—with notable exceptions—his ire toward the media was limited mostly to rhetoric. Trump 2.0 may be different. The president’s attacks on the media have shifted from talk to action, with news organizations facing substantive retaliation for getting sideways with the new administration. And, if the escalation continues, the Trump administration could find itself running afoul of Constitutional protections—if it hasn’t already. ",https://thedispatch.com/newsletter/morning/trump-steps-up-his-media-attacks/,Lean Right
26,More Than 180 Academic Leaders Condemn Trump ‘Overreach’,"A day after Harvard sued the Trump administration over its decision to freeze billions in federal funds to the school, more than 180 higher education leaders from around the country released a joint statement on Tuesday condemning the administration’s efforts to control universities.
The government’s “political interference” and “overreach” is “now endangering higher education in America,” they wrote.",https://www.nytimes.com/2025/04/22/us/politics/university-leaders-letter-trump.html,Lean Left
27,Dozens of Tourists Killed in Terror Attack During JD Vance Visit to India,"At least two dozen people are feared to have been killed after gunmen indiscriminately fired at tourists in Indian-controlled Kashmir on Tuesday in what local authorities called a terror attack, blaming militants fighting against Indian rule.
""This attack is much larger than anything we've seen directed at civilians in recent years,"" Omar Abdullah, the region's top elected official, wrote on social media. ""The death toll is still being ascertained so I don't want to get into those details.""",https://www.newsweek.com/dozens-tourists-killed-terror-attack-during-jd-vance-visit-india-2062563,Center
28,Trump speaks to Netanyahu on Gaza hostage deal and Iran,"President Trump spoke on Tuesday with Israeli Prime Minister Benjamin Netanyahu to discuss the Gaza ceasefire and hostage deal and the nuclear talks with Iran, according to Israeli and U.S. officials.
Why it matters: The phone call took place amid a stalemate in the Gaza negotiations after another failed attempt last week by the U.S. and Egypt to put forward a bridging proposal both sides could accept.",https://www.axios.com/2025/04/22/trump-netanyahu-phone-call-gaza-hostage-deal-iran,Lean Left
29,US FDA suspends milk quality tests amid workforce cuts,"The Food and Drug Administration is suspending a quality control program for testing of fluid milk and other dairy products due to reduced capacity in its food safety and nutrition division, according to an internal email seen by Reuters.
The suspension is another disruption to the nation's food safety programs after the termination and departure of 20,000 employees of the Department of Health and Human Services, which includes the FDA, as part of President Donald Trump's effort to shrink the federal workforce.",https://www.reuters.com/business/healthcare-pharmaceuticals/us-fda-suspends-milk-quality-tests-amid-workforce-cuts-2025-04-21/,Center
30,Revealed: Trump Admin Launches the Biggest Shake-Up ‘In Decades’ at the State Department,"The Trump administration has begun an aggressive shake-up at the State Department that will close 132 agency offices, including those launched to further human rights, advance democracy overseas, counter extremism, and prevent war crimes.
The plans to reorganize the leading foreign policy agency in the United States are outlined in internal documents obtained by The Free Press. They show how the State Department will eliminate or restructure hundreds of offices in Washington, D.C.—a revelation that comes after reports in recent weeks of a rumored overhaul at the agency. The State Department is bringing its number...",https://www.thefp.com/p/trump-state-shake-up-rubio,Lean Right
31,Judge halts Trump's shutdown of Voice of America,"A federal judge has ordered the Trump administration to restore all jobs and funding for the Voice of America and other US-backed news outlets, ruling that efforts to dismantle it violated the law and Constitution.
Over 1,300 VOA employees, including about 1,000 journalists, were placed on leave following President Donald Trump's order. The White House has accused the broadcaster of being ""anti-Trump"" and ""radical"".
VOA, still primarily a radio service, was set up during World War II to counter Nazi propaganda, and has become a major global media broadcaster.",https://www.bbc.com/news/articles/c0jz58zjllzo,Center
32,Trump Floats Cutting China Tariffs ‘Substantially’ in Trade Deal,"President Donald Trump said he plans to be “very nice” to China in any trade talks and that tariffs will drop if the two countries can reach a deal, a sign he may be backing down from his tough stance on Beijing amid market volatility.
“It will come down substantially but it won’t be zero,” Trump said Tuesday in Washington, following earlier comments from Treasury Secretary Scott Bessent that the standoff was unsustainable. Trump added that “we’re going to be very nice and they’re going to be very nice, and we’ll see...",https://www.bloomberg.com/news/articles/2025-04-23/trump-says-he-ll-be-very-nice-to-china-in-trade-talks,Lean Left
33,DOJ Prosecutors Resign Over N.Y. Mayor Adams Case,"Three New York federal prosecutors have resigned and said the Department of Justice is to blame. The prosecutors worked on the government’s criminal case against New York Mayor Eric Adams. They said the DOJ tried to coerce them to admit they were in the wrong to resist when the case against Adams was dropped, according to Politico.",https://www.newsmax.com/Health/politics/DOJ-prosecutors-resign/2025/04/22/id/1207909/,Right
34,"Congressional delegation visits grad student, PhD student held in ICE detention","A Congressional delegation traveled to Louisiana on Tuesday to demand the release of Rümeysa Öztürk, a PhD student at Tufts University, and Mahmoud Khalil, a 2024 Columbia University graduate, and to examine conditions at their separate detention facilities.
It’s the first time a delegation has visited with either detainee. The visit was first reported by CNN.
Sen. Ed Markey (D-Mass.) shared on X that he was heading to Louisiana to demand the release of Ozturk, one of his constituents.",https://thehill.com/homenews/house/5262161-congressional-delegation-visit-rumeysa-ozturk-mahmoud-khalil/,Center
35,Supreme Court appears poised to rule for parents who objected to LGBTQ content in elementary schools,"The Supreme Court on Tuesday appeared likely to rule for parents in Maryland who objected on religious grounds to books made available in a school district's elementary schools that feature stories about gay and transgender characters.
Members of the 6-3 conservative majority, which often backs religious rights, seemed sympathetic during the lively 2½-hour oral argument toward the parents’ claims that the Montgomery County Board of Education violated their religious rights by failing to provide an opt-out for their children.",https://www.nbcnews.com/politics/supreme-court/parents-objections-lgbtq-books-elementary-schools-montgomery-county-md-rcna202193,Lean Left
36,Musk to step back from Doge after Tesla profits plummet,"Elon Musk has vowed to spend “significantly” less time working for Donald Trump’s administration and focus on Tesla after profits plummeted to a five-year low.
The electric car company’s net income slumped by 71pc to $409m in the three months to the end of March, marking its least profitable quarter since 2020.",https://www.telegraph.co.uk/business/2025/04/22/elon-musk-doge-trump-pull-back/,Lean Right
37,Jury finds NY Times not liable in Sarah Palin defamation case,"A federal jury in Manhattan on Tuesday found the New York Times (NYT.N), opens new tab not liable for allegedly defaming Sarah Palin in a 2017 editorial about gun control, dealing the former Republican U.S. vice presidential candidate a second loss at trial.
The verdict came in a retrial of Palin's case, after a federal appeals court threw out a 2022 verdict in the Times' favor.",https://www.reuters.com/world/us/jury-finds-ny-times-not-liable-sarah-palin-defamation-case-2025-04-22/,Center
38,"200 college leaders decry Trump's ""undue government intrusion"" in education","About 200 university presidents and chancellors signed onto a Tuesday letter denouncing the Trump administration's ""coercive use of public research funding.""
Why it matters: Dissent to President Trump's higher education threats is slowly growing.
What they're saying: ""We speak with one voice against the unprecedented government overreach and political interference now endangering American higher education,"" the university leaders said in their letter.",https://www.axios.com/2025/04/22/college-university-presidents-letter-trump-federal-funding,Lean Left
39,The futility of fact checkers,"Did Ukraine start the war with Russia? Is DOGE capable of cutting two trillion dollars from the Federal budget? Did the US send $50 million in condoms to Gaza? Were the January 6 insurrectionists traitors or patriots? The thunderous second Trump administration has introduced as much uncertainty as the last. And that’s on top of the enduring claims and counter-claims about the reality of climate change, the results of the 2020 election, and the matter of gender and sexuality. ",https://unherd.com/2025/04/the-futility-of-fact-checkers/,Center
40,Living Hell?,"""Climate change will make Earth a living hell!"" claims popular astrophysicist Neil DeGrasse Tyson.
I don't believe him.
The media say, ""All Arctic ice will soon melt away! Polar bears are dying off! Global warming causes food shortages!""
Bunk, bunk, bunk.
They are addicted to scaring us.
My new video covers four more myths about climate change.",https://townhall.com/columnists/johnstossel/2025/04/23/living-hell-n2655951,Lean Right
41,Why MAGA World is so protective of Hegseth,"As Defense Secretary Pete Hegseth finds himself staring down yet another controversy and more calls from critics to resign, he has a potent ally not just in President Trump, but in Trump’s Make America Great Again (MAGA) movement.
Influential MAGA voices have used their platforms to back Hegseth, who they see as a product of the movement. He is considered a dyed-in-the-wool Trump backer who is attuned to the president on culture war issues. Where critics see a lack of experience, supporters see a government outsider capable of enacting change. 
“Much like...",https://thehill.com/homenews/administration/5261494-defense-secretary-pete-hegseth-trump-support/,Center
42,The vicious rivalries tearing apart Pete Hegseth’s Pentagon,"When President Donald Trump chose Pete Hegseth for Defense secretary, incoming officials knew they’d need to surround the inexperienced Fox News host with accomplished staff who could handle the nation’s largest bureaucracy. Hegseth would be the show horse, they figured, and others at the top would keep the Pentagon on track.
What happened was the opposite. Hegseth surrounded himself with advisers who quickly turned into vicious rivals for power — whose bitter brawl has now unraveled into revenge power plays, surprise firings, accusations of leaking and embarrassing headlines that are...",https://www.politico.com/news/2025/04/22/pentagon-infighting-hegseth-fired-officials-00302709,Lean Left
43,The Doom Loop of Antisemitism,"Ignoring lies allows them to fester, but fighting back adds fuel to the fire.
Jews who are concerned about the rising tide of antisemitism are in a no-win situation.
On a daily basis, we are treated as the villain of various tales told by growing parts of both the left and right. At any given time, according to the internet, Jews are starving innocent people and committing genocide; facilitating the persecution of Christians in the Middle East or trying to outlaw Christianity in the United States; stifling free speech; or conspiring...",https://www.nationalreview.com/2025/04/the-doom-loop-of-antisemitism/,Lean Right
44,Who will be the next pope? Key candidates in an unpredictable process,"Who will be the next pope? The decision could have a profound impact on the Catholic Church and the world's 1.4 billion baptised Roman Catholics.
It also promises to be a highly unpredictable and open process for a host of reasons.
The College of Cardinals will meet in conclave in the Sistine Chapel to debate and then vote for their preferred candidates until a single name prevails.
With 80% of the cardinals appointed by Pope Francis himself, they are not only electing a pope for the first time, but will...",https://www.bbc.com/news/articles/ckgxk40ndk1o,Center
45,When the Supreme Court Spoke With One Voice,"In an extraordinary, if perhaps temporary, rebuke to the Trump administration, the Supreme Court issued an order at around 1 a.m. on Saturday forbidding the government from deporting a group of Venezuelan nationals under the Alien Enemies Act.
The ruling, by a presumed seven-to-two vote, signaled genuine fury at the failure of Trump officials to abide by the law and, even more to the point, the directives of judges, including those on the Supreme Court.
The federal judiciary is being forced to confront a fundamental question: what to do when...",https://www.nytimes.com/2025/04/23/opinion/trump-supreme-court.html,Left
46,Sarah Palin Loses Defamation Suit Retrial Against the New York Times,"Former Republican Alaska Gov. Sarah Palin has lost her defamation suit retrial against the New York Times.
The federal jury ruled after just two hours of deliberation on Tuesday that the New York Times was not guilty of libel when it falsely linked her to a 2011 mass shooting in an editorial it published in 2017. Per Axios:
Throughout this trial and the original 2022 trial, the Times asserted that the inaccurate link made in the editorial was a mistake.
It issued a formal correction of the piece, titled “America’s Lethal Politics,” two days after...",https://www.breitbart.com/politics/2025/04/22/sarah-palin-loses-defamation-suit-retrial-new-york-times/,Right
47,Tariffs may mean more US steel jobs. Will there be workers to fill them?,"Thomas Reisinger commutes almost an hour-and-a-half each way for a job in a cavernous steel processing plant here.
""I don't speed,"" he said dryly.
The Reuters Tariff Watch newsletter is your daily guide to the latest global trade and tariff news. Sign up here.
Some of his coworkers come from much farther, including one who spends workweeks living in a camper and returns home only at weekends. This corner of eastern Arkansas is dotted with RV parks that cater to such workers.
America will need many more like them to achieve President...",https://www.reuters.com/markets/us/tariffs-may-mean-more-us-steel-jobs-will-there-be-workers-fill-them-2025-04-23/,Center
48,Has The Supreme Court Had Enough Of The Trump Administration's Excuses?,"Over the Easter weekend, the Supreme Court issued a remarkable order in the wee hours of Saturday morning blocking President Donald Trump from immediately removing a group of Venezuelan immigrants from a detention center in Texas and, potentially, sending them to a notorious prison in El Salvador.
The court’s order came amid a frenzy of legal filings by lawyers for a handful of Venezuelans detained at the Bluebonnet Detention Facility in Anson, Texas. Those detainees reported that they were being pressured to sign forms affirming their alleged membership in the gang Tren de Aragua...",https://www.huffpost.com/entry/trump-supreme-court-el-salvador_n_68080af0e4b00081c708cf9f,Left
0,"Tehran has rejected direct negotiations with the U.S. after Trump letter, Iranian president says","Iran President Masoud Pezeshkian said Sunday that the Islamic Republic rejected direct negotiations with the United States in response to a letter President Trump sent earlier this month over the country's rapidly advancing nuclear program. It was Tehran's first official response to Mr. Trump's letter.
""Although the possibility of direct negotiations between the two sides has been rejected in this response, it has been emphasized that the path for indirect negotiations remains open,"" Pezeshkian said, adding Iran's response was delivered via the sultanate of Oman.",https://www.cbsnews.com/news/iran-tehran-rejected-negotiations-us-trump-letter/,Lean Left
1,Cory Booker crosses 17-hour mark in marathon Senate floor speech protesting Trump agenda,"Sen. Cory Booker is holding the Senate floor into Tuesday afternoon, as the New Jersey Democrat continues his marathon speech protesting actions taken by President Donald Trump’s administration.
The Democratic senator vowed Monday evening that he would keep going as long as he was “physically able,” continuing his remarks through the night. As of noon Tuesday, he had spoken for more than 17 hours, having begun at 7 p.m. ET Monday.",https://www.cnn.com/2025/03/31/politics/booker-senate-floor-speech-trump-protest/index.html,Lean Left
2,Trump Has a Point About Other Countries’ Tariffs on Our Goods,"On the menu today: If you live in Wisconsin or either of those House districts in Florida, don’t forget to vote today.
Welcome to the eve of “Liberation Day” that President Trump announced back on March 21. I could do an April Fool’s Day edition and tell you how great tariffs are and how your 401(k) is doing fine, but that’s just mean. Instead, I decided to look at just what tariffs other countries are imposing on goods imported from the United States. A couple of countries likely to get...",https://www.nationalreview.com/the-morning-jolt/trump-has-a-point-about-other-countries-tariffs-on-our-goods/,Right
3,I held three town halls in GOP districts. I heard one question over and over again.,"In America, our leaders shouldn’t hide from the people they represent. That is why I recently held town halls in three congressional districts — California’s 22nd, 40th and 41st districts — that are key for winning back the House in 2026. All three are currently held by Republicans, and I plan to travel to red districts in Pennsylvania, Nebraska, Nevada and Ohio in the upcoming months.
While GOP lawmakers are canceling town halls after being booed and protested, I am working alongside community leaders and advocates to build a movement with two goals: mobilize...",https://www.msnbc.com/opinion/msnbc-opinion/ro-khanna-gop-representatives-keep-canceling-town-halls-owe-constituen-rcna197796,Left
4,Why Trump Is Right About Ending The Debt Ceiling,"President Trump is right. We should junk the debt limit.
The Congressional Budget Office announced this week that the US government will run out of money this July or August unless Congress raises the debt limit, which puts a ceiling on what Uncle Sam can borrow.",https://www.forbes.com/sites/steveforbes/2025/03/31/why-trump-is-right-about-ending-the-debt-ceiling/,Lean Right
5,"China launches military drills around Taiwan, calls Taiwan president a 'parasite'"," China staged military drills off Taiwan's north, south and east coasts on Tuesday as a ""stern warning"" against separatism and called Taiwanese President Lai Ching-te a ""parasite,"" as Taiwan sent warships to respond to China's navy approaching its shores.
The exercises, which China has not formally named unlike war games last year, follow a rise in Chinese rhetoric against Lai and come on the heels of U.S. Defense Secretary Pete Hegseth's Asia visit, during which he repeatedly criticised Beijing.",https://www.reuters.com/world/asia-pacific/chinese-military-says-it-is-conducting-exercises-around-taiwan-2025-03-31/,Center
6,Fact check: Did Mexico shut down its ports of entry to protest Trump’s tariffs?,"A widely shared video showing an entrance to the World Trade Bridge port of entry being closed by the Mexican National Guard was filmed on Feb. 27, 2025, during a protest by truckers upset over long crossing times, news outlets reported. AllSides highlights content from Gigafact, a network of newsrooms that respond to online claims. View the full fact brief on El Paso Matters.",https://gigafact.org/fact-briefs/gigafact-fact-brief-did-mexico-shutdown-border-trump-tariffs-texas/?utm_source=allsides&utm_id=112,Center
7,A Mysterious Group Says Its Mission Is to Expose Antisemitic Students,"On March 24, a shadowy group that calls itself Canary Mission posted a new feature on its website, “Uncovering Foreign Nationals,” in response to President Trump’s recent executive order on combating antisemitism.
The group, which says its mission is to single out those who promote “hatred of the U.S.A., Israel and Jews on North American college campuses,” listed the names of seven students and academics, including three current and former professors at Columbia University.",https://www.nytimes.com/2025/04/01/us/israel-gaza-student-protests-canary-mission.html,Lean Left
8,Inside ICE Air: Flight Attendants on Deportation Planes Say Disaster Is “Only a Matter of Time”,"The deportation flight was in the air over Mexico when chaos erupted in the back of the plane, the flight attendant recalled. A little girl had collapsed. She had a high fever and was taking ragged, frantic breaths.
The flight attendant, a young woman who went by the nickname Lala, said she grabbed the plane’s emergency oxygen bottle and rushed past rows of migrants chained at the wrists and ankles to reach the girl and her parents.",https://www.propublica.org/article/inside-ice-air-deportation-flights,Lean Left
9,"Iran Will Seek Nuclear Weapons if US Attacks, Top Official Says: 'No Choice'","Iran ""will have no choice"" but to seek nuclear weapons if attacked, an adviser to Supreme Leader Ayatollah Ali Khamenei has warned.
The statement comes in response to U.S. President Donald Trump's threat to bomb Iran if it does not agree to a new nuclear deal.
Newsweek has reached out to the State Department and Iran's foreign ministry for comment.",https://www.newsweek.com/iran-nuclear-us-attack-weapons-2053433,Center
10,"Justice Dept. will seek death penalty for Luigi Mangione, accused killer of UnitedHealthcare CEO","Attorney General Pam Bondi said Tuesday that federal prosecutors will pursue the death penalty for Luigi Mangione, the man accused of gunning down United Healthcare CEO Brian Thompson in front of a New York hotel last year. “Luigi Mangione’s murder of Brian Thompson – an innocent man and father of two young children – was a premeditated, cold-blooded assassination that shocked America,” Ms. Bondi said in a statement. “After careful consideration, I have directed federal prosecutors to seek the death penalty in this case as we carry out President Trump’s...",https://washingtontimes.com/news/2025/apr/1/justice-department-seeking-death-penalty-luigi-mangione-accused,Lean Right
11,Lawmakers take action after report shows Biden-era SBA failed to probe 2 million alleged COVID aid fraudsters,"The respective chairs of the Small Business Committee in both chambers of Congress are unveiling a plan to address the roughly 2 million ""likely fraudulent"" pandemic aid applications flagged in a recent government report.
Sen. Joni Ernst of Iowa and Rep. Roger Williams of Texas, both Republicans, plan to introduce the SBA Fraud Enforcement Extension Act on Wednesday in hopes of corralling the alleged scofflaws who they say broke the law and prevented untold numbers of legitimate U.S. small businesses from receiving crucial aid.
The bill extends the statute of limitations to 10 years...",https://www.foxnews.com/politics/report-shows-biden-era-sba-2-million-alleged-covid-aid-fraudsters,Right
12,'JFK' director Oliver Stone calls for investigation into presidential assassination,"Oliver Stone, the Oscar-winning director whose film JFK portrayed the President John F. Kennedy’s assassination as the work of government conspiracy yesterday called for a new congressional investigation into his killing.
Stone, 78, testified at a hearing of the House Task Force on the Declassification of Federal Secrets following last month’s release of thousands of pages of government documents related to the assassination.",https://www.euronews.com/culture/2025/04/02/jfk-director-oliver-stone-calls-for-investigation-into-presidential-assassination,Center
13,Lawn Gone Liberty,"It's finally spring.
Better mow your lawn.
If you don't, your town government may fine you thousands of dollars a day.
Worse, if you can't pay the fine, they may confiscate your home.
Six years ago, in Dunedin, Florida, Jim Ficken let his grass grow.
His mom had died, and he'd left town to take care of her estate. He asked a friend to cut his grass, but that friend died, too!",https://townhall.com/columnists/johnstossel/2025/04/02/lawn-gone-liberty-the-update-n2654867#google_vignette,Lean Right
14,"5 takeaways from Wisconsin Supreme Court race, Florida special elections","Democrats scored a critical win Tuesday in their first major test at the ballot box since President Trump took office in January.
The elections came amid growing anger over the Trump’s administration’s immigration and economic policies, its handling of free speech, and the federal cuts made under Elon Musk’s Department of Government Efficiency (DOGE).
The night served in part as a referendum on Musk, who has played an outsized role in the administration and poured millions of dollars into the Wisconsin race.",https://thehill.com/homenews/campaign/5227136-democrats-wisconsin-florida-special-elections/,Center
15,Trump’s ‘Liberation Day’ is also a test on ChinaTrump’s ‘Liberation Day’ is also a test on China,"In his first two months in office, President Donald Trump has already raised tariffs on China twice. The Chinese government has barely flinched.
Wednesday’s much-hyped tariff announcement will be the ultimate test for Trump’s engagement with the world’s second-largest economy — and whether the president can lure the United States’ top economic rival to the bargaining table.
Ever since Trump announced a new 10 percent across-the-board tariff on China in February, the White House has repeatedly hinted that a phone call with Chinese President Xi Jinping was imminent. But unlike other targets...",https://www.politico.com/news/2025/04/02/trumps-liberation-day-is-also-a-test-on-china-00265136,Lean Left
16,In Defense of Allies,"If our allies need to do more, they are also a benefit to our national security.
The countries that have been most discomfited by Trump 2.0 so far are probably Canada, Denmark, and Ukraine.
This is not exactly the axis of evil, or the axis of anything except countries that are either dependent on the United States or otherwise easily pushed around.
The tone of the first couple of months of the Trump administration has been overwhelmingly one of disregard at best, or contempt and hostility at worst, for our longtime allies.",https://www.nationalreview.com/2025/04/in-defense-of-allies/,Right
17,How to Combat Misinformation,"Misinformation is nothing new. It has, however, become ubiquitous and, in some cases, more difficult and time-consuming than ever to debunk. 
When we first started publishing in 2003 — which predated Facebook (2004), YouTube (2005) and Twitter (2006) — viral misinformation took the form of chain emails. Although they were a problem at the time, chain emails were to misinformation what the Pony Express is to ChatGPT.
As the popularity of social media platforms has grown, so too has the scope of viral misinformation and the speed with which it travels. And...",https://www.factcheck.org/2025/04/how-to-combat-misinformation/,Lean Left
18,US supreme court weighs restricting Medicaid payments to ‘defund’ Planned Parenthood,"In its first abortion-related case since Donald Trump retook control of the White House, the US supreme court will hear oral arguments on Wednesday morning in a case challenging South Carolina’s attempt to effectively “defund” Planned Parenthood because the reproductive health giant performs abortions.
The case, Medina v Planned Parenthood South Atlantic, deals with a 2018 executive order from the South Carolina governor Henry McMaster that blocked clinics that provide abortions from receiving reimbursements via Medicaid, the US government’s healthcare program for low-income people, despite the fact that those reimbursements don’t actually cover abortions. “Payment...",https://www.theguardian.com/world/2025/apr/02/planned-parenthood-medicaid-us-supreme-court,Left
19,"Obama was working against Kamala Harris behind the scenes, didn't think she could win, new book reveals","Reporter and author Jonathan Allen said Tuesday that former President Barack Obama was working against former Vice President Kamala Harris after former President Joe Biden dropped out, advocating for an open primary because he didn't think Harris could win.
""President Obama absolutely did not think that Joe Biden should continue, according to our sources close to President Obama,"" Allen told MSNBC. ""And he also didn’t want Kamala Harris to be the replacement for Biden. He didn’t think that she was the best choice for Democrats, and he worked really behind...",https://www.foxnews.com/media/obama-working-against-kamala-harris-behind-scenes-didnt-think-she-could-win-book,Right
20,Three big unknowns ahead of Trump's 'Liberation Day' tariffs,"Donald Trump says tariffs are coming. That message from the US president has been consistent.
But what tariffs and when? Import taxes have come so thick and fast since he took office that it can be hard to keep track.
Trump has already raised duties on Chinese imports, as well as steel, aluminium and some goods from Canada and Mexico. Higher levies on cars are due to go into effect this week.
We're now waiting for Trump to unveil the details of his plan for a wider set of tariffs,...",https://www.bbc.com/news/articles/c0m90jjewd7o,Center
21,Trump’s single most aggressive attack on immigrants is now before the Supreme Court,"In mid-March, President Donald Trump invoked an almost-never-used federal law, claiming that it gives him the power to deport many immigrants at will with minimal or no legal process to determine if these deportations are lawful. The text of that statute, the Alien Enemies Act of 1798, does not give presidents the power Trump claims.
For the moment, at least, a lower court order blocks Trump’s Alien Enemies Act proclamation; that order is still in effect, although there is ongoing litigation about whether the Trump administration defied it by sending dozens of Venezuelan immigrants...",https://www.vox.com/scotus/406719/trump-attack-immigrants-supreme-court,Left
22,DOJ to seek death penalty for Luigi Mangione in CEO Brian Thompson murder case,"Attorney General Pam Bondi on Tuesday said she had ordered federal prosecutors to seek the death penalty against Luigi Mangione, who is charged with murdering UnitedHealthcare CEO Brian Thompson in New York City in December.
“Luigi Mangione’s murder of Brian Thompson — an innocent man and father of two young children — was a premeditated, cold-blooded assassination that shocked America,” Bondi said in a statement issued by the Department of Justice.
“After careful consideration, I have directed federal prosecutors to seek the death penalty in this case as we carry out President Trump’s agenda to stop violent crime and Make America Safe...",https://www.cnbc.com/2025/04/01/luigi-mangione-death-penalty-brian-thompson.html,Lean Left
23,Trump Attorney Studied Options for Third Presidential Term,"Donald Trump’s attorney Boris Epshteyn made a bold assertion during a meeting in late 2023: Trump wouldn’t necessarily be limited to two terms in office.
Speaking to an associate in October 2023 in downtown Washington, Epshteyn pushed back on the notion that Trump would be a lame duck if he won the election in 2024. Epshteyn said he had studied the law—and he believed Trump could find a way to run again in 2028, according to the person Epshteyn met with.",https://www.wsj.com/politics/trump-attorney-studied-options-for-third-presidential-term-3ad46b43?mod=hp_lead_pos5,Center
24,New York to release some prison inmates early over shortage of guard staff,"New York state prisons will release some inmates early because the system does not have enough corrections officers, weeks after the state fired more than 2,000 guards who went on strike over poor working conditions.
In a memo Monday, corrections Commissioner Daniel Martuscello directed prison leaders to begin identifying inmates who were convicted of minor crimes and already set for release within 15 to 110 days to be considered for an early discharge.",https://apnews.com/article/new-york-prison-inmates-release-ffcd6287d3cdd9b019fa75cae67b4a53,Left
25,FBI Imposed ‘Gag Order’ on Analyst Who Told Twitter Hunter Biden Laptop Story Was Real,"The FBI silenced an employee who tried to tell Twitter the Hunter Biden laptop story was real on the day it came out, newly released chat logs show.
On October 14, 2020, the day the New York Post first reported on Hunter Biden’s laptop, the FBI told employees “do not discuss [the] Biden matter” and imposed a “gag order” on an analyst who tried to confirm the story’s veracity to Twitter during a meeting, according to chat logs released by the House Judiciary Committee.",https://www.nationalreview.com/news/fbi-imposed-gag-order-on-analyst-who-told-twitter-hunter-biden-laptop-story-was-real/,Lean Right
26,Democratic-led states sue to block Trump from $11 billion health funding cut,"A group of Democratic-led states on Tuesday sued Republican U.S. President Donald Trump's administration to challenge its cancellation of $11 billion in federal grants the states were allocated during the COVID-19 pandemic.
Attorneys general and governors from 23 states and the District of Columbia in a lawsuit, filed in federal court in Rhode Island argue the U.S. Department of Health and Human Services lacks the authority to unilaterally claw back funding the states had already built health programs around.",https://www.reuters.com/legal/democratic-led-states-sue-us-health-secretary-2025-04-01/,Center
27,NYC Mayor Eric Adams' corruption case dismissed; charges can't be refiled,"A federal judge on Wednesday dismissed the corruption case against New York City Mayor Eric Adams, although without the strings attached that had been sought by the Justice Department.
U.S. District Judge Dale Ho dismissed the case with prejudice, meaning the charges cannot be refiled at a later date. The Justice Department request for a dismissal without prejudice could have left the Democratic mayor beholden to President Donald Trump's administration, which considers Adams an ally in its immigration crackdown. ",https://www.usatoday.com/story/news/nation/2025/04/02/mayor-eric-adams-corruption-case-dismissed/82773618007/,Lean Left
28,Steve Kornacki Parts Ways With MSNBC,"NBC News’ Steve Kornacki will not return to MSNBC after 12 years following the network’s spinoff arrangement.
Kornacki, the popular political data sensation, has agreed to remain with NBC News in his renewed contract and expand his appearances across the network’s news and sports divisions, The Los Angeles Times reported. The contract does not include his employment at MSNBC, which has turned into a new corporate entity by its parent company, Comcast.",https://dailycaller.com/2025/04/01/steve-kornacki-msnbc-parts-ways/,Right
29,Trump Tells Inner Circle That Musk Will Leave Soon,"President Donald Trump has told his inner circle, including members of his Cabinet, that Elon Musk will be stepping back in the coming weeks from his current role as governing partner, ubiquitous cheerleader and Washington hatchet man.
The president remains pleased with Musk and his Department of Government Efficiency initiative, according to three Trump insiders who were granted anonymity to describe the evolving relationship, but both men have decided in recent days that it will soon be time for Musk to return to his businesses and take on a supporting...",https://www.politico.com/news/magazine/2025/04/02/trump-musk-leaving-political-liability-00265784,Lean Left
30,Mike Waltz Used Personal Gmail for Government Communications: Report,"National security adviser Mike Waltz used his personal Gmail account for government communications, The Washington Post reported, citing documents it reviewed and interviews with three U.S. officials.
Newsweek reached out to the National Security Council via email for comment.",https://www.newsweek.com/mike-waltz-used-personal-gmail-government-communications-report-2053863,Center
0,Trump rips up rulebook on trade and businesses are left reeling,"US President Donald Trump is ripping up the rulebook on trade that has been in place for more than 50 years.
His latest round of sweeping tariffs, which came into force shortly after midnight on Wednesday, hits goods from some of America's biggest trading partners including China and the European Union with dramatic hikes in import duties.
The president and his allies say the measures are necessary to restore America's manufacturing base, which they view as essential to national security.
But it remains a potentially seismic action, affecting more than...",https://www.bbc.com/news/articles/c87p12wpgjpo,Center
1,Trump’s Lust for Power Cannot Be Satiated,"It is a fool’s errand to try to rationalize President Trump’s obsession with tariffs.
This is not to say that people haven’t tried. There are any number of theories that seek to explain Trump’s preoccupation with tariffs and trade wars. Perhaps he wants to revitalize American manufacturing and bring factory jobs back to postindustrial communities wracked by poverty and despair. Perhaps he wants the revenue he generates from large tariffs to reduce deficits and help address the nation’s long-term debt. Or perhaps he hopes to rebalance the global economic system,...",https://www.nytimes.com/2025/04/09/opinion/trump-tariffs-rationale-power.html,Left
2,Amazon Cancels Some Inventory Orders From China After Tariffs,"Amazon.com Inc. has canceled orders for multiple products made in China and other Asian countries, according to a document reviewed by Bloomberg and people familiar with the matter, suggesting the company is reducing its exposure to tariffs imposed by President Donald Trump.",https://www.bloomberg.com/news/articles/2025-04-09/amazon-cancels-some-inventory-orders-from-china-after-tariffs,Lean Left
3,Canada hits back at US car tariffs with reciprocal measures,"Canada says it has started imposing a 25% tariff on certain vehicle imports from the US, retaliating against a similar measure from its neighbour.
The tariffs - or import taxes - will be paid by Canadians who buy some automobiles or their parts from the US.
Confirming that the new taxes would apply after midnight on Wednesday, Canadian Finance Minister Francois-Philippe Champagne said his country was responding to ""unwarranted and unreasonable"" tariffs.",https://www.bbc.com/news/articles/cedyyll7467o,Center
4,Trump Is the New FDR,"The progressive hero created the predicate for the Trump presidency.
Progressives have long pined for another FDR. Here in the first couple of months of 2025, they’ve gotten one.
President Trump’s mad opening dash is like nothing we’ve seen since Franklin Roosevelt’s historic first 100 days.
It’s a cliché to say that we live in an unprecedented era, but it’s not the first time we’ve had a frenetic, action-oriented president who cares more about the results than the rules and, oh yeah, is interested in serving more than two terms in...",https://www.nationalreview.com/2025/04/trump-is-the-new-fdr/,Right
5,Trump is dismantling election security networks. State officials are alarmed,"Misha Pride, then the mayor of South Portland, Maine, was greeting voters early on Election Day when police cars suddenly swarmed outside the city’s community center with lights flashing.
“Possible shooting,” the city manager texted Pride. Officers locked down the center.
Authorities quickly determined the call to police was a hoax, one of hundreds of threats and cyberattacks last November aimed at disrupting the presidential election – some pushed by partisan zealots, others perpetrated by foreign state actors including Russia and China. Voting at the community center was delayed by...",https://www.cnn.com/2025/04/09/politics/election-security-systems-trump-invs?cid=ios_app,Lean Left
6,How fear is driving the conversation about Social Security,"Although the Social Security Administration has never missed a payment since it began issuing monthly checks in 1940, some recipients are afraid that they’re on the verge of losing the income that sustains them. It’s a message that they’re hearing a lot, even though the Trump administration says this is not true.
The website of the Grafton County Democrats, a grass-roots organization in central New Hampshire, encourages citizens to protest “the impending demise of our Social Security services and earned benefits.”",https://www.deseret.com/politics/2025/04/08/social-security-changes-fear-doge-cuts/,Center
7,"No, It Was Not a Few Bad Apples In the Media Who Lied to the American People","We are being treated to what the CIA called a ""modified limited hangout"" as they try to recover their credibility after the systematic failures and lying that have disgusted the less self-deluded members of the public. 
Over the past decade or more, the formerly ""mainstream media"" engaged in a series of lies, hoaxes, campaigns of slander against disfavored peoples and movements, and coverups of Democrat scandals. Having been exposed, members of this priesthood of the cult are busy explaining why they got it so wrong.",https://hotair.com/david-strom/2025/04/09/delusion-thy-name-is-jim-vanderhei-n3801602,Lean Right
8,Does Oklahoma rank #1 in profit per employee among Fortune 500 companies?,"An analysis of 2024 data from the Fortune 500 measured the profit per employee of these companies by state and found that Oklahoma ranked #1. AllSides highlights content from Gigafact, a network of newsrooms that respond to online claims. View the full fact brief on Oklahoma Watch.",https://gigafact.org/fact-briefs/does-oklahoma-rank-1-in-profit-per-employee-among-fortune-500-companies/?utm_source=allsides&utm_id=112,Center
9,"Trump administration pauses $1 billion for Cornell, $790 million for Northwestern","The federal government has frozen more than $1 billion in funding for Cornell and $790 million for Northwestern as both schools remain under investigation by the Department of Education.
The New York Times first reported Wednesday that funding garnered from grants from the Departments of Agriculture, Defense, Education and Health and Human Services have been paused as the schools are investigated for violations of Title VI of the Civil Rights Act ""to protect Jewish students on campus, including uninterrupted access to campus facilities and educational opportunities,"" as per a March press release from the...",https://www.upi.com/Top_News/US/2025/04/09/Cornell-Northwestern-funding-freeze-pause-Trump/1111744204012/,Center
10,Democratic Boston city councilwoman pleads guilty to public corruption charges,"A Boston city councilwoman agreed Tuesday to plead guilty to federal public corruption charges after allegedly using an inflated bonus to pay a relative in a kickback scheme.
Democrat Tania Fernandes Anderson was arrested by FBI agents in December on six felony charges, including five counts of wire fraud and one count of theft concerning federally funded programs related to the alleged kickback scheme that earned her thousands of taxpayer dollars.",https://www.washingtonexaminer.com/news/crime/3375012/democratic-boston-city-councilwoman-pleads-guilty-public-corruption-charges/,Lean Right
11,"Kash Patel removed as acting ATF director, replaced by Army Secretary, sources say"," FBI Director Kash Patel was removed as the Acting Director of the Bureau of Alcohol, Tobacco, Firearms and Explosives and replaced by U.S. Army Secretary Daniel Driscoll, seven people familiar with the matter said on Wednesday.
Driscoll will continue to serve as Army Secretary while he also oversees the ATF, an arm of the U.S. Justice Department, said three of the sources, who were granted anonymity to discuss personnel matters that were not yet public.",https://www.reuters.com/world/us/kash-patel-removed-acting-atf-director-replaced-by-army-secretary-sources-say-2025-04-09/,Center
12,Fact check: are US tariffs really bringing in $2bn a day as Trump claims?,"Donald Trump has defended his tariffs by arguing that they are already raking in almost $2bn (£1.6bn) a day for the US.
Speaking after more than $5tn of losses on the US stock market since his “liberation day” announcement last week, he made the claim on Tuesday, adding: “America is going to be very rich again, very soon.”",https://www.theguardian.com/us-news/2025/apr/09/fact-check-donald-trump-tariffs-revenue,Left
13,Cory Booker's Blab-a-Thon Underlines 'Fact-Checker' Tilt,"On April 7, Facebook pulled the plug on the censorship of ""independent fact-checkers,"" replacing it with a ""Community Notes"" approach, like Elon Musk's X uses. No one was more upset than the censorious left-wing ""fact"" police.
Angie Holan, the leader of the Poynter Institute's International Fact-Checking Network, marked ""International Fact-Checking Day"" by proclaiming they are needed now more than ever: ""Fact-checking holds the line on reality for history's sake. It builds evidence-based records that can withstand political pressures.""
Fact check? False. Poynter's PolitiFact routinely demonstrates that its ""line on reality""...",https://townhall.com/columnists/timgraham/2025/04/09/cory-bookers-blab-a-thon-underlines-fact-checker-tilt-n2655222,Right
14,Development of nuclear bomb 24 times more powerful than Hiroshima's is 'significantly ahead of schedule',"The development of a nuclear bomb that would be 24 times more powerful than the one dropped on Hiroshima, Japan, during World War II is ""significantly ahead of schedule,"" according to U.S. national security officials.",https://www.foxnews.com/us/development-nuclear-bomb-24-times-more-powerful-than-hiroshimas-significantly-ahead-schedule,Right
15,What Rights Do Immigrants Have?,"Since taking office, the Trump administration has implemented rapid, significant changes to United States immigration policy. It has taken a much more expansive view on who should be targeted for arrest or deportation and how the laws governing immigration can be interpreted.",https://www.nytimes.com/interactive/2025/04/09/us/immigrant-rights-deportation.html,Left
16,CA gas prices lead nation at $5 per gallon as national average plummets,"Average California gas prices remain near $5 per gallon despite national gas prices plummeting amid falling oil prices, leading many Californians to wonder why their gasoline is the most expensive in the United States.",https://www.thecentersquare.com/california/article_3cd93593-1f7c-48f6-a7ad-288a58f770ec.html,Lean Right
17,Lobby Horse Foreign agent disclosures already down more than 30%,"Disclosure under the nation’s preeminent law for regulating foreign influence in America is plummeting.
A review of Foreign Agents Registration Act (FARA) filings shows that disclosure of informational materials — items such as one-pagers and lobbyist talking points that are distributed to influence policy and public opinion — is down over 30 percent in the first quarter of 2025, compared to this time last year and over 40 percent compared to 2022.
This follows repeated efforts by the Trump administration to curtail investigations and enforcement of FARA and other foreign influence laws.",https://responsiblestatecraft.org/foreign-influence-2671687642/,Center
18,Death toll hits 184 after nightclub roof collapse in Dominican Republic,"Officials in the Dominican Republic have raised the death toll from the catastrophic roof collapse at the Jet Set nightclub in capital Santo Domingo to 184, as hopes of finding survivors fade and the rescue operation turns to recovery.
Local media quoting the country’s emergency operations director, Juan Manuel Mendez, reported on Thursday that at least 184 people had died in the accident. Mendez also stressed that it was a “preliminary figure”.",https://www.aljazeera.com/news/2025/4/10/death-toll-hits-184-after-nightclub-roof-collapse-in-dominican-republic,Lean Left
19,Trump SEC Chair pick Paul Atkins confirmed by Senate,"The Senate confirmed Paul Atkins as the next Securities and Exchange Commission (SEC) leader. 
Atkins, a former Republican SEC commissioner, was greenlighted by the Senate in a 52-44 vote on Wednesday evening. 
President Trump nominated Atkins, a Wall Street consultant, to the head the independent financial regulator, describing him as a “proven leader for common sense regulations.” 
“He believes in the promise of robust, innovative capital markets that are responsive to the needs of Investors, & that provide capital to make our Economy the best in the World,” Trump said of Atkins...",https://thehill.com/business/5241843-trump-sec-chair-pick-paul-atkins-confirmed-senate/,Center
20,Weezer bassist Scott Shriner’s wife arrested on suspicion of attempted murder after being shot by police,"Jillian Shriner, an author and the wife of Weezer bassist Scott Shriner, was involved in a situation with police that resulted in her being shot by law enforcement and subsequently arrested on suspicion of attempted murder, according to the Los Angeles Police Department.
The incident occurred on Tuesday afternoon in the East LA neighborhood of Eagle Rock, when officers attempting to track a suspect of an unrelated hit-and-run were in the rear yard of a residence and observed a woman in a “neighboring residence armed with a handgun,” an LAPD news release read....",https://edition.cnn.com/2025/04/09/entertainment/weezer-scott-jillian-shriner-shot-arrested/index.html,Lean Left
21,Trump-backed bill to stop 'rogue' judges passes House,"The House of Representatives passed a bill Wednesday to limit federal district judges' ability to affect Trump administration policies on a national scale.
The No Rogue Rulings Act, led by Rep. Darrell Issa, R-Calif., passed the House and limits district courts' power to issue U.S.-wide injunctions, instead forcing them to focus their scope on the parties directly affected in most cases.
All but one Republican lawmaker vot",https://www.foxnews.com/politics/trump-backed-bill-stop-rogue-judges-passes-house,Right
22,"Mike Huckabee, longtime Israel supporter, confirmed as US ambassador","Mike Huckabee, a staunch ideological ally of Israel, was confirmed by the Senate to serve as the United States’ ambassador to the country on Wednesday.
The former Arkansas governor and two-time presidential candidate was tapped by President Donald Trump for the post just after the November election. He has never previously worked in a diplomatic or national security role for any U.S. administration.",https://www.politico.com/news/2025/04/09/mike-huckabee-israel-ambassador-032907,Lean Left
23,Trump’s unconventional NASA pick signals Mars intentions in confirmation hearing,"President Donald Trump’s pick to run NASA, Jared Isaacman, made waves Wednesday by signaling his intention to create a new focus on Mars exploration.
A confirmation hearing for Isaacman — the billionaire CEO of payments platform company Shift4 who has twice paid to fly aboard SpaceX capsules — kicked off before the Senate Committee on Commerce, Science and Transportation at 10 a.m. ET. The committee is not expected to vote on Isaacman’s confirmation until after lawmakers reconvene from a two-week break that ends April 28.
During the hearing, Isaacman faced wide-ranging questions about how...",https://edition.cnn.com/2025/04/09/science/nasa-administrator-hearing-jared-isaacman/index.html,Lean Left
24,The Double Down or Deport Dilemma,"In a week that re-centered the Constitution, reinforced the law, and reignited the principle of national sovereignty, the U.S. Supreme Court handed the American people a massive win: a 5-4 ruling affirming the Trump administration’s right to deport dangerous foreign nationals using the Alien Enemies Act—a law that’s been on the books since 1798.
While the Biden era of border betrayal is finally behind us, the cleanup continues. And thankfully, that effort is now in the hands of Secretary of Homeland Security Kristi Noem, the former governor of South Dakota,...",https://townhall.com/columnists/kevinmccullough/2025/04/09/the-double-down-or-deport-dilemma-n2655234,Right
25,Navarro approach rubs GOP the wrong way amid trade war,"Peter Navarro’s bullish personality is rubbing some Trump allies the wrong way as he takes center stage in the battle over tariffs and butts heads with other top officials in the White House.
Some Republican lawmakers say Navarro’s temperament makes them nervous about where the trade war could take the U.S. economy.
“He’s so crass. His personality is so abrupt and so certain,” Sen. Kevin Cramer (R-N.D.) said. “If he was a doctor, you’d say he has a bad bedside manner.”
Notably, when President Trump on Wednesday imposed a 125 percent tariff...",https://thehill.com/homenews/administration/5241543-peter-navarro-gop-trade-war/,Center
26,House GOP cancels budget vote as hard-liners agitate for more spending cuts in Trump’s ‘beautiful’ bill,"House Republican leaders canceled a vote on the Senate’s budget resolution Wednesday night, as Speaker Mike Johnson came to terms with what had been clear for many hours: Too many Republicans would vote in opposition and the measure was bound to fail.
House GOP leaders continued to meet with holdouts late Wednesday and are considering tweaks to get fiscal hawks on board with the budget framework essential to passing President Donald Trump’s legislative agenda. But the outcome is a brutal blow for House GOP leaders and the president, who have...",https://www.politico.com/news/2025/04/09/house-gop-cancels-budget-vote-00283121,Lean Left
27,House Budget Hawks Are Right to Resist the Irresponsible Senate Plan,"House Speaker Mike Johnson was forced to postpone a scheduled Wednesday vote on a plan that will serve as a vehicle for legislation to extend President Trump’s tax cuts before they expire at the end of the year. Hours of arm-twisting could not convince a contingent of House Republicans, concerned about mounting debt, to go along with a Senate-passed resolution with a low floor for spending cuts. They are right to resist.
The federal debt held by the public is expected to reach 100 percent of the economy this year, the...",https://www.nationalreview.com/2025/04/house-budget-hawks-are-right-to-resist-the-irresponsible-senate-plan/,Lean Right
28,Democrats Question Social Security Administration Changes in Misleading Terms,"Abrupt changes in staffing and some procedures at the Social Security Administration, coupled with false and misleading claims about widespread fraud, have prompted heated criticism from Democrats, with some statements leaving the wrong impression that benefits are being cut. Experts share a concern that disorderly actions by the Trump administration could cause administrative errors and disruptions, but there has been no proposed change to benefits mandated by law.
Democrats have cited several concerning actions taken by the Trump administration with regard to the Social Security Administration. In late February, the...",https://www.factcheck.org/2025/04/democrats-question-social-security-administration-changes-in-misleading-terms/,Lean Left
29,Trump eased one trade war. Another may just be getting started.,"The United States and China have sharply raised tariffs on each other’s imports over the last week, raising the prospect of a long and painful trade war between the world’s two largest economies.
Even as investors rallied to his decision to pause “reciprocal” tariffs on imports from dozens of countries Wednesday, President Donald Trump raised tariffs on Chinese goods to 125 percent — an increase of more than 20 percent and his fourth tariff action against Beijing since January. President Xi Jinping has not backed down, either, retaliating by raising China’s tariffs on U.S.-made...",https://www.washingtonpost.com/business/2025/04/10/trump-china-tariffs-trade-war/,Lean Left
30,House delays budget vote after Johnson fails to sway GOP holdouts,"House Republicans scrapped a vote to advance President Donald Trump’s agenda after it was clear Speaker Mike Johnson (R-LA) did not have the GOP support needed to pass it on Wednesday night.
After huddling with a band of fiscal hawks who want a guarantee on deeper spending cuts, Johnson emerged from the meeting telling reporters they will aim to try again on Thursday.
“We have a small subset of members who weren’t totally satisfied with the product as it stands,” the speaker said. “So, we’re going to talk about maybe going to conference...",https://www.washingtonexaminer.com/news/house/3376116/house-delays-budget-vote-johnson-fails-sway-sway-gop-holdouts/,Lean Right
31,MSNBC Espouses Trump ‘Insider Trading’ Conspiracy Theory,"MSNBC seems to have found their latest outlet for their Trump-bashing fixation in the far-fetched conspiracy theory that the president’s recent tariff impositions were all a setup for insider trading beneficial to him and his close associates. On Thursday’s episode of The 11th Hour, host Stephanie Ruhle fleshed out this idea on the spot, based on the flimsiest of evidence, and refused to drop it even when her own panel tried to bring her down to earth a little.
“Well,” Ruhle began on the subject: 
[L]et's talk about the other thing that...",https://newsbusters.org/blogs/nb/david-milliken/2025/04/10/msnbc-espouses-trump-insider-trading-conspiracy-theory,Right
32,Democrats Can Be the Party That Wants to Make Americans Rich,"The polling is clear: Democratic voters hate tariffs. In a late March YouGov poll for CBS News, 88 percent of Democratic respondents said they oppose new tariffs on imported goods. That poll was taken before President Trump announced huge new tariffs on April 2 that caused the S&P 500 to dive 10 percent in two days and the American public to get a crash course in trade economics. After a week of financial market carnage, the president relented partly — he’s still proceeding with a 125 percent tariff on China...",https://www.nytimes.com/2025/04/10/opinion/trump-tariffs-democrats-free-trade.html,Left
33,“Art of the Deal”: Fox propagandists spin wildly for Trump’s “huge” tariff “win”,"Fox News’ propagandists cheered President Donald Trump’s tariff climbdown as a “huge win” that shows he was playing “3D chess” and executing the “Art of the Deal.” Meanwhile, reporters at outlets including Fox pointed out that Trump had “capitulated” out of fear that his unilateral imposition of massive taxes on all of our trading partners was triggering a collapse in the bond market.
Trump announced on Wednesday a 90-day pause on the massive tariffs he had proposed the previous week on dozens of countries and farcically described as “reciprocal,” with the countries instead subject to a...",https://www.mediamatters.org/tariffs-trade/art-deal-fox-propagandists-spin-wildly-trumps-huge-tariff-win,Left
34,"New Mexico governor activates National Guard, declares emergency over crime","New Mexico Gov. Michelle Lujan Grisham declared a state of emergency to address rising crime and the opioid crisis straining local law enforcement. Starting mid-May, 60 to 70 National Guard troops will assist Albuquerque police with non-law enforcement duties.
The governor says the deployment aims to support officers while they focus on community safety.
The ACLU of New Mexico warns the move could lead to increased profiling and the criminalization of vulnerable populations.",https://san.com/cc/new-mexico-governor-activates-national-guard-declares-emergency-over-crime/,Center
35,ICE chief thinks deportation system should be run like Amazon Prime ‘but with human beings’,"President Donald Trump’s head of Immigration and Customs Enforcement said he wants to see the deportation process look like ""[Amazon] Prime, but with human beings.""
ICE's Acting Director Todd Lyons made the remarks during the 2025 Border Security Expo at the Phoenix Convention Center on April 8, 2025, according to the Arizona Mirror.
His vision would see squads of ICE agents in trucks rounding people up and shipping them to other countries in the same way that Amazon ships packages.",https://www.independent.co.uk/news/world/americas/us-politics/ice-deportations-amazon-prime-b2730464.html,Lean Left
36,Fired College Professor Sues Tim Walz over Minnesota’s Covid Vaccine Mandate,"A former ethics professor at a taxpayer funded community college in Minnesota is suing Governor Tim Walz after he was fired for refusing to comply with the state's Covid-19 vaccine mandate for government employees and expressing his opinions on the matter to his students.
Professor Russell Stewart filed a complaint in federal court Wednesday against Walz and the leadership at Lake Superior College over his March 2022 termination for non-compliance with the Covid-19 vaccine mandate and a September 2021 email he sent to students explaining his position, National Review has...",https://www.nationalreview.com/news/fired-college-professor-sues-tim-walz-over-minnesotas-covid-vaccine-mandate/,Lean Right
37,Public libraries win: state lawmakers backpedal on funding cuts in budget bill,"Ohio lawmakers reversed proposed cuts to public library funding, promising increased funding next year.
The Public Library Fund will remain, but the funding amount will be determined by lawmakers, not a fixed percentage of state revenue.
Librarians across Ohio lobbied to protect state funding for local libraries.
State lawmakers on Tuesday reversed course on proposed cuts to public library funding and promised that every library will see an increase in money next year.",https://www.usatoday.com/story/news/state/2025/04/08/ohio-libraries-push-state-lawmakers-to-reject-cuts-in-budget-bill/82976290007/?gnt-cfr=1&gca-cat=p,Lean Left
38,House passes legislation to curb authority of ‘rogue’ district judges,"House Republicans have moved to limit the authority of federal judges, passing legislation Wednesday evening to prevent the issuing of nationwide injunctions.
The House voted 219-213 to pass the No Rogue Rulings Act to restrict federal judges from issuing far-reaching injunctions. Instead, rulings would only apply to the parties directly involved in the case.",https://www.washingtonexaminer.com/news/house/3376089/house-passes-legislation-curb-authority-rogue-district-judges/,Lean Right
39,"After Gaza protests, more colleges try out an old-fashioned ideal: Civility","It was an audacious proposal. In the fall of 2023, sophomore Alex Herz emailed the entire faculty of Stony Brook University. The New York campus was in turmoil. Pro-Palestinian protesters and Jewish students were having angry confrontations. Professors were also fighting among themselves. In response, Mr. Herz recommended instituting a forum for civil discourse.
“Some professors reached out to me on the side and said, ‘I like what you’re trying to do. Let’s talk,’” recalls Mr. Herz, who is Jewish.
The political science major subsequently launched a series of interactive...",https://www.csmonitor.com/USA/Education/2025/0410/gaza-protests-civility-stony-brook-vanderbilt-providence-college,Center
40,"House passes SAVE Act, requiring proof of U.S. citizenship for voter registration","The House of Representatives passed the Safeguard American Voter Eligibility (SAVE) Act on Thursday, which would require documentary proof of U.S. citizenship when registering to vote for federal elections.
The final vote was 220-208, with one Democrat absent due to medical issues. Four Democrats voted with all the Republicans in support of the bill. Four Republicans didn't vote.",https://justthenews.com/government/congress/house-passes-save-act-requiring-proof-us-citizenship-voter-registration,Lean Right
41,"Judge rules Newsmax published false, defamatory statements about Dominion Voting Systems","A judge in Delaware ruled this week that cable news channel Newsmax aired false and defamatory statements about Dominion Voting Systems as part of its coverage of the 2020 election.
Delaware Superior Court Judge Eric Davis’s ruling comes ahead of a jury trial that is slated to begin later this month in connection with the voting system provider’s defamation lawsuit against the conservative cable channel.",https://thehill.com/homenews/media/5242214-newsmax-defamation-case-dominion/,Center
42,Ex-NIH director and truck driver explore how to bridge divisions deepened by the pandemic,"Americans were sharply divided over the public health response to COVID-19, including masking, remote learning, business closures and vaccines. Five years after the start of the pandemic, Judy Woodruff sat down with two people on opposing sides of that divide trying to figure out how to move forward. It's part of her series, America at a Crossroads.
Geoff Bennett:
Americans were sharply divided over the public health response to COVID-19, things like masking, remote learning, business closures, and later vaccines.
Five years on from the start of the pandemic, Judy Woodruff recently sat down with two people on opposing sides of that divide trying to figure out how to move forward as part of her series America at a Crossroads.
Dr. Francis Collins, Former Director, National Institutes of Health: I will be honest. The first conversation, I thought, this is never going to work.",https://www.pbs.org/newshour/show/ex-nih-director-and-truck-driver-explore-how-to-bridge-divisions-deepened-by-the-pandemic,Lean Left
43,Elon Musk’s DOGE discovers millions in taxpayer dollars wasted on unemployment claims for ‘fake people’,"Elon Musk’s Department of Government Efficiency (DOGE) revealed in a bombshell finding that millions of dollars in unemployment claims have been going to “fake people” who haven’t even been born yet — some not even in this century.
DOGE claimed it reviewed an initial survey of unemployment claims since 2020 that found that 9,700 people whose birth dates aren’t for another 15 years have claimed $69 million in benefits.
In one absurd case, a person whose birthday was listed in the year 2154 claimed $41,000, according to an X post by...",https://nypost.com/2025/04/10/us-news/doge-says-millions-in-taxpayer-dollars-wasted-on-unemployment-claims-for-fake-people/,Lean Right
44,House Approves Trump Budget Blueprint After Winning Over GOP Holdouts,"House Republicans narrowly approved the blueprint for President Trump’s “one big, beautiful bill” after a late push by party leaders won over some holdouts who had worried that the plan doesn’t force deep enough spending cuts.
The 216-214 vote on Thursday marks a major step forward for Trump’s legislative agenda, and notches a much-needed win for the White House after Trump put some of his tariffs on hold a day earlier. House passage of the measure unlocks a procedural fast track for a bill later this year that would extend expiring tax cuts,...",https://www.wsj.com/politics/policy/house-approves-trump-budget-blueprint-after-winning-over-gop-holdouts-e70a283b?mod=hp_lead_pos2,Center
45,Wall Street loses more than half of Wednesday’s historic surge as US-China trade tensions escalate,"U.S. stocks are diving Thursday and surrendering much of their historic gains from the day before as President Donald Trump’s trade war continues to confuse and threaten the economy, even if its temperature has cooled a bit.
The S&P 500 was down 5% in midday trading, slicing into Wednesday’s surge of 9.5% following Trump’s decision to pause many of his tariffs worldwide. The Dow Jones Industrial Average was down 1,724 points, or 4.2%, as of 12:40 p.m. Eastern time, and the Nasdaq composite was 5.7% lower.",https://apnews.com/article/financial-markets-tariffs-trump-asia-d051e136201a2cc068a99ea2da167716,Left
46,China hits back at US and will raise tariffs on American goods from 84% to 125%,"China announced Friday that it will raise tariffs on U.S. goods from 84% to 125% — the latest salvo in an escalating trade war between the world’s two largest economies that has rattled markets and raised fears of a global slowdown.
While U.S. President Donald Trump paused import taxes this week for other countries, he raised tariffs on China and they now total 145%. China has denounced the policy as “economic bullying” and promised countermeasures. The new tariffs begin Saturday.",https://apnews.com/article/china-us-trump-tariffs-2e05057e973e1e26d1b95c5be003b4cd,Left
47,Letitia James Hits Donald Trump With New Lawsuit,"New York Attorney General Letitia James is leading a coalition of Democratic state attorneys general in suing the Trump administration to stop it from cutting off access to more than $1 billion in funding to address the long-term effects of the COVID-19 pandemic on K-12 students.
Newsweek has contacted the White House and the Department of Education for comment via emails sent outside regular business hours.",https://www.newsweek.com/letitia-james-donald-trump-lawsuit-2058424,Center
48,Ten Tariff Questions Never Asked,"1. President Donald Trump's so-called ""trade war.""
Many call the American effort to obtain either tariff parity or a reduction in the roughly $1 trillion trade deficit and 50 years of consecutive trade deficits a ""trade war."" But then what do they call the policies of the past half-century by Europe, Asia, China, and others to ensure asymmetrical tariffs, pseudo-health and security trade restrictions, and large surpluses?
A trade peace? Trade fairness?
2. Do nations prefer surpluses or deficits?
Why do most nations prefer trade surpluses and protective tariffs?",https://townhall.com/columnists/victordavishanson/2025/04/11/ten-tariff-questions-never-asked-n2655363,Lean Right
49,Newly-released memo from Rubio details government’s only evidence in effort to deport Mahmoud Khalil,"The federal government outlined evidence to support Mahmoud Khalil’s deportation order in a newly-released, two-page memo from Secretary of State Marco Rubio.
The memo says the Palestinian activist and Columbia University graduate is deportable because of his “beliefs, statements or associations” that would compromise US foreign policy interests. It was submitted Wednesday in response to a request from an immigration judge for evidence to support Khalil’s deportation case.",https://www.cnn.com/2025/04/10/us/mahmoud-khalil-evidence-deadline/index.html,Lean Left
50,Winners and losers from the Trump tariffs drama,"President Trump blinked on Wednesday, pausing most of the tariffs he had sought to put on nations around the world.
The one big exception is China, now the focus of an escalating trade war. American tariffs on China now total 145 percent while China has sought retribution with levies on U.S. imports that it raised to 125 percent in the early hours of Friday.
Trump’s retreat on the broader international tariffs came after trillions of dollars had been wiped from the value of U.S. equities, bond markets started blinking warning...",https://thehill.com/homenews/administration/5243790-trump-tariff-china-trade-war/,Center
51,Whistleblower tells Senate committee that Meta undermined US national security to cozy up to China,"A whistleblower on Wednesday told congressional lawmakers that Facebook founder Mark Zuckerberg and other executives lied to Congress as Meta actively tried to help China develop artificial intelligence in an effort to win favor with Beijing. 
Sarah Wynn-Williams, who detailed her experience at Meta in the scathing memoir ""Careless People,"" testified before the Senate Judiciary Subcommittee on Crime and Counterterrorism that she witnessed Zuckerberg and other executives ""repeatedly undermine US national security and betray American values,"" the New York Post reported. ",https://www.foxbusiness.com/politics/whistleblower-tells-senate-committee-meta-undermined-us-national-security-cozy-up-china,Lean Right
52,Trump is trying to quietly wrest control of a top federal civil rights board,"Donald Trump is trying to use a historic federal civil rights commission to advance his agenda on issues like alleged non-citizen voting, antisemitism on college campuses and transgender women in sports.
It would be a dramatic shift for the U.S. Commission on Civil Rights, which was created nearly 70 years ago to investigate discrimination and guide the development and enforcement of the nation’s civil rights laws. Its work was instrumental to the formation of the Civil Rights Act, the Voting Rights Act and the Americans with Disabilities Act.
To wrest...",https://www.politico.com/news/2025/04/11/trump-civil-rights-commission-00286049,Lean Left
53,A $1 Trillion Defense Budget Isn’t Enough,"As we’ve been running in place, our enemies have been building capacity.
President Trump likes big round numbers, and he’s endorsed one — $1 trillion — for the U.S. defense budget.
This is the right idea, and we’ll need even more soon enough.
It is the president’s wont to declare national emergencies, whether a given situation warrants it or not, but the state of our defenses is a true crisis. While the Pentagon hasn’t recovered from the post–Cold War drawdown and Obama-era strictures on its spending, foreign threats have been rising.
This...",https://www.nationalreview.com/2025/04/a-1-trillion-defense-budget-isnt-enough/,Right
54,See How Government Spending Is Up Even as Musk Touts Savings,"Federal spending is higher since President Trump took office even as the Department of Government Efficiency slashes contracts, cuts jobs and ends diversity programs.
A Wall Street Journal analysis of daily financial statements issued by the Treasury Department found government spending since the inauguration is $154 billion more than in the same period in 2024 during the administration of President Joe Biden.
DOGE claims cuts of $150 billion so far, but the Journal analysis found those efforts have yet to affect the bottom line.",https://www.wsj.com/politics/policy/trump-doge-government-spending-increases-5903992d?mod=hp_lead_pos7,Center
55,Independent Analyses Contradict Navarro’s $6 Trillion-Plus Tariff Revenue Estimate,"Before President Donald Trump paused some new tariffs that he unveiled on April 2, several economic groups estimated that tariffs he has announced this year could raise between roughly $2 trillion and more than $4 trillion in federal revenue over a 10-year period. But that’s well short of the $6 trillion or $7 trillion that White House trade adviser Peter Navarro claimed the tariffs would raise to help pay for tax cuts, including an extension of the 2017 tax law.
On April 6, during an interview on “Sunday Morning Futures,”...",https://www.factcheck.org/2025/04/independent-analyses-contradict-navarros-6-trillion-plus-tariff-revenue-estimate/,Lean Left
56,Will global climate action be a casualty of Trump’s tariffs?,"Donald Trump’s upending of the global economy has raised fears that climate action could emerge as a casualty of the trade war.
In the week that has followed “liberation day”, economic experts have warned that the swathe of tariffs could trigger a global economic recession, with far-reaching consequences for investors – including those behind the green energy projects needed to meet climate goals.
Fears of a prolonged global recession have also tanked oil and gas prices, making it cheaper to pollute and more difficult to justify investment in clean alternatives such...",https://www.theguardian.com/environment/2025/apr/11/global-climate-action-casualty-trump-tariffs,Left
57,Trump: DOGE Will Remain Active After Musk Leaves,"President Donald Trump recently told reporters on Air Force One that the Department of Government Efficiency will continue its mission after Elon Musk steps away.
“I would say Elon will stay for a certain period of time, and then he’s going to want to get back to his businesses full-time, but he’s done a fantastic job,” Trump said last week, according to the Washington Examiner. “We’re in no rush, but there will be a point at which time Elon is going to have to leave.”
According to the executive order Trump signed...",https://www.newsmax.com/newsfront/donald-trump-elon-musk-doge/2025/04/10/id/1206469/,Right
58,Why Beijing is not backing down on tariffs,"In response to why Beijing is not backing down to Donald Trump on tariffs, the answer is that it doesn't have to.
China's leaders would say that they are not inclined to cave in to a bully – something its government has repeatedly labelled the Trump administration as – but it also has a capacity to do this way beyond any other country on Earth.
Before the tariff war kicked in, China did have a massive volume of sales to the US but, to put it into context, this only...",https://www.bbc.com/news/articles/cjew7y4j724o,Center
59,Trump’s Tariffs Are Part of a ‘Tectonic Plate Shift’ in the Global Economy,"Here is how the last week or so went: President Donald Trump unveiled a half-baked package of gigantic tariffs — so half-baked that one of them was a tariff on a group of islands inhabited mainly by penguins — which threw the markets into chaos.
But the chaos was not simply the result of higher expected prices and supply chain disruptions. What markets hate is uncertainty. Financial crises are usually the result of some unexpected, uncontrollable shock that overwhelms the policymakers who are trying to maintain stability.
In this case,...",https://www.nytimes.com/2025/04/11/opinion/ezra-klein-podcast-peter-orszag.html,Left
0,Netanyahu visits Hungary in first EU trip amid domestic unrest in Israel and ICC warrant,"Domestic Unrest Plagues Israel, Hungary Ahead of Netanyahu's First EU Visit Since ICC Arrest Warrant Orbán and Netanyahu are reportedly expected to discuss the transfer of Hungary's embassy to Jerusalem, which would go against EU policy. Meanwhile, a pro-Palestinian foundation has called on European states to 'intercept' Netanyahu's plane and arrest him",https://haaretz.com/israel-news/2025-04-02/ty-article/.premium/netanyahu-visits-hungary-in-first-eu-trip-amid-domestic-unrest-in-israel-and-icc-warrant/00000195-f667-d101-a7bd-f7ff08120000,Lean Left
1,Supreme Court weighs South Carolina's ban of Planned Parenthood from Medicaid program,"The U.S. Supreme Court heard oral arguments Wednesday on whether South Carolina residents have a right to choose Planned Parenthood as a provider through the Medicaid Act as the state tries to exclude the nation's largest abortion provider from its Medicaid program. The justices heard oral arguments in the case of Medina v. Planned Parenthood South Atlantic, which deals with whether it's legal for South Carolina to ban abortion providers from Medicaid. John Bursch, senior counsel with the Alliance Defending Freedom, argued the case on behalf of South Carolina, saying...",https://christianpost.com/news/scotus-to-decide-if-south-carolina-can-defund-planned-parenthood.html,Lean Right
2,Trump told Cabinet that Elon Musk will leave administration in coming months,"President Donald Trump told Cabinet members last week that billionaire Elon Musk will leave his administration role in the coming months, NBC News reported Wednesday.
A senior government official told NBC that Musk — whose DOGE team is engaged in a controversial effort to slash federal spending — would leave at the end of a 130-day stint as a special government employee.",https://www.cnbc.com/2025/04/02/elon-musk-trump-doge-tesla-white-house-wisconsin-supreme-court.html,Lean Left
3,Four Senate Republicans join with Democrats to rebuke Trump tariff policy in key vote,"Four Senate Republicans joined with Democrats on Wednesday to deliver a rare bipartisan rebuke to President Donald Trump over trade policy.
The Senate adopted a resolution by a vote of 51 to 48 aimed at blocking the Trump administration’s proposed tariffs on Canadian imports. The four Republicans who voted with Democrats were: Sens. Rand Paul, who cosponsored the resolution, Susan Collins, Mitch McConnell and Lisa Murkowski.",https://www.cnn.com/2025/04/02/politics/senate-vote-tariffs-republicans-trump/index.html,Lean Left
4,"DHS Failed to Enroll 233,000 Unaccompanied Minors in Immigration Proceedings, Watchdog Finds","The Departments of Homeland Security and Health and Human Services lost track of tens of thousands of unaccompanied alien children, according to a recently released watchdog report.
Immigration and Customs Enforcement did not serve notices to appear for 233,000 children dating back to 2021, meaning they were not enrolled in immigration proceedings, the DHS inspector general said in a report filed last month. Of the children enrolled in immigration proceedings, 43,000 failed to appear for scheduled court appearances. Putting the children into immigration proceedings is one of the main ways...",https://www.nationalreview.com/news/dhs-failed-to-enroll-233000-unaccompanied-minors-in-immigration-proceedings-watchdog-finds/,Lean Right
5,"Myanmar's military declares a ceasefire as earthquake deaths pass 3,000","Myanmar's ruling military declared a temporary ceasefire in the country's civil war Wednesday to facilitate relief efforts following a 7.7 magnitude earthquake that has killed more than 3,000 people.
The surprise announcement by military leaders who also head the unelected government came late Wednesday on state television MRTV, which said the halt in fighting would run until April 22 to show compassion for people affected by Friday's quake.",https://www.npr.org/2025/04/03/nx-s1-5350471/myanmar-ceasefire-earthquake,Lean Left
6,"OnlyFans founder, crypto foundation submit late-stage bid to buy TikTok","A startup run by Tim Stokely, founder of adult content social media site OnlyFans, has partnered with a cryptocurrency foundation to submit a late-stage plan to acquire short video app TikTok from Chinese owner ByteDance, the two said on Wednesday.
The intent to bid was sent this week to the White House by Zoop, billionaire Stokely's new company, and the Hbar Foundation, which manages the Hedera cryptocurrency network's treasury.",https://www.reuters.com/technology/onlyfans-founder-crypto-foundation-submit-late-stage-bid-buy-tiktok-2025-04-02/,Center
7,Hungary says it will pull out of ICC as Orban hosts Israel’s Netanyahu – who is wanted by the court,"Hungary will withdraw from the International Criminal Court (ICC), its government said Wednesday, as the country’s Prime Minister Viktor Orban welcomed Israeli Prime Minister and ICC fugitive Benjamin Netanyahu to Budapest.
Netanyahu’s visit to Hungary marked the first time the Israeli leader stepped foot on European soil since the ICC issued an arrest warrant against him in May 2024.
The court said it had “reasonable grounds” to believe Netanyahu bears criminal responsibility for war crimes including “starvation as a method of warfare” and “the crimes against humanity of murder, persecution, and other...",https://edition.cnn.com/2025/04/03/world/hungary-withdraws-icc-intl,Lean Left
8,"Trump imposes a 10% baseline tariff, reciprocal tariffs on ‘worst offender’ nations","President Trump on Wednesday imposed a baseline tariff of 10% on all imports and additional, reciprocal levies on “worst-offender” nations in a bold restructuring of the global trading order he views as fundamentally unfair to the U.S. and calamitous for its workers.
Mr. Trump said the reciprocal tariffs will be roughly half the combined rate other nations charge on U.S. goods through tariffs and other barriers “because we are being very kind.” China’s rate of 67% would be met with a 34% rate from the U.S., and the EU’s 39% rate would be met...",https://www.washingtontimes.com/news/2025/apr/2/trump-imposes-10-baseline-tariff-reciprocal-tariffs-worst-offender/,Lean Right
9,"ActBlue adopted 'more lenient' donation standards, received foreign money during 2024 election cycle","The progressive fundraising platform ActBlue changed its donation policies twice during the 2024 election cycle to make its standards “more lenient” and received donations from foreign sources, a congressional investigation has found.",https://justthenews.com/government/congress/actblue-adopted-more-lenient-donation-standards-received-foreign-money-during,Lean Right
10,The FBI Admits They Knew the Hunter Biden Laptop Was Authentic From Day One,"This story isn’t over. Heads should roll over this elaborate plot to muzzle the Hunter Biden laptop story, which the FBI knew was authentic from day one. Michael Shellenberger, Alex Gutentag, and Catherine Herridge wrote in Public about the now-released, though heavily redacted chats, the bureau had among top officials and the agent who acted like the liaison between the FBI and Silicon Valley. The bureau had an extensive team working with social media companies to suppress certain opinions and stories while trying to influence public opinion. That operation has...",https://townhall.com/tipsheet/mattvespa/2025/04/03/the-fbi-admits-they-knew-the-hunter-biden-laptop-was-authentic-from-day-one-n2654878,Right
11,Speaker Johnson scrambles for solutions to parental proxy voting impasse,"Speaker Mike Johnson (R-La.) is scrambling to break the impasse over the push to allow proxy voting for new parents, as the standoff between GOP leadership and Rep. Anna Paulina Luna (R-Fla.) hardens.
A band of nine Republicans, led by Luna, joined with Democrats Tuesday to torpedo a vote on a procedural rule that included language to thwart the proxy voting effort, halting unrelated key legislative business on the House floor and prompting leadership to send lawmakers home for the week.
To re-open the floor, Johnson has to advance a procedural rule, which governs debate for legislation. First, however,...",https://thehill.com/homenews/house/5229322-proxy-voting-impasse-republicans-luna/,Center
12,‘This Could Get Much Uglier’: The Fatal Flaw in Trump’s Trade War,"President Donald Trump’s sweeping tariff regime will completely transform America’s economic relationship with the rest of the world, all in the name of revitalizing domestic manufacturing.
And yet, many businesses won’t be rushing to shift their supply chains to U.S. shores.
For all the detail in Trump’s Wednesday announcement, his endgame is still shrouded in confusion. That’s lethal for long-term investment, making confident planning all but impossible.
“If you want stuff being put in the ground, you have to tell people the price, and the price needs to be fully inclusive of the...",https://www.politico.com/news/magazine/2025/04/03/trump-tariffs-manufacturing-confusion-00267945,Lean Left
13,"After Years of Woke Shows, MAGA Comes for the Smithsonian","Tough love, force, and deprogramming, and it won’t be pretty.
With 17 museums, a garden, the Archives of American Art, and a zoo, the Smithsonian is sprawling, eclectic, and in President Trump’s line of fire. His freshly minted executive order “Restoring Truth and Sanity to American History” correctly states that there’s “a concerted and widespread effort to rewrite our Nation’s history, replacing objective facts with a distorted narrative driven by ideology rather than truth.” That would be the 1619 Project and its many spinoffs.",https://www.nationalreview.com/2025/04/after-years-of-woke-shows-maga-comes-for-the-smithsonian/,Lean Right
14,"U.S. Stock Futures, Dollar Tumble on Trump Tariff Plans","President Trump’s sweeping new tariff plan reverberated through global markets, with U.S. stock futures slumping and the dollar tumbling to its lowest level of the year. Popular stocks such as Apple, Amazon and Nike were among the largest retreaters in offhours trading and oil prices slid.
Here’s what to know:
All U.S. imports will be subject to a 10% tariff, effective April 5.
Trump will impose even higher rates on some nations that the White House considers bad actors on trade. For example, Japan faces a 24% duty and the European Union faces a 20% levy, effective April 9....",https://www.wsj.com/livecoverage/trump-tariffs-trade-war-stock-market-04-03-2025?mod=WSJ_home_mediumtopper_pos_1,Center
15,Fact check: Trump’s false claims about tariffs and trade,"President Donald Trump made a series of false claims about tariffs and trade – most of which he has made before – in the Wednesday speech in which he announced a sweeping set of global tariffs.
Here is a fact check of some of Trump’s remarks.
Canada’s dairy tariffs
Trump correctly noted that Canada has tariffs exceeding 250% on some US dairy products. However, he falsely claimed that merely “the first little carton of milk” exported to Canada faces a “very low price,” but “then it gets up to 275, 300%.”",https://www.cnn.com/2025/04/02/politics/fact-check-trump-tariffs-trade/index.html,Left
16,NYC Mayor Eric Adams will skip Democratic primary and run for reelection as an independent,"New York City Mayor Eric Adams on Thursday said he will pull out of the city’s Democratic primary and instead run for reelection as an independent candidate, arguing that his federal bribery charges had made it impossible to mount a primary campaign.
In a video, Adams, whose criminal case was dismissed Wednesday, said he will not run in the Democratic primary in June because the case “dragged on too long” while the “false accusations were held over me.”
“I firmly believe that this city is better served by truly independent...",https://www.washingtontimes.com/news/2025/apr/3/eric-adams-nyc-mayor-skip-democratic-primary-run-reelection/,Lean Right
17,Punitive or a gift? How five big economies see new Trump tariffs,"New trade tariffs unveiled by US President Donald Trump on Wednesday are expected to have a major global impact, and have been condemned by the European Union and other key US allies.
But Trump's latest import taxes may get a different response in China, whose leader could see them as a gift.
Here, BBC reporters in five major economies look at the nuances of how the announcements are being received where they are.",https://www.bbc.com/news/articles/cq80vwj2092o,Center
18,What Should Worry Republicans the Most Right Now,"Just a few months ago, Republicans were triumphant, while Democrats were demoralized. But something real has happened: Democrats’ fury is building. Perhaps they have had it with Elon Musk. Perhaps Senate Democrats’ capitulation on government funding ignited voters who felt abandoned by their party leaders. Perhaps it was all the institutions cutting deals under pressure from President Trump. Whatever it was, Democrats are proving a political axiom: Anger is a more powerful motivator in voting than happiness and satisfaction.
And Republicans had better watch out, as they learned Tuesday night...",https://www.nytimes.com/2025/04/03/opinion/democrats-elections-wisconsin.html,Left
19,What a better tariff policy could look like,"Today is “Liberation Day,” according to President Donald Trump — the day he announces a slate of new tariffs. This is just the latest update to tariff policies that have already caused a good deal of whiplash since Trump took office in January. He threatened to impose tariffs on Colombia and canceled his plan to do so all in a single day. He rolled out a tariff plan for Canada and Mexico, only to postpone implementing it shortly after some tariffs went into effect. And he’s been threatening both allies and adversaries with broad and aggressive tariffs for reasons ranging...",https://www.vox.com/policy/406605/trump-tariff-plan-liberation-day,Left
20,Trump has gone too far — and Americans are noticing,"Donald Trump won the election in part because voters endorsed his broadly stated goals, if not his specific policies. As I argued here a few weeks ago though, the worm is turning on the president. That’s partly because Americans fear he’s gone too far.  
Voters wanted a president who would be “tougher” on immigration. But as I reported, they rejected Trump’s plan to deport everyone who is here illegally.  ",https://thehill.com/opinion/5227009-trump-executive-orders/,Center
21,DOGE uncovers VA’s agreement to pay $380K per month for minor website modifications,"The Department of Veterans Affairs (VA) paid hundreds of thousands of dollars a month for website changes before canceling the contract and having an internal staffer take over, according to the Department of Government Efficiency (DOGE).
While combing through loads and loads of data, DOGE discovered a previous contract by the VA for its website maintenance.",https://www.foxnews.com/politics/doge-uncovers-vas-agreement-pay-380k-per-month-minor-website-modifications,Right
22,US bans government personnel in China from romantic or sexual relations with Chinese citizens,"The U.S. government has banned American government personnel in China, as well as family members and contractors with security clearances, from any romantic or sexual relationships with Chinese citizens, The Associated Press has learned.
Four people with direct knowledge of the matter told the AP about the policy, which was put into effect by departing U.S. Ambassador Nicholas Burns in January shortly before he left China. The people would speak only on condition of anonymity to discuss details of a confidential new directive.",https://apnews.com/article/chinese-beijing-honeypot-spies-diplomat-agent-intelligence-c077ef57b0f7ae43dd0db41bea92238b,Left
23,Trump targets Big Law. Why that matters to the rest of us.,"As it began fighting for its life in federal court last week, the law firm WilmerHale turned to the story that most budding lawyers hear before anything else.
It’s 1770, and a group of British soldiers is on trial after killing five colonists in the Boston Massacre. John Adams, a prominent voice for independence, has chosen to defend them. Despite widespread criticism at the time, America’s second president later described it as “one of the best pieces of service I ever rendered my country.”",https://www.csmonitor.com/USA/Justice/2025/0403/trump-law-firms-right-to-counsel,Center
24,"Fauci’s Wife, An NIH Bioethicist Who Never Probed Ethics Of Wuhan Research, Fired","Christine Grady, a top bioethicist at the National Institutes of Health and the wife of former top NIH official Anthony Fauci, was among the health bureaucrats who received a layoff notice on Tuesday, according to news reports.
Grady was given the boot as part of the post-pandemic restructuring of the Department of Health and Human Services (HHS), according to the New York Times and STAT News. HHS Secretary Robert F. Kennedy Jr. and his top aides have said the layoffs are aimed at consolidating administrative functions and overhauling a failed status quo in...",https://dailycaller.com/2025/04/02/faucis-wife-nih-bioethicist-who-never-probed-ethics-wuhan-research-fired/,Right
25,Stellantis says it will temporarily lay off 900 US workers following tariff announcement,"Stellantis NV (STLAM.MI), opens new tab said on Thursday it was temporarily laying off 900 workers at five U.S. facilities after President Donald Trump's tariffs were announced, and temporarily pausing production at an assembly plant in Mexico and one in Canada.
The maker of Ram trucks and Jeeps said the U.S. plants affected are powertrain and stamping facilities that provide parts for the two factories in Mexico and Canada that are being idled. Stellantis shares were down 7.7% at $10.40 in New York trading at midday on Thursday, in line with a broad decline...",https://www.reuters.com/business/autos-transportation/stellantis-says-will-temporarily-lay-off-900-us-workers-following-tariff-2025-04-03/,Center
26,Fact-Checking Trump’s Claim About Egg Prices,"President Trump, as he announced sweeping tariffs, batted away “very tired predictions” from critics of his economic agenda by citing a large decline in the price of eggs.
“The price of eggs dropped now 59 percent, and they’re going down more and the availability is fantastic,” Mr. Trump said on Wednesday.",https://www.nytimes.com/2025/04/03/business/economy/egg-prices-trump-fact-check.html,Lean Left
27,Fact Check Team: Millions of Americans exposed to toxic 'forever chemicals' in water,"More than 37 million Americans are consuming drinking water contaminated with toxic ""forever chemicals"" that exceed federal safety limits, according to a recent USA Today report. The report analyzed the first Environmental Protection Agency (EPA) update since President Donald Trump returned to office.
""Forever chemicals,"" or per- and polyfluoroalkyl substances (PFAS), are chemicals that do not break down easily and are linked to cancer and other health risks. These substances are found in everyday items such as non-stick cookware, food packaging, firefighting foams, and water-resistant clothing. As these products degrade, the...",https://thenationaldesk.com/news/fact-check-team/fact-check-team-millions-of-americans-exposed-to-toxic-forever-chemicals-in-water-epa-pfas-health-risk-blood-cookware-foam-firefighting,Right
0,Trump looms over Canada's election as campaign begins,"Canada's newly appointed Prime Minister Mark Carney has called a snap election, sending the country to the polls on 28 April.
The election comes as Canada faces a trade war with the US and calls from President Donald Trump for it to become the 51st American state, issues which are expected to be top of mind for voters.
It also comes nine days after Carney, a Liberal, was sworn in as Canada's prime minister following Justin Trudeau's resignation.",https://www.bbc.com/news/articles/crlxe4wxxj4o,Center
1,US Second Lady Usha Vance to visit Greenland,"Second Lady Usha Vance, the wife of the United States Vice President JD Vance, is due to visit the autonomous Danish territory of Greenland this week, the White House said Sunday.
Vance will be accompanied by one of her three children as part of a US delegation that will also include President Donald Trump's National Security Adviser Mike Waltz and Energy Secretary Chris Wright.
During the three-day trip, which begins Thursday, Vance will view historical sites, learn about Greenland's heritage, and watch the Avannaata Qimussersu, the Arctic territory's national dogsled race, the White House said...",https://www.dw.com/en/us-second-lady-usha-vance-to-visit-greenland/a-72013993,Center
2,"Rachel Zegler deserves better than the lazy, visually repellent Snow White","At this point, Disney’s live-action princesses should be able to sue for damages. Snow White, like The Little Mermaid before it, has thrust a promising new star into the centre of a lazily conceived, visually repellent remake, depending entirely on her talents to drive its machine. But it’s offered her nothing in return – not on screen nor support behind the scenes, considering our new Ariel and Snow White, Halle Bailey and Rachel Zegler respectively, are both women of colour targeted by rampant racist abuse online.",https://www.independent.co.uk/arts-entertainment/films/reviews/disney-snow-white-review-rachel-zegler-b2718382.html,Lean Left
0,Trump's push to bring back coal finds support with right-wing media,"Right-wing media jumped to defend four recent executive orders signed by President Donald Trump to bolster the dying coal industry, telling viewers that reviving what they often incorrectly called “clean coal” would make the country more competitive with China and allow the U.S. to dominate the AI “arms race” by ensuring an abundant supply of reliable energy. Conservative outlets are also framing Trump as an ally to coal miners — even as the administration eliminates trusted resources to protect their health and safety.
Trump made it easier for companies to...",https://www.mediamatters.org/fox-news/trumps-push-bring-back-coal-finds-support-right-wing-media,Left
1,More than a Deathbed Conversion,"When readers thumb through their Bibles for examples of courage, few consider flipping to the passage of the penitent thief on the cross (Luke 23:32–43). Whether in sermons or hospital rooms, his story has become a sort of byword for eleventh-hour repentance.
In contrast to his unrepentant companion, he’s seen as the poster boy for the deathbed conversion, the face of the last-minute participation prize: he is the anyone Christ can save. But what if the story of this man, whom tradition calls Saint Dismas, has more to teach us?
While Dismas’...",https://www.christianitytoday.com/2025/04/good-friday-penitent-thief-on-the-cross-deathbed-conversion/,Center
2,"Rubio: To Protect Free Speech, The Censorship-Industrial Complex Must Be Dismantled","During his historic comeback campaign in 2024, President Trump vowed to close the book on a dark chapter in America’s constitutional history: the weaponization of America’s own government to silence, censor, and suppress the free speech of ordinary Americans. The American people responded to this promise by giving President Trump a landslide victory last November.
Everything this administration has done since then has been laser-focused on fulfilling the promises made during that campaign. Today, it is my pleasure to announce the State Department is taking a crucial step toward...",https://thefederalist.com/2025/04/16/rubio-to-protect-free-speech-the-censorship-industrial-complex-must-be-dismantled/,Lean Right
3,"Google holds illegal monopolies in ad tech, US judge finds, allowing US to seek breakup","Alphabet's (GOOGL.O), Google illegally dominated two markets for online advertising technology, a judge ruled on Thursday, dealing another blow to the tech giant and paving the way for U.S. antitrust prosecutors to seek a breakup of its advertising products.
U.S. District Judge Leonie Brinkema in Alexandria, Virginia, found Google liable for ""willfully acquiring and maintaining monopoly power"" in markets for publisher ad servers and the market for ad exchanges which sit between buyers and sellers. Publisher ad servers are platforms used by websites to store and manage their ad inventory.",https://www.reuters.com/technology/us-judge-finds-google-holds-illegal-online-ad-tech-monopolies-2025-04-17/,Center
4,Don’t like a columnist’s opinion? Los Angeles Times offers an AI-generated opposing viewpoint,"In a colorful commentary for the Los Angeles Times, Matt K. Lewis argued that callousness is a central feature of the second Trump administration, particularly its policies of deportation and bureaucratic cutbacks. “Once you normalize cruelty,” Lewis concluded in the piece, “the hammer eventually swings for everyone. Even the ones who thought they were swinging it.”
Lewis’ word wasn’t the last, however. As they have with opinion pieces the past several weeks, Times online readers had the option to click on a button labeled “Insights,” which judged the column politically as...",https://apnews.com/article/los-angeles-times-ai-opinion-insights-ca632edd01d836ec26d27e47c0169927,Left
5,A Depleted Hamas Is So Low on Cash That It Can’t Pay Its Fighters,"Hamas is facing a new problem in Gaza: coming up with the cash it needs to pay its rank and file.
Israel last month cut off supplies of humanitarian goods to the enclave, some of which Hamas had been seizing and selling to raise funds, according to Arab, Israeli and Western officials. Its renewed offensive has targeted and killed Hamas officials who played important roles in distributing cash to cadres and sent others into hiding, Arab intelligence officials said.",https://www.wsj.com/world/middle-east/hamas-finances-fighters-payments-gaza-f98df760?0=st%3D4WjCvW&1=reflink%3Ddesktopwebshare_permalink,Center
6,Trump claims his tariffs are bringing in $2 billion a day - the actual figure is just a fraction of that,"President Donald Trump has repeatedly claimed his tariffs are bringing $2 billion a day to the U.S. — but federal officials say otherwise.
A spokesperson for U.S. Customs and Border Protection — the agency that collects tariffs — told CNBC their office has taken in $21 billion in total tariff revenue from “15 presidential trade actions” since January 20, 2025. That includes $500 million in tariff revenue since April 5, the agency said, after Trump announced sweeping “Liberation Day” tariffs, which he has since paused for 90 days.
Those figures would make it impossible for the U.S. to be bringing...",https://www.independent.co.uk/news/world/americas/us-politics/trump-trade-china-tariffs-revenue-b2734683.html,Lean Left
7,"DHS Cuts Harvard Grants, Threatens Student Visas","President Donald Trump’s administration lashed back at Harvard University on Wednesday, with the Department of Homeland Security cutting over $2.7 million in grants and threatening to cancel all student visas, according to a press release obtained exclusively by The Free Press. The move comes two days after Harvard refused to agree to a series of demands by the administration, and Harvard’s president Alan Garber said that the university “will not surrender its independence or relinquish its constitutional rights.”
The DHS release states that Harvard is “unfit to be entrusted with taxpayer dollars.”",https://www.thefp.com/p/exclusive-dhs-cuts-harvard-grants,Lean Right
8,"Active shooter reported at FSU, area hospitals treating patients","Florida State University officials are advising people to “seek shelter and await further instructions” amid reports of an active shooter on campus.
All classes and events were canceled for the rest of the day and students and staff not currently on campus were told to avoid coming to the school.
Tallahassee Memorial HealthCare said it is actively receiving and caring for patients related to the incident but did not have specific information to share.",https://www.newsnationnow.com/us-news/southeast/active-shooter-reported-at-florida-state-university/,Center
9,Nearly half of Puerto Rico still without power after island-wide blackout,"Nearly half of Puerto Rico remained without electricity Thursday morning following an island-wide blackout that left 1.4 million customers in the dark and disrupted service at hospitals, its international airport and hotels, according to the Associated Press.
The outage, which began Wednesday afternoon, also left more than 400,000 residents without water. By Thursday morning, power had been restored to 51% of customers, while water service resumed for 83% of the affected population, the AP reported.
The cause of the blackout remains under investigation as of Thursday.",https://abcnews.go.com/International/half-puerto-rico-power-after-island-wide-blackout/story?id=120909020,Lean Left
10,"Supreme Court expected to consider giving Trump more firing power, overruling 90-year-old precedent","President Trump’s firing spree of independent agency leaders is running into a 90-year-old Supreme Court case that judges have used to block many of those ousters.
Now Mr. Trump’s allies are looking to the Supreme Court to overturn the case, or at least carve out new exceptions to justify the president’s house cleaning.
The case, known as Humphrey’s Executor, saw the high court in 1935 shoot down an attempt by President Franklin Roosevelt to fire a member of the Federal Trade Commission over policy differences. The justices at the time ruled that the FTC performed legislative and quasi-judicial...",https://www.washingtontimes.com/news/2025/apr/17/supreme-court-expected-consider-giving-trump-firing-power-overruling/,Lean Right
11,"Trump admin guts AmeriCorps, Clinton-era volunteer agency that failed 8 consecutive audits","The Trump administration placed roughly 75% of full-time AmeriCorps employees on administrative leave on Wednesday as the administration looks to rebuild the Clinton-era volunteer agency from scratch, Fox News Digital learned.",https://www.foxnews.com/politics/trump-admin-guts-americorps-clinton-era-volunteer-agency-failed-eight-consecutive-audits,Right
12,"U.S., European, Ukrainian delegates meet to discuss end to war with Russia","Officials from Ukraine will meet with American representatives in Paris Thursday to discuss the war with Russia less than a day after the latest Russian attack on Ukraine.
Ukraine's presidential Chief of Staff Andriy Yermak said in a social media post they ""are working in Paris,"" with Ukraine's Minister for Foreign Affairs Andrii Sybiha and Minister of Defense Rustem Umerov.",https://www.upi.com/Top_News/World-News/2025/04/17/Ukraine-Russia-US-EU-attack-ceasefire/4521744907998/,Center
13,Fact check: Trump falsely claims grocery prices are down,"President Donald Trump has falsely claimed this week that grocery prices are “going down” and “are down.” In fact, grocery prices have continued to rise under Trump – and they were up even before he imposed near-global 10% tariffs earlier this month.
Trump made the latest version of the false claim while denouncing Federal Reserve Chair Jerome Powell on Thursday. Powell had warned in Wednesday public remarks that Trump’s tariff policies are likely to lead to slower economic growth and higher inflation.
 ",https://www.cnn.com/2025/04/17/politics/fact-check-trump-grocery-prices-down/index.html,Left
14,What’s Really Going On with U.S. Manufacturing,"On the menu today: This is Dominic Pino filling in for Jim Geraghty. There will be no Morning Jolt tomorrow in observance of Good Friday.
A Reality Check for U.S. Manufacturing
There’s a lot of doom and gloom about U.S. manufacturing, with constant talk of how jobs only disappear, and we don’t make anything here anymore. The trend that these talking points describe is real, and it was very apparent from the late ’90s to the late ’00s, but it has mostly stopped.",https://www.nationalreview.com/the-morning-jolt/whats-really-going-on-with-u-s-manufacturing/,Right
15,Does Minnesota check death records before issuing Medicaid payments?,"While oversights occasionally happen, the Minnesota Department of Human Services reviews state death records to identify Medicaid enrollees who have passed away. AllSides highlights content from Gigafact, a network of newsrooms that respond to online claims. View the full fact brief on MinnPost.",https://gigafact.org/fact-briefs/does-minnesota-check-death-records-before-issuing-medicaid-payments/?utm_source=allsides&utm_id=112,Center
16,Trump extends federal hiring freeze for 90 days,"President Trump on Thursday signed a memorandum extending a freeze on hiring federal civilian employees into mid-July as his administration looks to slash the size and scope of the government.
The memorandum states that no civilian government role that is currently vacant will be filled, and no new positions will be created unless stipulated by the administration.",https://thehill.com/homenews/administration/5254799-trump-extends-federal-hiring-freeze/,Center
17,"Go Inside the White House Easter Prayer Dinner as Trump Declares, 'For Our Sake He Gave Up His Life'","The White House Faith Office hosted a special Easter dinner at the presidential mansion last night. It's just one of several events CBN News has reported on since the administration announced it's honoring the death and resurrection of Jesus Christ throughout Holy Week.
 
The White House is always busy with activity – activity that affects the events going on around the world. But this week has been special for different reasons.
Something that may have gone beyond the headlines but didn't escape the attention of Christians throughout...",https://cbn.com/news/us/go-inside-white-house-easter-prayer-dinner-trump-declares-our-sake-he-gave-his-life,Right
18,When the Sky Went Black,"It was the darkest day the earth had ever seen.
Literally.
At noon, when the sun should have been at its highest, the sky went black. Not clouded. Not stormy. Black. Like the heavens themselves turned their back on what was happening at Skull Hill.
Colin Smith’s *Heaven, How I Got Here* ends where history paused—between two worlds.
One man—the thief—is no longer with us. Neither is the Man on the middle cross. Their lifeless bodies hung in silence as the crowds shuffled home, bloodstained and stunned.",https://townhall.com/columnists/kevinmccullough/2025/04/18/when-the-sky-went-black-n2655741,Right
19,Is Ted Cruz running again? Texas carves out unique lane in Trump’s GOP,"Sen. Ted Cruz (R-Texas), who finished in second place to President Trump in the 2016 Republican presidential primary, has distinguished himself from MAGA World by declaring his skepticism of long-term tariffs, remaining a hawk on Russia and coming out against proposals to tax the rich.
By calling out tariffs as “taxes on American consumers” and sticking to his view that Russia poses a serious threat to U.S. interests, Cruz may be laying the groundwork to run against Trump’s heir apparent, Vice President Vance, in a 2028 Republican primary.
“I think he’s carving out a...",https://thehill.com/homenews/senate/5254704-ted-cruz-challenges-maga/,Center
20,Rubio’s firing of Marocco ignites a MAGA world meltdown,"Peter Marocco, the Trump administration official in charge of dismantling USAID, left a meeting at the White House last week to return to his office at the State Department. But when he arrived, Marocco could not enter the building: security told him he was no longer an employee there, according to a person familiar with the situation.
Word of Marocco’s firing quickly tore through the Republican Party and MAGA ecosystem, startling President Donald Trump’s loyalists who viewed the aide as part of an elite cohort of administration true believers. Loud...",https://www.politico.com/news/2025/04/18/marco-rubio-peter-marocco-usaid-firing-00297812,Lean Left
21,Democrats navigate immigration ‘trap’ with Abrego Garcia deportation,"The deportation of Kilmar Abrego Garcia has become a political flashpoint that Democrats are struggling to navigate, with the party split over how loudly to protest his detention in a Salvadoran megaprison.
Sen. Chris Van Hollen (D-MD) became the first Democratic senator to travel to El Salvador this week to visit Abrego Garcia, who lived in Maryland. Other Democrats are planning trips as they accuse the administration of violating Abrego Garcia’s due process rights.
The uproar marks an early test of the Trump administration’s crackdown on immigration as a federal judge threatens contempt proceedings over the White House’s refusal to...",https://www.washingtonexaminer.com/news/house/3383814/democrats-navigate-immigration-trap-abrego-garcia-deportation/,Lean Right
22,Biden’s Social Security Spin,"In his first speech since leaving office, former President Joe Biden criticized the Trump administration’s staffing cuts and other changes at the Social Security Administration, but he made several misleading claims in the process.
Biden made the misleading claim that during his presidency some Republicans “wanted to let Social Security expire every five years … unless reauthorized by the Congress.” A 2022 proposal from Sen. Rick Scott called for sunsetting all federal programs after five years, unless Congress extended them. But Scott said he wanted to “fix,” not end, Social...",https://www.factcheck.org/2025/04/bidens-social-security-spin/,Lean Left
23,Rubio Says U.S. to Decide in Days if End to War in Ukraine Is ‘Doable’,"The United States will abandon efforts to end the war in Ukraine if it proves impossible to broker meaningful progress in the next several days, Secretary of State Marco Rubio said as he departed Paris on Friday a day after meeting with President Emmanuel Macron of France.
“If it is not possible to end the war in Ukraine, we need to move on,” Mr. Rubio told reporters, adding that the Trump administration would decide “in a matter of days whether or not this is doable in the next few weeks.”
It was...",https://www.nytimes.com/2025/04/18/world/europe/rubio-ukraine-russia-war-paris.html,Lean Left
24,Birthright Citizenship Reaches Supreme Court,"The Supreme Court is set to hear oral arguments in May on the Justice Department's emergency request to narrow a string of district court orders blocking President Donald Trump's executive order that would restrict birthright citizenship from taking effect.
While the Trump administration has not yet asked the high court to rule on the constitutionality of the president's order, it has requested that the justices address the use of universal injunctions, which go far beyond the parties involved in a case to apply to anyone who could be affected.
According to The Hill,...",https://www.newsmax.com/newsfront/supreme-court-birthright-citizenship-trump/2025/04/17/id/1207329/,Right
25,US will 'move on' from Ukraine peace talks if no progress soon,"The US will abandon trying to broker a Russia-Ukraine peace deal within days unless there are clear signs a truce can be reached, US Secretary of State Marco Rubio has warned.
""We're not going to continue with this endeavour for weeks and months on end,"" Rubio said, adding that the US had ""other priorities to focus on"".
Russia launched a full-scale invasion of Ukraine in 2022 and has placed a number of conditions on any potential ceasefire.
Despite the Trump administration's initial confidence that it could secure a deal quickly,...",https://www.bbc.com/news/articles/c20x5xn1g92o,Center
26,Rubio says the US will drop Ukraine-Russia peace efforts if no progress within days,"Secretary of State Marco Rubio said Friday that the U.S. may “move on” from trying to secure a Russia-Ukraine peace deal if there is no progress in the coming days, after months of efforts have failed to bring an end to the fighting.
He spoke in Paris after landmark talks among U.S., Ukrainian and European officials produced outlines for steps toward peace and appeared to make some long-awaited progress. A new meeting is expected next week in London, and Rubio suggested that could be decisive in determining whether the Trump administration continues its involvement....",https://apnews.com/article/rubio-ukraine-russia-war-trump-a90e3e49c276b75ed2542f2f0422ddd6,Left
27,"U.S. 'will move on' from Ukraine peace efforts if no progress within days, Marco Rubio warns","The United States may be ready to “move on” from its efforts to broker a peace deal between Russia and Ukraine if there is no clear progress in the coming days, Secretary of State Marco Rubio said Friday.
“We’re not going to continue with this endeavor for weeks and months on end,” Rubio told reporters in Paris after a grueling day of talks among U.S., Ukrainian and European officials in Paris.",https://www.nbcnews.com/news/world/us-will-move-ukraine-peace-efforts-no-progress-days-rubio-warns-rcna201834,Lean Left
28,The Left is back in Resistance mode,"The left flank of the Democratic Party is back on its Resistance footing against President Donald Trump less than 100 days into his second term.
Sen. Cory Booker‘s (D-NJ) marathon anti-Trump speechmaking, the Democratic pilgrimages to a Salvadoran prison, and the return of large-scale anti-Trump demonstrations all illustrate the trend.",https://www.washingtonexaminer.com/news/white-house/3384119/left-back-in-trump-resistance-mode/,Lean Right
0,Trump Task Force Hears Out Christians Who Challenged Biden Administration,"The Justice Department lent a listening ear on Tuesday to conservative Christians with stories of investigations, fines, and bitter clashes with the Biden administration.
A task force established by President Donald Trump to address anti-Christian bias in the federal government met for the first time—gathering Attorney General Pamela Bondi, Faith Office leaders Paula White-Cain and Jennifer Korn, and several members of Trump’s cabinet to discuss previous cases of Christian discrimination in their agencies.
The meeting follows department-level directives issued this month urging State and Veterans Affairs employees to report instances of bias against Christians or policies...",https://www.christianitytoday.com/2025/04/trump-anti-christian-bias-task-force-department-bondi-faith/,Center
1,House Dems demand 'proof of life' of Abrego Garcia after being denied meeting in El Salvador,"House Democrats who traveled to El Salvador to seek the release of Kilmar Abrego Garcia have written to Secretary of State Marco Rubio demanding ""daily proof of life"" after being denied a meeting with the Salvadoran national who was deported from Maryland. ",https://www.foxnews.com/politics/house-dems-demand-proof-life-abrego-garcia-after-being-denied-meeting-el-salvador,Right
2,New Mexico Supreme Court bans judge after alleged TdA member arrested at home,"The former New Mexico judge who resigned last month after an alleged Tren de Aragua member was arrested at his home can never serve on a bench in the state again. 
On Tuesday, the Supreme Court of New Mexico ordered that Joel Cano ""can never hold a judicial office again, be a candidate for a judicial office, and cannot exercise any judicial authority in the state, including officiating at weddings,"" according to a spokesman for the Administrative Office of the Courts (AOC) told Fox News Digital. 
The court was scheduled...",https://www.foxnews.com/us/new-mexico-supreme-court-bans-judge-after-alleged-tda-member-arrested-home,Right
3,"Apple, Meta Fined by EU, Ordered to Comply With Tech Competition Rules","The European Union fined Apple AAPL 2.39%increase; green up pointing triangle and Meta META 4.74%increase; green up pointing triangle Platforms hundreds of millions of dollars and ordered the companies to comply with the bloc’s tech rules in a move that risks ratcheting up tensions with the Trump administration as officials pursue trade talks. 
The European Commission, the EU’s executive body, on Wednesday slapped Apple with a 500 million euro fine, equivalent to about $570 million, for allegedly breaching the bloc’s Digital Markets Act. It fined Meta 200 million euros. ",https://www.wsj.com/tech/apple-meta-fined-by-eu-ordered-to-comply-with-tech-competition-rules-9063b7e6?mod=hp_lead_pos1,Center
4,Markets jump after Trump softens rhetoric on China and Fed chair,"U.S. stocks opened higher Wednesday after President Donald Trump signaled a softer stance toward the eye-watering tariffs he had set for China, while also stating he would not make an immediate change in leadership at the Federal Reserve.
Investors were also cheered by Elon Musk's imminent return to a more full-time focus on Tesla, dialing back his controversial stint as a Trump White House adviser to one to two days a week.
The S&P 500 climbed as much as 3.2% in early-morning trading. The tech-focused Nasdaq surged 4.1%. Dow Jones...",https://www.nbcnews.com/business/markets/markets-jump-higher-trump-softens-rhetoric-china-fed-chair-rcna202547,Lean Left
5,"Marco Rubio on Iran, Deportations, and the State Department Shake-Up","On Tuesday, The Free Press had a major scoop: The State Department is launching its biggest shake-up in decades in an effort spearheaded by Secretary of State Marco Rubio.
The reorganization, done with the help of Elon Musk and DOGE, looks to eliminate 132 agency offices dedicated to efforts like advancing democracy and combating extremism. It will also lead to the State Department eliminating hundreds of positions intended for career officials. Additionally, top officials are being asked to reduce their offices by an additional 15 percent.",https://www.thefp.com/p/marco-rubio-new-global-order,Lean Right
6,Houthi rebels launch rare missile attack on northern Israel,"The Iran-backed Houthi rebels of Yemen launched a missile targeting northern Israel early Wednesday, according to the Israeli military.
The attack is rare for the Houthis, who have been enforcing a military blockade of the Red Sea and Gulf of Aden in support of the Palestinian people, tens of thousands of whom have been killed in Israel's war against another Iran-proxy militia, Hamas, in Gaza.",https://www.upi.com/Top_News/World-News/2025/04/23/Houthi-missile-attack/4211745399047/,Center
7,JD Vance calls meeting with Pope Francis before his death 'a great blessing',"Vice President JD Vance says he did not realize how sick Pope Francis was when he met with the pontiff at the Vatican a day before he died.
""I've thought a lot about that. I mean, it's pretty crazy, actually,"" Vance said. ""And, obviously, when I saw him, I didn't know that he had less than 24 hours still on this earth. I think it was a great blessing.""
Vance was one of the last officials to meet with Francis. The vice president, who is Catholic, held formal talks with the Vatican's secretary of...",https://www.usatoday.com/story/news/politics/2025/04/23/jd-vance-pope-francis-meeting-details/83227477007/,Lean Left
8,Dick Durbin is retiring from the Senate,"Illinois Sen. Dick Durbin, the No. 2 Senate Democrat and his party’s top leader on the Judiciary Committee, announced Wednesday that he won’t seek a sixth term in 2026.
“I know in my heart it’s time to pass the torch,” the veteran senator said in a social media post Wednesday.
Durbin, who is 80, confirmed what many Democrats have expected for months — that the veteran senator would step aside after three decades in office.",https://www.politico.com/news/2025/04/23/dick-durbin-retiring-from-senate-illinois-00305833,Lean Left
9,"Vance issues ultimatum to Russia, Ukraine on peace negotiations","Vice President JD Vance told reporters in India that the U.S. had offered Russia and Ukraine ""a very explicit proposal"" to end the war that has been ongoing for over three years: make a deal or risk the U.S. walking away.
""We've issued a very explicit proposal to both the Russians and Ukrainians, and it's time for them to either say yes or for the U.S. to walk away from this process. We've engaged in an extraordinary amount of diplomacy, of on-the-ground work,"" Vance told reporters.",https://www.foxnews.com/politics/vance-issues-ultimatum-russia-ukraine-peace-negotiations,Right
10,RFK Jr.'s 'Autism Registry' Plan Sparks Backlash,"The federal government's purported plan to track Americans who have autism, which social media users have referred to as an ""autism registry,"" has been heavily criticized.
On Tuesday, CBS News reported that the National Institutes of Health—a body within the Department of Health and Human Services, which is headed by Secretary Robert F. Kennedy Jr.—was overseeing the launch of a registry to measure Americans with autism amid a wider plan to collect patient data for autism research.
Newsweek was not able to independently verify CBS News' reporting and has contacted the NIH for comment.",https://www.newsweek.com/rfk-jr-autism-study-registry-2062871,Center
11,CDC weighing end to universal COVID vaccine recommendations,"A majority of the Centers for Disease Control and Prevention's work group on COVID-19 vaccines now supports ending the agency's pandemic-era recommendation for virtually all Americans to get vaccinated against the virus each year, officials said Tuesday.
Instead of the agency's longstanding ""universal"" recommendation, most of the CDC's advisers and health officials favor shifting to guidance based on people's individual risk of more severe disease. 
While a final decision has not yet been made, this could mean that only adults ages 65 years and older would still be recommended to get at least...",https://www.cbsnews.com/news/cdc-covid-vaccine-recommendations-advisers/,Lean Left
12,Investigation of China’s DeepSeek finds America losing edge in tech talent,"America looks to be losing its advantage in the top tech talent needed to compete globally for advanced artificial intelligence.
A Stanford University investigation into gains by DeepSeek published this week revealed that the Chinese firm’s sudden rise came from homegrown researchers.
DeepSeek’s success in creating a powerful model that compares favorably to Western AI models while relying on Chinese talent is an “early-warning indicator” for America, according to Amy Zegart, senior fellow at Stanford’s Hoover Institution. ",https://www.washingtontimes.com/news/2025/apr/23/investigation-chinas-deepseek-finds-america-losing-edge-tech-talent/,Lean Right
13,Trump's Actions Contradict His Avowed Commitment to First Amendment Rights,"On the first day of his second term, President Donald Trump signed an executive order aimed at ""restoring freedom of speech."" But judging from his administration's policies and his actions as a private litigant, Trump's commitment to that principle is highly selective at best.
Last week, Secretary of State Marco Rubio announced that he was ""taking a crucial step toward keeping the president's promise to liberate American speech"" by ending his department's misbegotten crusade against online ""disinformation."" This was a welcome development, since that amorphous mission had become an excuse for suppressing constitutionally protected speech.",https://reason.com/2025/04/23/trumps-actions-contradict-his-avowed-commitment-to-first-amendment-rights/,Center
14,Durbin’s final gift to Democrats: A graceful exit,"Upon news of his retirement Wednesday, Dick Durbin was widely hailed by fellow Democrats for his long service to his home state of Illinois, his years in Senate leadership and his work championing immigrants and other causes.
But for a cadre of younger Democrats, what was most praiseworthy was that Durbin, 80, decided to retire at all.",https://www.politico.com/news/2025/04/23/dick-durbin-retirement-age-generational-change-00306671,Lean Left
15,Dartmouth abstains from signing letter against federal funding cuts,"Dartmouth College, the only Ivy League university that did not sign a letter condemning the Trump administration for trying to dictate policies and pausing billions of dollars in federal funding, said doing so would not have been an effective way to defend its mission and values.",https://www.nbcnews.com/news/us-news/dartmouth-abstains-signing-letter-federal-funding-cuts-rcna202696,Lean Left
16,A dozen US states sue to halt Trump's tariffs,"A dozen US states have joined together on a lawsuit aiming to block President Donald Trump's spate of tariffs that have upended global trade.
The suit, which is led by New York's governor and attorney general, argues that the president lacked the authority to impose the levies. It notes such tariffs must be approved by the US Congress.
Twelve states joined the lawsuit, which was filed with the United States Court of International Trade.
The White House accused New York Attorney General Letitia James of ""prioritizing a witch hunt against...",https://www.bbc.com/news/articles/ce924pnvpyvo,Center
17,Trump Judge Orders White House to Return Deported Migrant,"Afederal judge in Maryland has ordered President Donald Trump's administration to facilitate the return of a 20-year-old Venezuelan man who was wrongly deported to El Salvador.
U.S. District Judge Stephanie Gallagher, who was appointed by Trump, issued an order on Wednesday stating that the man's removal violated a previous court settlement.",https://www.newsweek.com/trump-judge-orders-white-house-return-deported-migrant-2063413,Center
18,"Karen Read retrial kicks off with wire-to-wire drama, lawyers brawl in tense hearing after jurors sent home","Karen Read's retrial in the death of her Boston police officer boyfriend John O'Keefe kicked off Tuesday with expected fireworks almost immediately – and they continued after Judge Beverly Cannone sent jurors home for the day with a heated hearing on late discovery disclosures.
Both sides painted entirely different versions of events as they delivered their opening statements to the jury, but after the panel left for the day, Cannone called for a new hearing Friday and accused the defense of violating one of her orders on reciprocal discovery.",https://www.foxnews.com/us/karen-read-retrial-kicks-off-wire-wire-drama-lawyers-brawl-tense-hearing-jurors-sent-home,Right
19,Judge postpones discovery in Kilmar Abrego Garcia case for reasons unknown amid tensions with Trump admin,"The federal judge overseeing Kilmar Abrego Garcia’s lawsuit against the Trump administration abruptly decided Wednesday to impose a seven-day delay on discovery for reasons that aren’t immediately clear. 
Following a sealed petition from Justice Department lawyers seeking a delay, presiding US District Judge Paula Xinis revealed in court filings that the two sides reached an agreement to postpone discovery. She did not elaborate on the decision.
Wednesday’s order marks a reversal from a day earlier, when Xinis had called for an expedited discovery and demanded that Trump administration officials testify about Abrego Garcia’s deportation
While...",https://nypost.com/2025/04/23/us-news/trump-admin-wants-to-halt-discovery-in-kilmar-abrego-garcia-case-after-brutal-rebuke-from-judge/,Lean Right
20,Trump signs orders cracking down on diversity and inclusion at US universities,"Donald Trump signed executive orders on Wednesday targeting universities as his administration seeks to reshape higher-education institutions and continues to crack down on diversity and inclusion efforts.
The actions address foreign gifts to universities, directing the federal government to “enforce laws on the books” related to the disclosure of large donations, and college accreditation, which the president has referred to as his “secret weapon” to upend US universities. While reading the orders to Trump, the White House staff secretary Will Scharf said that the third-party groups that accredit universities have relied on “woke ideology”...",https://www.theguardian.com/us-news/2025/apr/23/trump-education-diversity-hcbu,Left
21,"Ashley Biden's Charity Failed To Disclose $500,000 in Donations to IRS, Complaint Alleges","Ashley Biden's charity has a $500,000 discrepancy in its books, a watchdog alleged in a complaint filed with the IRS on Monday.
During the height of her father’s presidency in 2023, Ashley Biden launched a walk-in trauma recovery center in Philadelphia equipped with infrared saunas to help women overcome mental health challenges. Known as the Women’s Wellness Spa(ce), the former first daughter’s charity supposedly got off the ground with at least $500,000 in seed funding in 2023. Meghan Markle and Prince Harry’s Archewell Foundation and the Silicon Valley Community Foundation each reported in their tax forms...",https://freebeacon.com/democrats/ashley-bidens-charity-failed-to-disclose-500000-in-donations-to-irs-complaint-alleges/,Right
22,The war on Iran’s journalists,"Over 30 years ago, in the northern Iranian city of Rasht, Seyed Hossein Ziabari decided to launch a magazine. Called Hatef, the Arabic and Persian for “Voice”, it was a journal of culture and society, focused especially on the endangered Gilaki language spoken in this rainy, lush valley by the Caspian. Hatef grew swiftly into a serious operation, with a large newsroom of young journalists, all squeezed into the basement of a low-rise apartment. Ziabari also had an editor-in-chief, Nasrin Pourhamrang, a calligrapher-turned-writer. Conveniently, she was also his wife.
I know Hatef very well, and not...",https://unherd.com/2025/04/the-war-on-irans-journalists/,Center
23,It's Not Just a Population Crisis,"As people talk about the issues of depopulation, they look to government programs to solve the issue. This is something I don't like just on principle, but I'll admit that there are times such programs might be beneficial.
But there's one issue every suggestion I've seen makes, and that's how it misses the real problem.
Yes, people aren't having as many children, but that's not really the issue. It's a symptom of the issue.
Children, you see, are the end result of a series of decisions made by men and women, and...",https://townhall.com/columnists/tomknighton/2025/04/23/its-not-just-a-population-crisis-n2655980,Right
24,Trouble signs emerge for Trump in DDHQ/The Hill polling average,"President Trump has seen his favorability ratings start to take a hit in the first three months of his presidency amid growing criticism of his handling of the economy and various controversies, according to the initial polling averages from Decision Desk HQ/The Hill. 
The averages show that Trump is currently underwater after starting his term in January with a net positive approval rating. DDHQ/The Hill’s average had his approval rating above 50 percent for the first days of his presidency. By late April, his average approval rating had fallen under 45 percent....",https://thehill.com/homenews/campaign/5263965-trump-favorability-ratings-underwater/,Center
25,"Hounded by Wall Street, Trump tempers his populist rhetoric","Donald Trump has described his trade war as a bold effort to prioritize Main Street concerns, the fulfilment of a promise to an American working class hurt by decades of globalization.
But Wall Street has his ear.
The president softened his hostile rhetoric toward China and Federal Reserve Chair Jerome Powell this week following Monday’s market sell-off and pressure from some of the nation’s most important business interests.
The Chamber of Commerce has been warning the White House that the new trade levies will hammer small businesses that are less...",https://www.politico.com/news/2025/04/24/tariffs-wall-street-trump-populist-00306554,Lean Left
26,Social Media Is Killing the Democratic Party,"The online crowd may love the antics of influencers. But swing voters? Not so much.
The Democratic Party of old was like a farmers’ market: a place where a bunch of people with wildly different interests came together in a spirit of cautious cooperation. Union workers, environmentalists, feminists, professors, animal rights activists, civil rights leaders, and Hollywood glitterati could all coexist under one big political tent. It was almost like if you majored in progressivism, you had to minor in one of its sub-ideologies.
These disparate Democrats didn’t necessarily like one...",https://www.nationalreview.com/2025/04/social-media-is-killing-the-democratic-party/,Lean Right
27,Due Process and the Abrego Garcia Case,"The Supreme Court ruled on the evening of April 10 that the Trump administration must comply with a lower court’s order to “facilitate” the release from custody of Kilmar Armando Abrego Garcia, an immigrant who was deported without a hearing to a mega prison in El Salvador. The case underscores the issue of due process and what legal protections are afforded to noncitizens.
Here, we’ll explain what due process means, any limitations in its application to noncitizens, and the details of the Abrego Garcia case. In the process, we’ll fact-check some comments...",https://www.factcheck.org/2025/04/due-process-and-the-abrego-garcia-case/,Lean Left
28,Can Trump call off his trade war with China while pretending he’s not?,"Welcome to The Logoff: President Donald Trump and his administration have spent much of the past two days signaling a desire to deescalate the trade war with China that they started.
But every time investors get excited a breakthrough might be imminent, Trump officials have thrown some cold water on their enthusiasm — likely because they’re afraid of looking like they’re climbing down.
What did they say, exactly? On Tuesday, Treasury Secretary Scott Bessent told investors at a closed-door event that the current status quo of 145 percent tariffs on China is...",https://www.vox.com/the-logoff-newsletter-trump/410123/can-trump-call-off-his-trade-war-with-china-while-pretending-hes-not,Left
29,"CCP-linked firms ramp up lobbying activity, tap Trump-adjacent operatives","At least eight American firms disclosed lobbying agreements with companies fully or partially owned by Chinese entities between March and April, a significant uptick from prior months, as President Donald Trump escalated a trade war with China, according to a Washington Examiner review of congressional and Department of Justice records. 
The China-linked entities identified by the Washington Examiner as having recently hired lobbyists share varying degrees of connection to the Chinese government. The Chinese Communist Party heavily subsidizes some, the Chinese government partially owns others, and a handful have even entered partnerships with the CCP to advance Beijing’s interests. All of them...",https://www.washingtonexaminer.com/news/investigations/3388982/ccp-linked-firms-chinese-lobbying-trump-adjacent-operatives/,Lean Right
30,Five cards China holds in a trade war with the US,"A trade war between the world's two biggest economies is now in full swing.
Chinese exports to the US face up to 245% tariffs, and Beijing has hit back with a 125% levy on American imports. Consumers, businesses and markets are braced for more uncertainty as fears of a global recession have heightened.
Chinese President Xi Jinping's government has repeatedly said it is open to dialogue, but warned that, if necessary, it would ""fight to the end"".
Here's a look at what Beijing has in its arsenal to counter US...",https://www.bbc.com/news/articles/c0kxe1m1y26o,Center
31,"On Major Economic Decisions, Trump Blinks, and Then Blinks Again","After weeks of bluster and escalation, President Trump blinked. Then he blinked again. And again.
He backed off his threat to fire the Federal Reserve chairman. His Treasury secretary, acutely aware that the S&P 500 was down 10 percent since Mr. Trump was inaugurated, signaled he was looking for an offramp to avoid an intensifying trade war with China.
And now Mr. Trump has acknowledged that the 145 percent tariffs on Chinese goods that he announced just two weeks ago are not sustainable. He was prompted in part by the...",https://www.nytimes.com/2025/04/23/us/politics/trump-tariffs-economy.html,Left
32,"A Palestinian student arrested at US citizenship interview will stay in detention for now, ahead of a hearing next week","A Palestinian student at Columbia University who was arrested at an interview for US citizenship will remain detained in Vermont after a judge ordered his attorneys and the Department of Justice to provide additional briefing papers to the court.
Attorneys for Mohsen Mahdawi and the Department of Justice presented oral arguments at a hearing before US District Judge Geoffrey Crawford on Wednesday as a large crowd of supporters gathered outside the court in Burlington, Vermont.",https://www.cnn.com/2025/04/23/us/mohsen-mahdawi-palestinian-student-detained/index.html,Lean Left
33,AG Pam Bondi holds first meeting of anti-Christian bias task force,"Attorney General Pam Bondi on Tuesday held the inaugural meeting of a task force dedicated to eradicating ""anti-Christian bias"" in the federal government.
According to Bondi, the task force will identify any anti-Christian policies across the U.S. government, seek input from faith-based organizations to end anti-Christian bias, and fix deficiencies and regulations that may contribute to anti-Christian bias.",https://www.upi.com/Top_News/US/2025/04/23/anti-Christian-bias-task-force/8601745376384/,Center
34,"When ‘Made in America’ Isn’t an Option, Small Business Owners Facing Tariffs Have Nowhere to Go","When Matt Raboin founded his hard cider company in Wisconsin eight years ago, he wanted to buy American.
But he soon found out that his needs as a small, upstart cidery couldn’t be met by any existing American bottle makers because his orders were too small. Forced to look overseas, Raboin, like many American small business owners and consumers, found the best bang for his buck in China.
Now, his vulnerable business model has been disrupted nearly overnight by President Donald Trump’s trade war with China, which escalated at a...",https://www.nationalreview.com/news/when-made-in-america-isnt-an-option-small-business-owners-facing-tariffs-have-nowhere-to-go/,Lean Right
35,"Trump signs executive orders targeting colleges, plus schools’ equity efforts"," President Donald Trump has ordered sharper scrutiny of America’s colleges and the accreditors that oversee them, part of his escalating campaign to end what he calls "" wokeness ” and diversity efforts in education.
In a series of executive actions signed Wednesday, Trump targeted universities that he views as liberal adversaries to his political agenda. One order called for harder enforcement of a federal law requiring colleges to disclose their financial ties with foreign sources, while another called for a shakeup of the accrediting bodies that decide whether colleges can accept federal...",https://apnews.com/article/trump-executive-orders-education-9fb7e1f707f0df93e3b28d4eff984d04,Left
36,Is your favorite influencer's opinion bought and sold?,"Your addictive doomscrolling on X, TikTok or Instagram may also be the latest nexus for millions of dollars in secret political corruption.
Over the last month, the problem has come into sharp relief. Newly surfaced documents show that more than 500 social media creators were part of a covert electioneering effort by Democratic donors to shape the presidential election in favor of Kamala Harris. Payments went to party members with online followings but also to non-political influencers — people known for comedy posts, travel vlogs or cooking YouTubes — in exchange for...",https://www.latimes.com/opinion/story/2025-04-24/internet-influencer-lobbying-paid-post,Center
37,Meta oversight board wants company to address ‘human rights impact’ of hateful conduct policies,"The independent oversight board for Meta is calling for the company to analyze the “human rights impact” of its January changes removing fact checking and promoting “free expression.”
The oversight team, an independent board of advisors that weighs in on how Meta’s community standards and guidelines are applied, published decisions this week over how Meta responded in 11 cases, including a “comment targeting people with Down syndrome,” “posts supporting [United Kingdom] riots,” and more.",https://www.washingtonexaminer.com/policy/technology/3389727/meta-oversight-board-human-rights-impact-hateful-conduct-policies/,Lean Right
38,Federal government appeals judge's order to move detained Tufts student Rumeysa Öztürk to Vermont,"The federal government is fighting a judge’s ruling that Tufts University student Rümeysa Öztürk, who wrote an essay about Israel and the war in Gaza and is fighting deportation, must be transferred back to an immigration facility in Vermont from Louisiana. ",https://www.nbcnews.com/news/us-news/federal-government-appeals-judges-order-move-detained-tufts-student-ru-rcna202475,Lean Left
39,Dealmaker Don v. Tariff Man Trump,"Donald Trump grew up learning to make deals. He's also loved tariffs since the 1970s.
So are his market-shaking tariffs a bargaining chip? Or are they here permanently?
We go all the way back to Trump's childhood to try to figure out if Dealmaker Don or Tariff Man Trump is in charge.",https://www.npr.org/2025/04/23/1246593582/donald-trump-tariffs-trade-marc-fisher-michael-kranish,Lean Left
40,India Warned of 'Act of War' By Pakistan As Relations Collapse,"Pakistan warned India on Thursday that it was committing an ""act of war"" by suspending a landmark water-sharing treaty in response to a deadly terror attack in Indian-controlled Kashmir.
The threat from Pakistan Prime Minister's Office followed a number of diplomatic measures imposed by New Dehli on Islamabad as tensions flare between the neighboring nuclear powers.
On Thursday, India's Ministry of External Affairs ""strongly advised"" its citizens to avoid travel to Pakistan and those already there to leave ""at the earliest. Pakistani nationals in India also had their visas revoked.",https://www.newsweek.com/india-tells-all-citizens-leave-pakistan-tensions-rise-2063530,Center
41,"Trump Blasts Fox News Pollster, WSJ","President Donald Trump used his social media platform Thursday to rebuke Fox News' pollster and the ""China Loving"" Wall Street Journal.
Both outlets are part of Rupert Murdoch's media empire.
""Rupert Murdoch has told me for years that he is going to get rid of his FoxNews, Trump Hating, Fake Pollster, but he has never done so,"" Trump posted on Truth Social.",https://www.newsmax.com/politics/trump-murdoch-fox-news/2025/04/24/id/1208183/,Right
42,"Trump skewed the facts about Kilmar Armando Abrego Garcia, MS-13 gang and deportation","In March 2019, an immigration judge denied a bond request from Kilmar Armando Abrego Garcia, who was in Immigration and Customs Enforcement custody, writing that the determination he is a gang member ""appears to be trustworthy and is supported by other evidence in the record,"" citing a police department’s gang interview field sheet. The decision was upheld on appeal.
Two federal judges have since ruled the government’s information about Abrego Garcia’s gang membership was unsupported. It was based on clothing Abrego Garcia wore at the time of his 2019 arrest...",https://www.politifact.com/article/2025/apr/23/Donald-Trump-Abrego-Garcia-deport-MS-13-gang/,Lean Left
43,Trump Store Now Selling 'Trump 2028' Hats,"The official Trump store is now selling red ""Trump 2028"" hats for $50 amid repeated suggestions by President Donald Trump and his allies that he could run for a third term in 2028.
Newsweek has reached out to the Trump Organization on Thursday afternoon for comment.
The president has said in recent weeks that he is not joking about pursuing a third term.",https://www.newsweek.com/trump-store-now-selling-trump-2028-hats-2063775,Center
44,Free Speech Crumbles in Europe,"Imagine this scenario.
The interior minister of a country that considers itself a democracy reports hundreds of citizens to the police for making critical statements about her while she is in office. Many of them are given hefty monetary fines or even prison sentences.
In protest, a journalist publishes a satirical meme. It features a real photograph of the interior minister holding a sign that is digitally altered so that, apocryphally, it reads: “I hate freedom of speech.”",https://thedispatch.com/article/europe-germany-britain-free-speech-democracy-restriction/,Lean Right
45,Did 19 state attorneys general sue the Trump administration to create voting rights for noncitizens?,"While 19 state attorneys general, including Arizona’s Kris Mayes, filed a lawsuit challenging a recent executive order involving election reforms, the lawsuit makes no attempt to establish noncitizen voting rights. AllSides highlights content from Gigafact, a network of newsrooms that respond to online claims. View the full fact brief on Arizona Center for Investigative Reporting.",https://gigafact.org/fact-briefs/did-19-state-attorneys-general-sue-trump-administration-to-create-voting-rights-for-noncitizens-no/?utm_source=allsides&utm_id=112,Center
46,What Is Democratic Legality?,"Since 2021, the left has waged a veritable war against the American legal system in a variety of ways.
One serial target of Democrats and the Left has been the Supreme Court.
In 2020, Senate Minority Leader Chuck Schumer, D-N.Y., spoke to an angry throng of pro-abortion protestors assembled at the very doors of the court chambers.
He threatened two of the justices, Kavanaugh and Gorsuch, by name. Schumer yelled to the volatile crowd that the justices' views would make them ""reap the whirlwind,"" and the two would not know...",https://townhall.com/columnists/victordavishanson/2025/04/25/what-is-democratic-legality-n2656068,Right
47,"Trump’s False Claims about Gas, Egg Prices","Several times over the last week, President Donald Trump has assured Americans that the prices of eggs and gasoline are down significantly. But he has made false claims about the cost of both products.
“Prices are going down, not going up,” Trump said in Oval Office remarks on April 22, for example. “I see that we had a couple of states where gasoline was at $1.98 a gallon. Nobody thought they’d see that for years maybe.”
Later in his remarks, he said, “And as you know, the cost of eggs has come...",https://www.factcheck.org/2025/04/trumps-false-claims-about-gas-egg-prices/,Lean Left
48,‘Won’t have anywhere to hide’: Democrats are eager to pick apart the GOP megabill,"Republicans are gearing up to put pen to paper on President Donald Trump’s big domestic policy bill. It could give Democrats a big, beautiful target for their midterm messaging.
Next week, GOP lawmakers will start rolling out portions of the planned megabill, with House committees slated to hold a series of meetings advancing individual portions. Speaker Mike Johnson has set an aggressive Memorial Day deadline to get a final product through the chamber.
Democrats, meanwhile, are mapping out a committee-by-committee fight over the drafting of the megabill. They’re planning to force a...",https://www.politico.com/news/2025/04/25/democrats-attack-gop-megabill-reconciliation-00309172,Lean Left
49,Trump Shifts His Own Vibe,"What he’s been disrupting lately is his own presidency.
The vibe around President Trump’s second term has shifted, and it’s all his doing.
The president entered office with a bit of a wind at his back. His polling was better than the first time around, protesters weren’t in the streets, and federal investigators weren’t after him. The GOP was more united than in 2016 and business leaders wanted to work with him, while the culture was generally heading in an anti-woke direction.
Now, though, his polling is in a marked decline. His job approval...",https://www.nationalreview.com/2025/04/trump-shifts-his-own-vibe/,Right
50,California Proposal to Tax Social Media Gathers Momentum,"California lawmakers have moved forward with legislation that could see taxes applied to the largest social media platforms in the world.
A bill that would place a tax on the gross receipts that social media companies earn from digital advertisements targeting California users passed its first vote in the state legislature.
Newsweek contacted the author of the bill, Democrat Assemblymember Josh Lowenthal, for more information on the legislation via email.
The proposal is one of the most ambitious state-level efforts to impose fiscal accountability on social media platforms for what lawmakers...",https://www.newsweek.com/california-tax-social-media-legislation-2064045,Center
51,Are Democrats playing into Trump’s hands by fighting deportations?,"President Donald Trump has been sending undocumented immigrants to a mega prison in El Salvador without due process. Most of these deportees have no criminal record, yet our government has condemned them to indefinite incarceration in an infamously inhumane penitentiary.
In the case of Kilmar Abrego Garcia, the Trump administration admits that its deportation order was unlawful. In 2019, a court had ruled that Abrego Garcia could not be sent to El Salvador, as he had a credible fear of being persecuted in that country. The White House attributed his deportation to an “administrative error.”...",https://www.vox.com/politics/410137/abrego-garcia-van-hollen-democrats-trump-deportation-el-salvador,Left
52,"Trump Targets ActBlue, Foreign Contributions","President Donald Trump on Thursday directed the Justice Department to investigate the main fundraising platform used by Democrats, who responded with accusations that he was simply weaponizing the government against his political opponents.
The Republican leader signed a memorandum instructing Attorney General Pam Bondi to probe supposed foreign and other illicit payments to platforms including ActBlue, used by Democrats to process donations to election campaigns and other causes online.
The Republican said he wanted the probe to look at the use of ""fundraising platforms to make 'straw' or 'dummy' contributions...",https://www.newsmax.com/newsfront/donald-trump-memo-actblue/2025/04/24/id/1208189/,Right
53,China exempts some goods from US tariffs to limit trade war pain,"China has exempted some U.S. imports from its 125% tariffs and is asking firms to identify critical goods they need levy-free, according to businesses notified, in the clearest sign yet of Beijing's concerns about the trade war's economic fallout.
The dispensation, which follows de-escalatory statements from Washington, signals that the world's two largest economies were prepared to rein in their conflict, which had frozen much of the trade between them, raising fears of a global recession.
Beijing's exemptions - which business groups hope would extend to dozens of industries - pushed the...",https://www.reuters.com/world/china/china-considers-exempting-some-goods-us-tariffs-source-says-2025-04-25/,Center
54,Amazon sellers raise prices after Trump’s China tariff: ‘It’s unsustainable’,"For 10 years, Aaron Cordovez has been selling kitchen appliances on Amazon. Now he’s in a bind, because most of his products are manufactured in China.
Cordovez, co-founder of Zulay Kitchen, said his company is moving “as fast as we can” to move production to India, Mexico and other markets, where tariffs are increasing under President Donald Trump, but are mild compared with the levies imposed on goods from China. That process will likely take at least a year or two to complete, he said.
“We’re making our inventory last as long...",https://www.cnbc.com/2025/04/25/amazon-sellers-hike-prices-of-goods-after-trumps-china-tariffs.html,Lean Left
0,Deported illegal alien and suspected MS-13 gang member transferred from notorious El Salvadoran mega-prison,"Kilmar Abrego Garcia, an illegal immigrant with alleged ties to a violent gang who was deported to El Salvador, had been transferred from the country's notorious mega prison, Centro de Confinamiento del Terrorismo (CECOT), days before U.S. Sen. Chris Van Hollen, D-Md., arrived in the country last week to push for his freedom.
Van Hollen told reporters after returning to the U.S. on Friday and again on Sunday that Abrego Garcia, 29, is no longer in CECOT, a claim that was filed in the government’s daily update, obtained by Fox News, and...",https://www.foxnews.com/us/deported-illegal-alien-suspected-ms-13-gang-member-transferred-from-notorious-el-salvadoran-megaprison,Right
1,"Pentagon chief Hegseth shared sensitive Yemen war plans in second Signal chat, source says","U.S. Defense Secretary Pete Hegseth shared details of a March attack on Yemen's Iran-aligned Houthis in a message group that included his wife, brother and personal lawyer, a source familiar with the matter told Reuters on Sunday.
The revelations of a second Signal chat raise more questions about Hegseth's use of an unclassified messaging system to share highly sensitive security details and come at a particularly delicate moment for him, with senior officials ousted from the Pentagon last week as part of an internal leak investigation.",https://www.reuters.com/world/us/defense-chief-hegseth-shared-war-plans-second-signal-chat-nyt-reports-2025-04-20/,Center
2,Israel’s Military Cites ‘Professional Failures’ in Killings of Gaza Medics,"The Israeli military said Sunday that an investigation into its soldiers’ deadly attack on medics in southern Gaza last month had identified “several professional failures” and that a commander would be dismissed.
The military had previously acknowledged carrying out the attack in Rafah that killed 14 rescue workers and a United Nations employee who drove by after the others were shot. But it offered shifting explanations for why its troops fired on the emergency vehicles and said it was investigating the episode, one that prompted international condemnation and that experts described as a war...",https://www.nytimes.com/2025/04/20/world/middleeast/israel-gaza-medics.html,Lean Left
3,4/20 Is No Celebration for Thousands—Trump Can Change That,"Across the country, cannabis users today will celebrate 4/20, a day synonymous with the plant's consumption and a symbol of its growing acceptance.
But for thousands of people still incarcerated for cannabis-related offenses, 4/20 is not a day of celebration; it’s a reminder of an unjust system that has yet to make amends.",https://www.commondreams.org/opinion/420-marijuana-legalization,Left
4,What’s behind Trump’s dovish turn on Iran?,"President Donald Trump has adopted a significantly more pragmatic approach to negotiations over Iran’s nuclear programme than was the case in his first term.
In pursuit of a new nuclear agreement, US and Iranian negotiators concluded a second round of Omani-mediated talks this weekend. Their intent is to replace the 2015 JCPOA nuclear accord. Trump withdrew from that accord in his first term and Iran subsequently suspended compliance with its obligations. The urgency of new negotiations is underlined by the fact that Iran has amassed enough near-weapons grade nuclear material...",https://unherd.com/newsroom/whats-behind-trumps-doveish-turn-on-iran/,Center
5,"Trump sends Happy Easter wishes, then blisters judges and 'liberal lunatics' blocking his agenda","President Donald Trump on Sunday wished all Americans an Easter filled with ""peace and joy,"" then unleashed on his detractors in politics and the courts who he said are blocking his agenda and putting the country at risk.
""Happy Easter to all, including the Radical Left Lunatics who are fighting and scheming so hard to bring Murderers, Drug Lords, Dangerous Prisoners, the Mentally Insane, and well known MS-13 Gang Members and Wife Beaters, back into our Country,"" Trump wrote in a Truth Social post that targeted Democrats and the federal judges they...",https://justthenews.com/politics-policy/all-things-trump/trump-sends-happy-easter-wishes-then-blisters-judges-and-liberal,Lean Right
6,Why They Are On The Wrong Side Of History,"If there’s one thing the American people have made overwhelmingly clear, it’s this: boys should not compete in girls’ sports. The public knows it. Science proves it. And the Constitution—guided by the Supreme Court—leans that way too.
But don’t tell that to the governors or education bureaucrats of Illinois or Maine. They’re too busy virtue signaling from the cliffs of reality, hoping that federal courts will bail them out when the lawsuits come.
In Illinois, state athletic officials have quietly opened the door for male students—boys who identify...",https://townhall.com/columnists/kevinmccullough/2025/04/21/why-they-are-on-the-wrong-side-of-history-n2655833,Right
7,GOP lawmakers running out of options to pay for Trump’s costly agenda,"Republican leaders are rapidly running out of ways to pay for President Trump’s agenda as GOP lawmakers shoot down various proposals to cut spending or increase revenues.
Without finding some new ideas, the GOP risks adding trillions of dollars to future deficits by passing Trump’s agenda, something many conservatives are loathe to do.
Outside observers are expressing pessimism the Republicans will land on ideas that have enough support to get passed into law.
“I just don’t see them getting the money. There’s no ‘there’ there, to be quite honest about...",https://thehill.com/homenews/senate/5255483-trump-agenda-funding-problems/,Center
8,Former Pentagon official warns department’s dysfunction could topple Hegseth,"The Pentagon is in “total chaos” and Defense Secretary Pete Hegseth is unlikely to remain in his role, according to its former top spokesperson, who painted a scene of dysfunction, backstabbing and continuous missteps at the highest levels of the department.
“The building is in disarray under Hegseth’s leadership,” John Ullyot wrote Sunday in a POLITICO Magazine opinion piece. “The dysfunction is now a major distraction for the president — who deserves better from his senior leadership.”
Ullyot, who resigned from the Pentagon last week, described a department in collapse. He accused Hegseth’s...",https://www.politico.com/news/2025/04/20/ullyot-pentagon-hegseth-chaos-00300695,Lean Left
9,Trump vs. Harvard: A Negotiated Solution,"President Trump and Harvard University are at daggers drawn, and the battle promises to play out on the national stage for some time. Trump wants Harvard to change its ways, not only when it comes to the lax handling of disruptive demonstrations and antisemitic harassment, but also in the matter of the university’s pervasive leftist bias. Harvard, which seemed at least tentatively open to changes in its disciplinary practices, has drawn the line at the Trump administration’s insistence on monitoring and redressing its ideological imbalance. With virtually the whole of...",https://www.nationalreview.com/corner/trump-vs-harvard-a-negotiated-solution/,Right
10,Francis: Pope from Latin America who changed Catholic Church,"His ascension to the papacy heralded many firsts.
Francis was the first Pope from the Americas or the Southern Hemisphere. Not since Syrian-born Gregory III died in 741 had there been a non-European Bishop of Rome.
He was also the first Jesuit to be elected to the throne of St Peter - Jesuits were historically looked on with suspicion by Rome.
His predecessor, Benedict XVI, was the first Pope to retire voluntarily in almost 600 years and for almost a decade the Vatican Gardens hosted two popes.",https://www.bbc.com/news/articles/c98zxx13d3go,Center
11,Is This Giving the People What They Want?,"Bret Stephens: Gail, any strong feelings on whether Jerome Powell should remain chairman of the Federal Reserve?
Gail Collins: Gee, Bret. Do I think the Fed chairman should be bounced for calling President Trump’s maniacal tariff plans “very fundamental policy changes?” Hmm.
Bret: What Powell meant to say is, “This is the stupidest @$*%# idea since the French cavalry suited up in armor at Agincourt.”",https://www.nytimes.com/2025/04/21/opinion/trump-powell-ocasio-cortez-birthright.html,Left
12,Schumer’s leadership becomes an issue in 2026 Democratic Senate primaries,"Senate Minority Leader Chuck Schumer (D-NY) found himself under intense scrutiny amid questions about whether he was strong enough to counter a more assertive second Trump administration. While the spotlight has since faded a bit, the angst is being felt in the Democrats’ 2026 primary elections.
Whether Schumer should continue in his role as the Senate’s top Democrat after breaking with most in his party over last month’s government funding standoff is emerging as a key issue in Democratic primary contests. Some frustrated Democrats want new leadership and bolder opposition to the Republican agenda.",https://www.washingtonexaminer.com/news/senate/3384936/schumer-leadership-becomes-issue-in-2026-democratic-senate-primaries/,Lean Right
13,Pope Francis Obituary: Humble Reformer Who Clashed with Conservatives,"Pope Francis, the first pope from the Americas, has died at the age of 88, the Vatican has announced.
He had battled health problems throughout his life with bravery and good humor. It was a life that took him from an impoverished childhood in Buenos Aires to leader of the Catholic Church's 1.3 billion believers as the 266th pope.
To his supporters, he was a principled reformer who strove to modernize the Church and make it more relevant to a fast-changing world. He was also seen by many as heralding...",https://www.newsweek.com/pope-francis-dead-vatican-obituary-life-pictures-2033116,Center
14,Dow futures tumble 300 points to start week as investors await any progress on Trump trade deals,"Stock futures fell again on Monday following yet another negative trading week for Wall Street, as investors receive little signs of progress on global trade talks.
Futures tied to the Dow Jones Industrial Average tumbled 347 points, or 0.9%. S&P 500 futures pulled back 1.1%, while Nasdaq-100 futures dropped 1.4%.
The moves come after each of the three major averages logged a third weekly decline in the last four trading weeks. While the S&P 500 closed out Thursday’s session higher, the broad market index still finished the holiday-shortened week 1.5% lower. The Dow Jones Industrial Average and Nasdaq Composite posted their...",https://www.cnbc.com/2025/04/20/stock-market-today-live-updates.html,Lean Left
15,"Trump Administration Irate at Harvard, Plans to Pull Additional $1 Billion in Funding","The Trump administration has grown so furious with Harvard University after a week of an escalating dispute between the two sides that it is planning to pull an additional $1 billion of the school’s funding for health research, according to people familiar with the matter.  
Trump administration officials, the people said, thought the long list of demands they sent Harvard last Friday was a confidential starting point for negotiations.",https://www.wsj.com/us-news/education/trump-administration-irate-at-harvard-will-pull-additional-1-billion-in-funding-8c209113,Center
16,Kyiv and Moscow accuse each other of countless violations of one-day Easter ceasefire,"Russia and Ukraine accused each other of thousands of attacks that violated the one-day Easter ceasefire declared by President Vladimir Putin, with the Kremlin saying there was no order to extend the pause in frontline fighting.
Washington said it would welcome an extension of the truce, and President Volodymyr Zelenskiy reiterated several times Ukraine's willingness to pause strikes for 30 days in the war.",https://www.reuters.com/world/europe/ukraines-zelenskiy-says-russian-army-trying-create-impression-easter-ceasefire-2025-04-20/,Center
17,What to know about the 50501 movement against Trump admin policies,"Protesters participated in another grassroots, widespread action against the Trump administration on Saturday.
Why it matters: The 50501 movement takes momentum from recent protests to encourage Americans to become each other's ""social support web"" as the administration's policies target marginalized communities.",https://www.axios.com/2025/04/15/50501-protests-saturday-trump,Lean Left
18,El Salvador offers prisoner swap to Venezuela involving US deportees,"El Salvadoran President Nayib Bukele offered to swap 252 detained Venezuelans for political prisoners and foreign nationals held in Venezuela. He framed the deal as a humanitarian gesture aimed at freeing opposition figures and journalists.
Venezuela pushed back, demanding legal records and accusing El Salvador of violating human rights.
The U.S. has backed El Salvador’s detentions, but courts recently paused further deportations amid legal and political backlash.",https://san.com/cc/el-salvador-offers-prisoner-swap-to-venezuela-involving-us-deportees/,Center
19,Obamacare mandates at stake in Supreme Court arguments,"Preventive healthcare measures, including certain free screenings, tests, and medications, could be put on the chopping block this week as the Supreme Court is set to hear oral arguments in the fourth case related to Obamacare preventive coverage mandates.
At the center of Kennedy v. Braidwood is Braidwood Management, a Texas-based, Christian-owned business challenging Obamacare’s requirement to cover pre-exposure prophylaxis drugs for HIV exposure. The court’s ruling could have sweeping consequences for patients accessing all types of preventive care in the United States.",https://www.washingtonexaminer.com/news/supreme-court/3384750/obamacare-mandates-at-stake-supreme-court-arguments/,Lean Right
20,Hegseth had a second Signal chat where he shared details of Yemen strike,"Defense Secretary Pete Hegseth created another Signal messaging chat that included his wife and brother where he shared similar details of a March military airstrike against Yemen’s Houthi militants that were sent in another chain with top Trump administration leaders, The New York Times reported.
A person familiar with the contents and those who received the messages, who spoke on condition of anonymity to discuss sensitive matters, confirmed the second chat to The Associated Press.",https://apnews.com/article/hegseth-signal-chat-houthis-attack-8dbf9dd6c711796438a5c1c84831c40b,Left
21,Alito blasts late-night ruling on deportation flights as ‘legally questionable’,"Supreme Court Justice Samuel Alito faulted his colleagues for temporarily halting deportation flights under the Alien Enemies Act “literally in the middle of the night.”
Alito’s dissent, also sent out at nearly midnight Saturday, came after the court agreed in the early hours of the morning to block for now any additional flights that would transport migrants to a Salvadoran prison.
“The Court issued unprecedented and legally questionable relief without giving the lower courts a chance to rule, without hearing from the opposing party, within eight hours of receiving the application, with dubious factual...",https://thehill.com/policy/national-security/5258479-supreme-court-deportation-ruling-alito/,Center
22,"Yes, There Is a Left-Wing Violence Problem in This Country","Ignoring it won’t make it go away.
Cnn must broadcast from another planet.
Network correspondent Donie O’Sullivan suggested recently — with a straight face — that political violence in the United States is almost entirely a right-wing phenomenon and that there simply is ""no equivalent on the left.""
This isn’t just untrue. It’s dangerous.",https://www.nationalreview.com/2025/04/yes-there-is-a-left-wing-violence-problem-in-this-country/,Right
0,"Early Targets of Harvard Funding Cuts: Tuberculosis, ALS Research","Harvard University scientists are facing the prospect of laying off staff, euthanizing research animals and bringing yearslong science projects to a halt as a freeze on federal funds looms.
On Monday, after the university rejected government demands to change how it runs and admits students, the Trump administration said it would stop $2.26 billion in funds previously awarded to the school as part of an investigation into how the university dealt with antisemitism.","https://www.wsj.com/us-news/education/harvard-funding-cuts-targets-b794e431#:~:text=Harvard%20University%20scientists%20are%20facing%20the%20prospect%20of,halt%20as%20a%20freeze%20on%20federal%20funds%20looms.?msockid=18551bd9bdb16e66002f085db9b16cb4",Center
1,Elon Musk 'offered to impregnate glamorous influencer then retaliated when she turned him down',"Elon Musk allegedly offered to impregnate right-wing influencer Tiffany Fong - then retaliated by harming her X earnings when she declined his approach, per a new report.
The SpaceX founder, 53, is said to be creating a 'legion' of offspring, offering women he deems as intelligent the chance to discreetly bear his children in exchange for millions of dollars.
Fong, who gained notoriety during Sam Bankman-Fried’s downfall, was one of the women approached by Musk on X, according to a bombshell report on the Wall Street Journal.",https://www.dailymail.co.uk/news/article-14618425/elon-musk-offer-impregnate-influencer-tiffany-fong-retaliated.html,Right
2,California Gov. Newsom sues Trump admin over international tariffs,"California Gov. Gavin Newsom is suing the Trump administration over international tariffs. He says that the tariffs will cause major damage to the state’s economy.
The tariffs go from a 10% duty on most goods all the way up to 145% on many Chinese goods.
It’s unknown at this time what impact the lawsuit might have on the tariffs, both in California and throughout the U.S.",https://san.com/cc/california-gov-newsom-sues-trump-admin-over-international-tariffs/,Center
3,Judge Finds Trump Administration Willfully Defied Court Orders in Deportation Case,"A federal judge found the Trump administration willfully disregarded a court order when it failed to return planes full of migrants on their way to a prison in El Salvador and has ordered the government to act quickly to avoid possible prosecution for criminal contempt. 
U.S. District Judge James Boasberg in Washington said in a Wednesday order there was probable cause to find Trump administration officials in contempt of court. He ordered the government by next week to either show him an attempt to remedy the violation or provide information from administration officials—under oath—about the...",https://www.wsj.com/politics/policy/judge-finds-trump-administration-willfully-defied-court-orders-in-deportation-case-ca9e47f8?mod=hp_lead_pos1,Center
4,Hits and Misses in RFK Jr.’s Comments on Food Dyes,"In recent weeks, Health and Human Services Secretary Robert F. Kennedy Jr. has said that “very, very strong studies” link food dyes to cancer and ADHD. Experts are concerned about the impacts of unhealthy diets and obesity in the U.S., but some say Kennedy overstates the role of food dyes in chronic disease.
The dyes haven’t been shown to cause cancer in humans. Studies show a possible link to symptoms of attention-deficit/hyperactivity disorder in children.
Recently, Kennedy has taken his “Make America Healthy Again” campaign on the road, appearing in some states that have passed legislation to limit food dyes...",https://www.factcheck.org/2025/04/hits-and-misses-in-rfk-jr-s-comments-on-food-dyes/,Lean Left
5,"Late, Rambling, And Off-Key: Biden Stumbles Through First Post-Trump Speech","Former President Joe Biden broke his three-month silence Tuesday evening, addressing Social Security in his first public speech since President Trump took office.
Biden addressed a gathering of advocates for disabled people in Chicago, accusing Trump and Elon Musk’s Department of Government Efficiency of trying to “dismantle” Social Security.",https://www.dailywire.com/news/late-rambling-and-off-key-biden-stumbles-through-first-post-trump-speech,Right
6,Utility bill assistance program hit by federal staff cuts,"Federal staff cuts will cripple the effectiveness of state-run utility bill assistance programs, advocates warn, and should be resolved congressionally. ",https://www.thecentersquare.com/pennsylvania/article_83da8a64-d665-46ec-8453-427299bf14a6.html,Lean Right
7,NAACP sues U.S. Education Department over DEI school funding cuts,"The NAACP sued the U.S. Department of Education on Tuesday to stop its alleged illegal effort to cut off funding to schools that use diversity, equity and inclusion programs, and prevent Black students from receiving equal education opportunities.",https://www.reuters.com/world/us/naacp-sues-us-education-department-over-dei-school-funding-cuts-2025-04-15/,Center
8,"Has Arizona identified 50,000 noncitizens for removal from its voter rolls?","Though Arizona has approximately 50,000 registered voters who haven’t submitted the documents required to prove citizenship—limiting them to voting in federal elections—these voters have not been shown to be noncitizens.  AllSides highlights content from Gigafact, a network of newsrooms that respond to online claims. View the full fact brief on Arizona Center for Investigative Reporting.",https://gigafact.org/fact-briefs/has-arizona-identified-50000-noncitizens-for-removal-from-its-voter-rolls-no/?utm_source=allsides&utm_id=112,Center
9,"Former FAA contractor pleads guilty to spying for Iran, sharing private info on US airports, energy industry","A naturalized U.S. citizen living in Great Falls, Virginia, pleaded guilty on Wednesday to working with Iranian government and intelligence officials on their behalf in the U.S. as a contractor for the Federal Aviation Administration (FAA) between 2017 and 2024. The Department of Justice (DOJ) said 42-year-old Abouzar Rahmati pleaded guilty in federal court to conspiring to act and acting as an agent of the Iranian government in the U.S. without prior notification to the Attorney General. Rahmati previously was an Islamic Revolutionary Guard Corps (IRGC) 1st Lt., a branch...",https://foxnews.com/us/former-faa-contractor-pleads-guilty-spying-iran-sharing-private-info-us-airports-energy-industry,Right
10,Pennsylvania Gov. Josh Shapiro says he hasn't heard from Trump since the arson attack,"After a man tried to assassinate Donald Trump in July at a rally in Butler, Pennsylvania, the state’s Democratic governor, Josh Shapiro, quickly issued a statement condemning the attempt on the Republican presidential candidate’s life.
“Violence targeted at any political party or political leader is absolutely unacceptable,” Shapiro posted on X that day. “It has no place in Pennsylvania or the United States. I have been briefed on the situation. @PAStatePolice are on the scene in Butler County and working with our federal and local partners.”",https://www.nbcnews.com/politics/donald-trump/gov-josh-shapiro-trump-arson-attack-rcna200907,Lean Left
11,Operation Assad: the air mission to smuggle the Syrian despot's valuables,"As his enemies closed in on Damascus, Bashar al-Assad, who ruled over Syria with an iron fist for 24 years, used a private jet to spirit away cash, valuables and confidential documents mapping the corporate web behind his wealth.
Yasar Ibrahim, the president's top economic adviser, arranged the leasing of the plane to transport Assad's treasured assets, relatives, aides and presidential palace personnel to the United Arab Emirates aboard four flights, according to an account of the operation pieced together by Reuters from more than a dozen sources.",https://www.reuters.com/world/middle-east/operation-assad-air-mission-smuggle-syrian-despots-valuables-2025-04-17/,Center
12,Trump administration threatens Harvard with foreign student ban,"The US government has threatened to ban Harvard University from enrolling foreign students, after the institution said it would not bow to demands from Donald Trump's administration.
The White House has demanded the oldest university in the US make changes to hiring, admissions and teaching practices which it says will help fight antisemitism on campus.
Homeland Security Secretary Kristi Noem on Wednesday accused the Ivy League school of ""threatening national security"" and ""bending the knee to antisemitism"".",https://www.bbc.com/news/articles/c1egdy24v7po,Center
13,Maryland Democratic senator travels to El Salvador in push for Abrego Garcia’s return,"US Sen. Chris Van Hollen told reporters in El Salvador Wednesday that he was unable to visit Kilmar Armando Abrego Garcia in the maximum-security mega-prison where he is being held.
Instead, the Democrat announced he met with the Salvadoran vice president and vowed to “keep pressing” for answers and the man’s release.
“There will be more members of Congress coming,” Van Hollen said in an emotional media availability. “This is an unsustainable and unjust moment, so it cannot continue.”",https://edition.cnn.com/2025/04/16/politics/kilmar-abrego-garcia-maryland-senator-el-salvador/index.html,Lean Left
14,"Van Hollen denied meeting, phone call with Abrego Garcia during El Salvador visit","The Salvadoran government on Wednesday rebuffed Sen. Chris Van Hollen’s (D-Md.) request to meet or speak with a wrongfully deported Maryland man, the senator said, accusing the Trump administration and others of lying about Kilmar Abrego Garcia’s gang ties.
Van Hollen said Salvadoran Vice President Félix Ulloa told him the government had no information connecting Abrego Garcia to MS-13 but could not accommodate a visit to the notorious CECOT prison, known by its acronym in Spanish.",https://thehill.com/homenews/senate/5252312-van-hollen-abrego-garcia-el-salvador/,Center
15,'Maryland man' Kilmar Abrego Garcia exposed in police records as 'violent' repeat wife beater,"A now-deported illegal alien accused of being an MS-13 gang member that was living illegally in Maryland has a record of being a ""violent"" repeat wife beater, according to court records filed in a Prince George’s County, Maryland, district court by his wife.
Fox News obtained the written domestic violence allegations filed in court against 29-year-old Kilmar Abrego Garcia by his wife, Jennifer Vasquez, in 2021.",https://www.foxnews.com/politics/maryland-man-kilmar-abrego-garcia-exposed-police-records-violent-repeat-wife-beater,Right
16,"DOJ says it will appeal Abrego Garcia ruling, releases documents tying him to gang","The Department of Justice filed notice Wednesday that it will appeal the order from a federal judge requiring the government to facilitate the return of wrongly deported Kilmar Abrego Garcia from El Salvador, on the same day the it released two documents that were previously used to allegedly tie him to the criminal gang MS-13.
The two forms the government present as evidence -- a gang field interview sheet from the Prince George's County Police Department in Maryland and an additional form from the Department of Homeland Security -- base Abrego Garcia's...",https://abcnews.go.com/US/doj-appeal-ruling-ordering-administration-return-abrego-garcia/story?id=120885785,Lean Left
17,Democrats Will Always Side Against Normal People – Always,"I want you to think carefully and see if you can come up with a single issue on which the leftist establishment sides in favor of normal Americans. Just one. Just one time when they prioritize the interests of normal people over the demands of weirdos, losers, mutations, illegal aliens, pinkos, perverts, and vegans.
I’ll wait. And by the time you get back to me, the sun will have burned out and Saturday Night Live will be funny again.
Many people have observed that Trump is always on the 80...",https://townhall.com/columnists/kurtschlichter/2025/04/17/democrats-will-always-side-against-normal-people-always-n2655607,Right
18,Republicans consider increasing taxes on the rich in break from party orthodoxy,"Republicans in Congress are considering increasing taxes on the rich as a part of President Trump’s “big beautiful bill” of ambitious legislative priorities, a striking development that breaks with decades of party orthodoxy and is spurring alarm bells from traditional conservatives.
The discussions are in the early stages, and lawmakers say it is possible that no tax hike makes it in the final legislation. But the once-inconceivable consideration of tax increases underscores the tricky task that Republicans have in meeting competing demands from fiscal hawks, moderates, and tax slashers for...",https://thehill.com/homenews/house/5252583-republicans-tax-hike-rich/,Center
19,It’s Google’s turn to get thrashed by the GOP,"Things are about to get uncomfortable in Washington for Google.
Top Republicans in Congress are leaning hard on the tech giant to make its content policies friendlier to the GOP, after winning that fight with social media companies Meta and X.
Senate Commerce Chair Ted Cruz of Texas and House Judiciary Chair Jim Jordan of Ohio are now putting pressure on Google and its parent company Alphabet, which owns both the internet’s dominant search engine and the popular YouTube video platform.
Jordan sent a subpoena last month to Alphabet, seeking its internal discussions and communications with...",https://www.politico.com/news/2025/04/17/google-republican-censorship-ted-cruz-jim-jordan-00294558,Lean Left
20,"Thank You, Tish James","This is going to be so good. 
What did they say about Caesar’s wife?
It should doubly apply to prosecutors who nail someone to the wall for dishonest claims regarding real estate transactions, but might be tempted to engage themselves in dishonest claims regarding real estate transactions.
Tish James, the New York attorney general who sheathed her politicized pursuit of Donald Trump in thunderously righteous terms, apparently does not believe she has to be above suspicion or reproach.
According to a new criminal referral from the director of the Federal Housing...",https://www.nationalreview.com/2025/04/thank-you-tish-james/,Right
21,Trump’s Misleading Promotion of ‘Clean’ Coal,"While presenting a series of executive orders conceived to increase electricity generation from coal, President Donald Trump misleadingly suggested that environmental regulations were to blame for the industry’s decline, wrongly said that coal plants are being opened “all over Germany,” and misleadingly, and repeatedly, referred to coal as “clean.”
Experts agree the main culprit for the decrease in coal-fired power in recent decades was the surge of more cost-effective and cleaner kinds of energy, especially natural gas. In Germany, a handful of old plants were fired back up in 2022, but were closed again in...",https://www.factcheck.org/2025/04/trumps-misleading-promotion-of-clean-coal/,Lean Left
22,The Emergency Is Here,"The emergency is here.
The crisis is now. It is not six months away. It is not another Supreme Court ruling away from happening. It’s happening now.
Perhaps not to you, not yet. But to others. Real people. We know their names. We know their stories.
The president of the United States is disappearing people to a Salvadoran prison for terrorists. A prison known by its initials — CECOT. A prison built for disappearance. A prison where there is no education or remediation or recreation, because it is a prison...",https://www.nytimes.com/2025/04/17/opinion/ezra-klein-podcast-asha-rangappa.html,Left
23,Judge raises the stakes in deportation battle with Trump,"U.S. District Judge James Boasberg upped his feud with President Trump on Wednesday by finding probable cause to hold his administration in contempt of court for continuing to carry out deportations to El Salvador despite the judge’s orders to turn around planes.
Judge Boasberg, an Obama appointee to the court in the District of Columbia, said he would give Mr. Trump’s team a chance to fix the situation by giving hundreds of gang suspects a chance to challenge their deportations. Otherwise, he said, he would figure out which Trump officials are responsible for defying his...",https://www.washingtontimes.com/news/2025/apr/16/judge-rules-probable-cause-hold-trump-administration-contempt/,Lean Right
24,Exclusive: Musk's SpaceX is frontrunner to build Trump's Golden Dome missile shield,"Elon Musk's SpaceX and two partners have emerged as frontrunners to win a crucial part of President Donald Trump's ""Golden Dome"" missile defense shield, six people familiar with the matter said.
Musk's rocket and satellite company is partnering with software maker Palantir (PLTR.O), opens new tab and drone builder Anduril on a bid to build key parts of Golden Dome, the sources said, which has drawn significant interest from the technology sector's burgeoning base of defense startups.
In his January 27 executive order, Trump cited a missile attack as ""the most catastrophic...",https://www.reuters.com/business/aerospace-defense/musks-spacex-is-frontrunner-build-trumps-golden-dome-missile-shield-2025-04-17/,Center
25,Donald Trump criticises Federal Reserve chair as European Central Bank cuts interest rates,"Donald Trump says end of Jerome Powell's term as Fed chair 'cannot come fast enough'
Donald Trump is awake. And he has strongly criticised monetary policy by the Federal Reserve, saying the end of Jerome Powell’s tenure as chair “cannot come fast enough”.
In a post on Truth Social, the social network he owns, Trump said that Powell had been too slow to cut interest rates – contrasting its hesistance because of perceived inflationary pressures with the European Central Bank (ECB).
The ECB is due to cut interest rates for the seventh time...",https://www.theguardian.com/business/live/2025/apr/17/sainsburys-profits-us-federal-reserve-fed-inflation-donald-trump-tariffs-european-central-bank-ecb-interest-rates-euro-ftse-100-business-live,Left
0,Trump announces $600 million in new deals with five law firms,"President Trump announced a series of agreements with five major law firms Friday, signing deals for some $600 million in pro bono work as the Trump administration continues its pressure campaign on the legal profession.
Kirkland & Ellis, Allen Overy Shearman Sterling, Simpson Thacher & Bartlett, and Latham & Watkins all agreed to perform $125 million each in pro bono legal work — the highest figure seen yet in any of the agreements brokered by Trump with various legal firms.",https://thehill.com/homenews/administration/5244876-trump-signs-deals-law-firms/,Center
1,"Palestinian-American billionaire quits Harvard post after lawsuit claims he helped build Hamas terror tunnels, rocket launch sites","A billionaire Palestinian-American developer accused by Oct. 7 victims’ families of “aiding and abetting” Hamas has resigned from his position on the dean’s council at Harvard University’s Kennedy School of Government, The Post can reveal, with the school acknowledging the civil complaint “raises serious allegations.”
Bashar Masri stepped down from his post at the Ivy League university days after nearly 200 family members of victims of the deadly attack in Israel sued him in Washington, DC, federal court for allegedly aiding the construction of tunnels and rocket launchers at Gaza-based properties.",https://nypost.com/2025/04/10/us-news/palestinian-american-billionaire-quits-harvard-post-after-lawsuit-claims-he-helped-build-hamas-terror-tunnels-rocket-launch-sites/,Lean Right
2,'Nothing has been done': Judge slams DOJ in case of wrongly deported man,"The federal judge overseeing the case of Kilmar Armando Abrego Garcia, the Maryland man who was deported to El Salvador in error, slammed the government's handling of the case Friday and ordered the Justice Department to provide her with ""daily updates"" on its efforts to bring him back.
""From now until compliance, [I am] going to require daily statuses, daily updates,"" U.S. District Judge Paula Xinis said at a hearing in Maryland on Friday. ""We're going to make a record of what, if anything, the government is doing or not doing.""",https://abcnews.go.com/US/after-supreme-court-ruling-judge-sets-hearing-maryland/story?id=120703441&cid=social_twitter_abcn,Lean Left
3,"Consumer sentiment plunges 11% in April, fourth straight month of decline"," A University of Michigan of Michigan survey Friday found consumer sentiment plunged 11% in April for the fourth straight month of decline.
The Friday report showed that the index of consumer sentiment fell to 50.8, worse than the Dow Jones consensus estimate of 54.6.",https://www.upi.com/Top_News/US/2025/04/11/consumer-sentiment-plunges-April-Hsu/6161744384258/,Center
4,"US Base Commander Goes Rogue, Separates Base from Civilian Control of Military Under Trump","Remember when Space Force was the punching bag of liberals from coast to coast? Wait and see just how many paeans to the brave men and women of the military branch established during the first Donald Trump administration the left launches in the next few weeks after a military commander with the branch effectively tried to take a Space Force base out of the hands of the second Trump administration.
According to military outlet Stars and Stripes, Col. Susan Meyers has been relieved of her command of the 821st Space Base Group at the Pituffik...",https://www.westernjournal.com/us-base-commander-goes-rogue-separates-base-civilian-control-military-trump/,Right
5,Is the 2030 Census projected to leave historically blue states with fewer congressional seats?,"Yes. Current population forecasts indicate that states like New York and California, which tend to elect Democrats, may lose congressional seats following apportionment, a process that redistributes the country’s 435 congressional districts every 10 years.  AllSides highlights content from Gigafact, a network of newsrooms that respond to online claims. View the full fact brief on Arizona Center for Investigative Reporting.",https://gigafact.org/fact-briefs/is-2030-census-projected-to-leave-historically-blue-states-with-fewer-congressional-seats-yes/?utm_source=allsides&utm_id=112,Center
6,Finger-biting liquor thief in Kansas still on the run: Police,"Police in Kansas continue to search for the man who tore off the tip of a person’s finger with his teeth before getting away.
Police said it started when that suspect stole a bottle of alcohol from a bar near 7th and Massachusetts Street in Lawrence. The suspect allegedly stole Fireball from Logie’s on Mass Street, then took off running down Mass St., where he randomly attacked a man and bit off the tip of his pinky finger.
“That’s crazy,” Ethan Dorning said...",https://www.newsnationnow.com/crime/finger-biting-liquor-thief-kansas/,Center
7,Federal judge sides with Trump on immigration enforcement in houses of worship,"A federal judge on Friday, April 11, sided with the Trump administration in allowing immigration agents to conduct enforcement operations at houses of worship despite a lawsuit filed by religious groups over the new policy.
U.S. District Judge Dabney Friedrich in Washington refused to grant a preliminary injunction to the plaintiffs, more than two dozen Christian and Jewish groups representing millions of Americans.
She found that only a handful of immigration enforcement actions have been conducted in or around churches or other houses of worship and that the evidence doesn't...",https://www.ncronline.org/news/federal-judge-sides-trump-immigration-enforcement-houses-worship,Right
8,"Kilmar Abrego Garcia was mistakenly deported. In a tense hearing, DOJ wouldn’t say where he is. What happens next?","Less than a day after the Supreme Court said the Trump administration had to “facilitate” the return of a man mistakenly deported to El Salvador, the case appeared headed for even murkier waters.
During a tense hearing before US District Judge Paula Xinis on Friday afternoon, Justice Department attorney Drew Ensign repeatedly stonewalled the judge as she sought to nail down details about the steps the administration is taking to secure the return of Kilmar Armando Abrego Garcia, at one point even admitting he had no information to provide on...",https://www.cnn.com/2025/04/11/politics/kilmar-abrego-garcia-hearing/index.html,Lean Left
9,Pentagon fires Greenland US base commander who 'undermined' JD Vance after Pituffik visit,"The Pentagon fired the commander at the U.S. Space Force base in Greenland after she distanced herself from Vice President JD Vance, who recently visited the headquarters. 
After the vice president’s visit, Col. Susannah Meyers emailed base personnel on March 31, writing, ""I do not presume to understand current politics, but what I do know is the concerns of the U.S. administration discussed by Vice President Vance on Friday are not reflective of Pituffik Space Base.""
She added that she had ""spent the weekend thinking about Friday's visit — the actions taken, the words...",https://www.foxnews.com/politics/pentagon-fires-greenland-us-base-commander-who-undermined-jd-vance-after-pituffik-visit,Right
10,White House orders NIH to research trans 'regret' and 'detransition',"The Trump administration has ordered the National Institutes of Health to study the physical and mental health effects of undergoing gender transition, according to an internal NIH memo obtained by NPR.
The directive was shared with NPR by two current NIH staffers who did not want to be identified for fear of retribution. It is from acting NIH Director Mark Memoli, and says the NIH must study the impact of ""social transition and/or chemical and surgical mutilation"" among children who transition. Specifically, the White House wants the NIH to study...",https://www.npr.org/sections/shots-health-news/2025/04/10/nx-s1-5355126/trump-nih-trans-regret-detransition-research,Lean Left
11,US-China tariff battle fuels questions about Trump’s endgame,"President Trump’s escalating tariff battle with China is rattling the global economy and raising questions about how the standoff will end.  
Trump this week announced a 90-day pause on his sweeping tariffs against dozens of countries, but he bumped up import taxes on China to a staggering 145 percent total. China hit back by upping its own tariffs to 125 percent on Friday, raising the stakes as the hikes roil global markets.  
Trump has insisted that China “wants to make a deal” but doesn’t “know how quite to go about it,” while leaders in Beijing have...",https://thehill.com/homenews/administration/5245475-trump-tariff-battle-china/,Center
