Title,cleaned_text,Bias
"Marketers lost billions to NNPC, Dangote’s fuel price reduction – PETROAN pushes for 6-month stability plan",petroleum product retail outlet owner associ said petrol market lost billion due downward review fuel price nigerian nation petroleum compani limit dangot refineri petroan spokesman joseph obel disclos monday comment need healthi competit price stabil within nigeria petroleum downstream sector recal last week monday nnpc drop retail petrol price n n per litr n n lago abuja respect nnpc petrol price drop follow dangot refineri retail fuel price reduct n n per litr across retail partner develop spark fresh price war nnpcl dangot refineri react fluctuat price instabl petroan recommend sixmonth price stabil mechan petroan firmli commit petroleum industri stakehold forum stand firm advoc healthi competit full liberalis price stabil downstream sector urgent urg nmdpra quickli swing action ensur fair price believ work togeth industri stakehold govern consum creat vibrant competit market benefit everyon averag citizen sudden spike fuel price lead financi strain uncertainti associ stress sudden downward review price result massiv loss affect count loss billion naira situat pose signific fear invest sector investor wari unpredict market condit moreov threat price fluctuat affect busi boom sector definit lead retrench farreach consequ includ job loss econom instabl address challeng petroan propos regulatori author establish mechan encourag price stabil least six month approach help reduc uncertainti risk associ invest sector ultim promot econom develop protect interest consum nigerian petroan back healthi competit fuel import also petroan back healthi competit within nigeria petroleum downstream sector accord petroan advoc multipl suppli sourc includ dangot refineri nnpc refineri modular refineri import foster competit downstream sector due consult key stakehold player petroleum sector petroleum product retail outlet owner associ nigeria petroan taken firm stanc promot healthi competit control price fluctuat downstream sector effect petroan advoc import prevent monopoli ensur local refineri thrive given signific econom benefit countri import healthi competit healthi competit essenti foster innov improv servic deliveri ensur consum access afford product competit thrive lead better choic consum ultim contribut econom growth petroan firmli believ competit downstream sector benefici necessari achiev petroan advoc multipl suppli sourc includ dangot refineri nnpc refineri modular refineri import divers rang sourc foster competit especi import allow comparison intern market price protect local market exploit advoc polici dismantl barrier entri new player promot fair practic among exist compani ensur singl entiti domin market detriment consum statement read recal nation bureau statist said petrol import surg percent n trillion impact local refineri dangot refineri httpsdailypostngdangoterefinerysuffersasnigeriaspetrolimportjumpstontn,Center
UEFA to make Champions League change as Arsenal clash with Real Madrid,uefa like make major rule chang ahead next season champion leagu season team leagu phase introduc revamp format saw side rank group rather separ one top eight club progress straight last next team face playoff spot next round current rule stipul team top eight guarante play second leg last match home howev rule appli get quarterfin semifin critic fact arsen play second leg clash real madrid bernabeu gunner finish third leagu tabl madrid end th accord daili mail uefa deliber whether chang next season claim grow belief cede second leg last match enough reward club star leagu phase,Center
"The Rohit Sharma conundrum: Eye on the prize, ear on the future",timesofindiacom dubai macha come five minut na harshit rana plead washington sundar join team player short game footvolley dubai intern stadium sundar offspinn laze around green sip coconut water mood becom replac virat kohli left team midway game join head coach gautam gambhir captain rohit sharma discuss near play squarego beyond boundari youtub channel subscrib nowth three stood made plan sunday nearli minut hand gestur rohit shadow bat kohli point differ area field suggest plenti plan made long light field drill took mean intens outing unforgiv sun entir bunch got feel afternoon brief team meet star sign wait fan everyon made way back team hotelth eve match howev wasnt brief affair captain vicecaptain shubman gill two didnt travel rest team stadium instead sweat intern cricket council icc academi morn hour bat coach sitanshu kotak assist coach abhishek nayar throwdown specialist compani open train around hour join rest team even rumour mill work overtim futur india captain rohit eye prize icc odi titlether lot purpos movement discuss practic session march unfinish busi men blue part novemb heartbreak vs australia march fixtur new zealand champion trophi present opportun age superstar last leg respect career add icc winner medal cabinet eye present ear firmli plant futur toomoham shami ravindra jadeja kohli rohit get younger could well last time quartet featur togeth icc odi tournament next world cup still coupl year away sound like stretch stagekohli rohit jadeja announc retir ti world cup win could decis announc store champion trophi conclud sunday india make roadmap world cup start immedi champion trophi tough call need taken time initi transit odi ideal could well depend outcom champion trophi final vicecaptain gill whose elev step transit direct assert discuss chang room final clash vs black cap remain centr attent stageno sir till discuss win match win champion trophi spoken team decis dont think rohit think say gill prematch press conferencewillhewonth repeat statement sinc multin tournament got underway dubai chatter grew louder eve titl clash extra attent movement routin saturday captain eye firmli lock prize icc champion trophi,Lean Right
"5 Sixers thoughts: Key veterans set for workload reductions, young players emerging and more",today monday mean anoth edit sixer thought order fresh batch sixer storylin observ worth keep mind month left regular season nick nurs say key veteran minut monitor nurs known aggress best player workload even becam head coach sixer team season devolv acknowledg sunday win utah jazz would look monitor minut key veteran move forward ensur overwork guerschon yabusel seem player nurs intent provid relief nurs yabusel talk yearold ga occas dealt injuri sinc allstar break yabusel start half sunday game never return game brief stint nurs said game plan necessarili yabusel play minut strong indic someon nurs feel need play ton next month chang anoth player appear understand role scale back move forward kelli oubr jr lead sixer total minut season one core piec team bring consist admir energi floor night night oubr minut scale back bit first half sunday never return game first five half minut action third quarter nurs also threw quentin grime basket though yearold less mileag possibl data uncov sixer would sure look much knowledg grime handl onbal duti everyth come get set make push keep around longterm restrict free agenc summer dive grime emerg scorer ballhandl sixer kyle lowri feel lot better could make return sunday mark one month sinc lowri last appear due right hip injuri manag issu hip held signific portion season lowri turn year old march three separ extend absenc season stem right hip ailment becom lost season sixer seem farfetch futur hall fame candid would return game end season particularli nurs aforement comment howev nurs provid optimist updat lowri sunday game talk liter five minut ago nurs said said he feel lot better wont play tonight tomorrow well look check complet homeroad backtoback monday atlanta sixer head toronto game wednesday night obviou reason would probabl signific mean lowri play raptor contest especi futur beyond season still determin adem bona shine win jazz bona best game short nba career far sunday minut bench rooki secondround pick total point rebound eight offens board five block two steal far away encourag statist line though two person foul never doubt bona collect swat shot make highlight play short burst gargantuan foul rate prevent play extend stretch ideal bona game energet shotblock rimrun everyth clear vision possibl backup center futur nurs extrem high prais bona postgam press confer realli super good version tonight think he bounci run kind settl game right start he good nurs said everi seem get go littl fast track ball night thought block guy shot help teammat well good glass seven offens rebound realli probabl around anoth seven realli put pressur rim love rim protect think seem like five block seem like eight nine nurs prais bona continu protect rim guy saw got switch onto guard lot great job know player guard press give three send next helpsid guy whatev nurs said good job went chase behind he know super athlet see facet he got quick jump abil use tonight bona take ownership sixer basketbal onboard process jare butler find rhythm extend run vs utah like bona butler play game absolut optim version player entail athlet feat domin bona butler mean play classic tradit game point guard addit connect three help break shoot slump butler began master driveandkick game give teammat ampl opportun score playmak great nurs said realli play part pickandrol hit roll guy swing weak side open shot get slot guy open shot mean realli realli look good pickand roll player tonight thought gave us ton catchandshoot opportun stuff rim strong final monthplu butler chanc earn spot next year sixer team potenti even challeng backend rotat role sixer made rare move trade twoway player acquir butler washington wizard last month convert standard deal shortli thereaft primarili old school skillset floor gener alex rees talk evolut learn two new team rees stretch four ink twoway deal sixer last month got first true rotat minut team sunday yearold alabama product acquaint nice score six point shoot grab nine rebound collect three steal minut minut us he play hard he effect nurs said game he realli tough rebound goe rebound he snatch kind command ball obvious he afraid shoot perimet game rees spoke phillyvoic evolut belowaverag threepoint shooter colleg one prolif sniper g leagu acclim process sinc join organ rees adjust period gotten use two new locker room coach staff team environ sixer delawar blue coat good place delawar team welcom theyv taught lot far point right direct dont know know either court court go stuff like im enjoy grate rees extend talk nurs need earn minut sixer havent realli indepth convers want know need knock shot get game play role play good defens help best rees process led massiv breakout shooter rees made percent longrang tri g leagu season nine attempt per game tuscaloosa coach nate oat gave freedom shoot whenev open take good shot sometim question shot think work differencemak work back home took year get much work peopl alabama hoop agent got good situat summertim take lot work kj martin talk trade reflect time philadelphia follow adam twitter sixersadam follow phillyvoic twitter thephillyvoic,Lean Left
The Week contest: Soundproof web,subscrib save less per week view profil explain talk point week recommend newslett magazin week junior food drink person financ categori newslett sign puzzl quizz week contest soundproof web newslett sign imag credit markbreck getti imag week us april week question research discov funnelweb spider busi urban area weav soundproof web allow eat prey peac compani manufactur scaledup funnel web nois phobic human name give product click see result last week contest marriag pound enter submiss email contesttheweekcom pleas includ name address daytim telephon number verif week pleas type soundproof web subject line entri due noon eastern time tuesday april winner appear puzzl page april issu theweekcomcontest april case ident similar entri first one receiv get credit entri becom properti week subscrib week escap echo chamber get fact behind news plu analysi multipl perspect subscrib save sign week free newslett morn news brief weekli good news newslett get best week deliv directli inbox morn news brief weekli good news newslett get best week deliv directli inbox winner get oneyear subscript week sign today best articl inbox free daili email biggest news stori day best featur theweekcom contact news offer futur brandsrec email us behalf trust partner sponsorsbi submit inform agre term condit privaci polici age week us social link navig dream home chef kitchen featur hous two kitchen island utah kitchen stove nook new york byth week us publish april dvt know blood clot plagu nba player explain multipl player diagnos deep vein thrombosi past month bytheara coleman week us publish april elon musk doge job come end today big question plummet popular sting elector defeat tesla shrink market share could pull tech billionair trump presidenti orbit byrafi schwartz week us publish april might also like quiz week march pay attent week news byth week staff publish march magazin solut april puzzl quizz issu april byth week staff publish march magazin printabl april puzzl quizz issu april byth week staff publish march week contest marriag pound puzzl quizz byth week us last updat april quiz week march pay attent week news byth week staff publish march week contest bird battl puzzl quizz byth week us publish march magazin solut march issu march byth week us publish march magazin printabl march issu march byth week us publish march view contact futur expert term condit privaci polici cooki polici advertis us week part futur us inc intern media group lead digit publish visit corpor site futur us inc full th floor west nd street,Lean Left
Top Democrats ask Rubio for answers on now-cancelled $400 million Tesla plan,two top congression democrat foreign polici matter press secretari state marco rubio friday nowcancel effort purchas million worth armor electr vehicl made tesla letter cite recent report trump administr move acquir million tesla us rep gregori meek new york rank member hous committe foreign relat jare moskowitz florida who top democrat committe oversight subcommitte said plan repres seriou violat feder procur law would unlaw enrich mr musk billionair tech mogul serv top offici white hous earlier week democrat sen richard blumenth connecticut also wrote rubio letter demand detail plan purchas tesla last month state depart spokesperson told million figur estim plan move forward purchas spokesperson said plan begin studi viabil use tesla armor vehicl first start biden administr document biden white hous obtain show state depart plan spend electr vehicl acquisit less million estim expenditur first show spreadsheet expect state depart contract report first circul spreadsheet item state offici edit document say award armor electr vehicl armor tesla lawmak home letter rubio friday rais seriou question whether depart scrub document remov refer tesla also may backdat publicli avail document give fals impress everi element procur plan includ million valu origin prior administr wrote democrat congressmen state depart musk return request comment lawmak ask rubio state depart offici intent chang electr vehicl purchas amount million oversaw chang proof contract definit abandon biden administr document obtain appear show push govern buy million tesla start trump exactli put item spreadsheet whose direct remain unclear,Lean Left
Report: Former Eagles WR Parris Campbell agrees to terms with the Cowboys,accord report espn former philadelphia eagl wide receiv parri campbel sign oneyear contract dalla cowboy campbel eagl roster season finish catch yard td receiv stat playoff though team trust activ playoff gameday roster rooki ainia smith campbel yearbyyear stat campbel blaze nfl combin fast player oddli low yard per catch averag career last two season almost imposs low yard per catch recept cowboy reportedli interest cooper kupp ultim sign seahawk campbel probabl wont excit fan base consol prize pretti safe bet campbel get contract lucr enough qualifi toward comp pick formula follow jimmi phillyvoic twitter jimmykempski thephillyvoic like us facebook phillyvoic sport add jimmi rss feed feed reader,Lean Left
Report: Eagles CB Isaiah Rodgers agrees to terms with the Minnesota Vikings,accord report espn philadelphia eagl cb isaiah rodger agre term minnesota vike twoyear deal worth million june rodger suspend entireti season violat nfl polici gambl subsequ releas colt good reason pure stash move eagl sign rodger august reinstat nfl april look good eagl spring practic beaten start job train camp quinyon mitchel realli mitchel realli good otherwis rodger perhap could capabl cb team primari backup outsid corner appear game three start play snap regular defens regular season playoff finish tackl forc fumbl four pass breakup also forc action playoff mitchel got hurt ram four playoff game six tackl fumbl recoveri return yard three pass breakup also averag yard per return kick return long return yard rodger slot corner size mainli play outsid colt eagl speed run wide receiv nfl eagl reportedli intend releas veteran cb dariu slay though there still chanc slay could return team eagl lose rodger slay kele ringo would inhous favorit land cb job play outsid alongsid mitchel cooper dejean follow jimmi phillyvoic twitter jimmykempski thephillyvoic like us facebook phillyvoic sport add jimmi rss feed feed reader,Lean Left
Police rescue 2 kidnapped FULafia students,nasarawa state polic command confirm personnel rescu two student feder univers lafia fulafia abduct resid dailypost report night decemb gunmen invad offcampu student accommod gandu commun hub hous student near univers initi report indic approxim student kidnap attack follow abduct student organis protest demand uncondit releas peer call enhanc secur measur around univers environ statement polic public relat offic sp ramhan nansel kidnapp storm student lodg behind nasara estat tudun kauri lafia took student captiv follow commission polic shetima jauro moham order immedi action swiftli mobilis oper antikidnap unit track perpetr led rescu oper involv exchang gunfir kidnapp polic personnel result kidnapp abandon victim flee differ direct polic arrest suspect ibrahim musa abuni villag awe local govern area current assist ongo investig commend oper braveri commission jauro reassur resid polic command dedic combat crime urg offic remain vigil mission maintain secur across state decemb feder univers lafia fulafia nasarawa state experienc seri student abduct rais signific concern secur area,Center
What's Lost When the Human Drivers Are Gone?,follow michael calor blueski snackfight lauren good blueski laurengood aarian marshal blueski aarianmarshal write us uncannyvalleywiredcom listen alway listen week podcast audio player page want subscrib free get everi episod here your iphon ipad open app call podcast tap link also download app like overcast pocket cast search uncanni valley spotifi note autom transcript may contain error michael calor lauren would like introduc guest lauren good thought go old lauren mike lauren would happi introduc guest zoe today she around she busi excit welcom place aarian marshal aarian staff writer wire cover thing transport there lot go transport day aarian great aarian marshal great michael calor didnt fli airplan san francisco join us aarian marshal didnt fli airplan san francisco join that cond nast budget right lauren good live new york aarian marshal im month michael calor waymo new york citi aarian marshal waymo sort selfdriv car think new york citi kind final boss selfdriv car far away final boss mayb one day michael calor well that topic week that bring lot report lauren mention differ selfdriv car robotaxi driverless vehicl autonom vehicl lauren good plane train automobil ebik everyth wheel michael calor well excit today aarian go talk race flood street selfdriv car well consid pro con share road robotaxi talk compani deal peski safeti regul well also examin end game tech compani build selfdriv car well imagin futur look like driverless car becom fulli mainstream wire uncanni valley show peopl power influenc silicon valley im michael calor director consum tech cultur wire lauren good im lauren good im senior writer wire aarian marshal im aarian marshal im staff writer wire michael calor let put name board start lauren good cybertruck michael calor hope wont talk cybertruck whole lot week lauren good third show row think let skip one michael calor keep bring big player selfdriv car talk autonom vehicl big name name aarian marshal id say biggest name selfdriv car waymo googl sister compani fact use googl selfdriv car project think everyon know waymo lead right selfdriv car oper paid taxi servic paid driverless taxi servic phoenix san francisco lo angel month austin texa conjunct uber right actual get uber austin tri order selfdriv car big deal lauren good that time south southwest presum michael calor probabl aarian marshal exactli soon oper atlanta next year miami lot citi theyr oper michael calor lauren first waymo ride ever lauren good birthday michael calor yeah affirm lauren good oh realli first one michael calor first time ever rode one lauren good super fun took way cow hollow someth took hill realli experi feel careen hill san francisco put live hand michael calor absolut everywher dont live san francisco dont visit bay area often know ton waymo street youll get youll see one your like hey look there nobodi behind wheel car go road mile hour youll pull phone youll take pictur shoot video show friend within next five minut youll see anoth lauren good youll see drive side side road stuff almost like tesla model point michael calor ye certain part citi dont go dont go freeway yet lauren good go airport aarian might know go san francisco airport aarian marshal dont go san francisco airport yet test highway actual permiss state oper paid servic highway dont quit yet michael calor aarian experi waymo aarian marshal funni thing wire first hire cover selfdriv car didnt driver licens recent thought would ador someon couldnt drive write selfdriv car probabl bad idea first experi selfdriv car back cruis real scaredycat would break hard whenev saw someon sidewalk mayb look might cross street even middl street crosswalk kind unpleas experi rememb feel littl ill sinc ive taken lot realli impress ride waymo cruis countri think recent took ride arizona great except one interest experi drive next dog park dog run full tilt ball toward fenc dog park clearli car didnt realiz fenc dog park brake realli realli hard someon behind us probabl wouldv gotten rearend doesnt kind human intellig abl say oh dog dog park theyr go run ahead there fenc way theyr go scale fenc somehow get ball interest experi gener theyv pleasant recommend michael calor waymo love dont theyr everywher els talk aarian marshal player zoox actual own amazon test san francisco foster citi peninsula theyr test la vega seattl austin miami say theyr actual go launch paid servic final la vega later year purposebuilt littl mint green toaster look thing realli look differ car road wherea waymo oper real car actual steer wheel zoox look like noth youv ever seen road thatll cool happen big player id say tesla kind big question mark selfdriv tesla advanc driver assist featur call full selfdriv theyv full selfdriv doesnt actual selfdriv help peopl navig certain situat alway say despit brand keep eye road elon musk promis soon case say june theyr go launch total selfdriv robotaxi servic austin texa theyr also go california point year id say peopl skeptic timelin that elon said go happen lauren good im go ask question might kind dumb selfdriv vehicl roll major citi first suburb aarian marshal dumb question actual big controversi selfdriv car first start oper robotaxi there compani kind doesnt exist call cruis acquir gener motor oper robotaxi servic start san francisco theori want start know lot peopl take uber there high demand taxi servic there lot peopl lot densiti want tri hardest thing first want make sure deal crazi san francisco waymo differ strategi first launch phoenix arizona metro phoenix arizona bit suburban decid want kind slightli easier thing first clear road sign think point becom clear best busi case robotaxi go peopl need taxi peopl need taxi time that citi michael calor aarian compani use differ technolog find way around cityscap tell us littl bit differ theyr similar aarian marshal feel like theyr kind two big school thought tesla versu everyon els gener selfdriv car work place ton sensor car use sensor includ camera radar lidar car understand space addit selfdriv car compani creat detail highdefinit map place theyr go oper car also map help get around tesla doesnt think need havent done intens map weve seen compani big differenti dont think need lidar think creat selfdriv car mostli total camerabas system realli like idea cheaper lidar actual come lot price past decad still kind expens put everi car especi tesla vision everi tesla road right eventu becom selfdriv car sell everi tesla right lidar would realli lot expens think camera lauren good much singl waymo car cost jaguar right aarian marshal dont firm answer waymo someth talk publicli analysi bank call citizen jmp number crunch last year assum waymo cost hardwar year oper said base figur waymo would gener annual revenu per car san francisco specif that base jaguar said waymo also littl purpos built robotaxi come theyr actual test san francisco right chines compani call zeekr might chang number bit backtheenvelop math far lauren good that surpris wouldnt think theyr make money michael calor well cost take trip sometim lauren good dont tip aarian marshal say pretti robust revenu percar unit basi factor theyr pay peopl call center answer phone relat waymo infrastructur lobbi influenc regul differ citi state feder level sure either sure total math interest say make pretti robust revenu percar unit basi michael calor well thank overview let take quick break well come right back welcom back uncanni valley let talk go road recept like think start passeng peopl like robotaxi like ride ride like share road theyr drive car next one aarian marshal wire actual fun report summer chase robotaxi orneri talk uber driver crazi day end talk lot peopl get waymo thought kind best way us organ find waymo passeng lauren good clear group wire report hop regular car driven uber driver drive group around chase waymo aarian marshal correct ye also supplementari chase car logist someon hq watch everyon map realli amaz oper talk peopl come car peopl tend love id say one dynam interest san francisco least seem like lot tourist peopl would trip san francisco would show like oh god didnt know mani thing around talk peopl take part everyday live talk woman go get nail done big theme peopl like love im alon dont talk driver dont sort awkward interact make littl bit uncomfort driver someon kind worri technolog chang relationship peopl ive spent time think whether that good make feel littl bit yucki think lot peopl women particular realli bad experi taxi driver understand kind feel relief dont worri time ive lot sort love serendipit convers taxi driver uber driver would sad exist world doesnt happen say peopl love peopl love alon littl tube road that kind interest lauren good incid vandal happen seen peopl kind act around saw person carri jacket walk street waymo drive slowli turn corner person whip jacket waymo obvious noth express kind displeasur robot overtak street michael calor tri hurt stuff ive seen passeng road mostli sort civil disobedi peopl jump front waymo stop look sit car back seat somebodi jump look make face wag finger silli tri express displeasur chosen mode transport cours safe street activist realli fun thing would put traffic cone hood selfdriv car earli day compani figur peopl could would confus car would stop lauren good would stop michael calor would think someth hood would like oh cant move lauren good theyr smart theyr aarian marshal mike probabl know better us ive heard lot bicycl commut particular love drive next waymo drive predict way theyr polit bicycl theyr never go pull window spit curs someth human driver bike rider sometim said time mass peopl attack waymo one incid chinatown crowd set one fire there definit backlash citi sure would honestli expect continu realli disconcert peopl littl pokey driver frustrat sometim theyr aggress yellow light stuff like situat waymo cruis oper realli froze middl street someth still happen sometim freez disturb your traffic suddenli car front isnt move there kind noth driven robot human michael calor honk peopl honk lauren good noth happen michael calor endlessli amus lauren good there nobodi there driver respond way waymo like starbuck electr vehicl get one alway know your go get everi car smell drive pretti much exactli there sort dont know almost like dilut experi think starbuck dont think way drink starbuck great dont think place necessarili commun your necessarili humantohuman interact your get get that kind get waymo feel like rel get taxi michael calor bu matter lauren good right bu train michael calor im curiou citi govern respond citi welcom selfdriv car want come oper town push back set special rule aarian marshal realli depend citi someth autonom vehicl industri complain year year countri realli patchwork regul selfdriv car differ state state citi state preempt citi term regul think texa exampl kind like hotb autonom vehicl action right part reason citi dont power say texa basic said want come oper selfdriv car servic go ahead think great realli disturb citi govern citi resid say hey happen road live children famili would like input thing oper california exampl also rest power away citi san francisco particular doesnt actual power waymo zoox oper california robust multistep rollout process selfdriv car publish fair amount public data selfdriv car includ accid report someth goe releas publicli gener feel like selfdriv car compani gotten much savvier realli spend time engag citi leader law enforc includ polic fire depart make sure even dont give entiti specif inform kind go way make friend know go better friend citi hall lauren good coupl major incid selfdriv car one wire written extens aarian tell us aarian marshal first notori id say incid happen selfdriv car player longer selfdriv car uber gosh number year ago car hit woman cross highway ramp kill realli horribl situat later reveal technolog wasnt quit work way woman push bike foot bike number bag technolog wasnt abl tell ride bike move bike human wasnt abl break time wire great featur stori lauren smiley your interest incid person oper selfdriv car sort woman gone person would say realli contribut uber decis get selfdriv car game period dont develop technolog anymor theyr work waymo allow waymo deploy network first big terribl incid one someth happen octob compani call cruis own gener motor incid actual selfdriv car wasnt realli fault human driven car drive market street san francisco hit passeng foot threw woman path cruis also hit woman human hit person still larg hitandrun weve never figur hurt person serious injur came gosh month later realli upset regul california feder level turn cruis vehicl sort train pull side road get traffic didnt creat hazard middl road actual drag pedestrian feet still attach car wasnt reveal regul led cruis lose permit oper california never recov michael calor havent report incid yet waymo car right aarian marshal far waymo involv fatal crash involv crash hurt peopl noth that kill someon far mani peopl talk say inevit waymo involv kind crash realiti road system countri peopl die road respond happen michael calor someth alway end talk whenev hear incid selfdriv car harm human road cost human driver harm peopl road propon selfdriv car often argu selfdriv car harm mani fewer peopl human driver aggreg road therefor safer even horrif thing happen isnt right aarian marshal dont specif number front know sever studi note gener put compani show car get less seriou safeti incid humandriven car alway say robotaxi doesnt drink go fall asleep road that good news talk research look stuff clear simpli enough data know that case car lot trip theyr trip everi day simpli equal huge number trip see human driver take everi day mani million mile drive hard compar kind compar appl orang point lauren good aarian terribl stori mention case human driver somehow involv come human driver im wonder impact waymo rollout broader zoox rollout human driver make live drive taxi aarian marshal realli great question think someth that realli adequ answer ask uber ask waymo ask lyft tell that go happen realli long time futur next decad look like robot work alongsid human driver alway say selfdriv car exampl new york citi go realli long time robot abl deal absolut banana road think itll long time happen would encourag peopl ask policymak think goe along sort technolog look contribut autom happen peopl job futur look like dont think realli know michael calor everi time climb uber ask driver feel selfdriv car road lauren good say michael calor answer wildli differ driver dont want talk theyr like whatev fine driver either enthusiast selfdriv car one say theyr good citizen road peopl like take peopl want alon allow alon that fine notic recent option uber app choos convers driver feel like your type person would rather alon car want take uber waymo oper citi choic feel like respons desir want talk peopl your car lauren good feel littl bit darker take waymo explicitli talk human michael calor super awkward lauren good tap someth app let person know who give lift michael calor dont talk lauren good dont talk realli michael calor your go reason respect lauren good fair enough michael calor well anyway let take anoth quick break well come right back aarian said far selfdriv car take road matter im curiou thought andor balanc go tip go wind citi place selfdriv car selfdriv vehicl road humandriven vehicl aarian marshal frankli kind idea say wouldnt surpris outsid unit state us peopl like drive feel import part ident person liberti wouldnt surpris see exampl somewher middl east wouldnt surpris see happen there central power govern kind say one day humandriven car anymor start soon go forth wouldnt shock think littl way away michael calor go happen bu aarian marshal great question michael calor love buse lauren good mean capit flow privat run compani take road actual mean there less fund go public transit michael calor also think peopl activ govern right unit state look amount money spend basic ineffici dirti difficult manag bu system think money could better put toward autom system aarian marshal also one obsess mike say weve sort seen idea trial quit work context uber driver weve seen citi govern say hey run bu system pain butt dont ondemand uber come pick peopl home take want go isnt effici wont save us money end citi tri run budget extrem quickli peopl realli pick home drop exactli want go effici one bodi case two bodi driver dont realli count car take x amount space road ton car flood one time theyr realli cheap there driver pay cost alreadi bake get ton traffic mean that weve seen uber weve seen citi brought uber uber lyft first came said hey go actual get rid traffic everyon go abl sell car turn wasnt way work peopl didnt sell car use uber lyft kind oneoff trip fact peopl bought car could drive uber lyft actual end traffic citi think that kind big fear lauren good one thing havent realli talk freight truck compani like uber make invest seem back away still compani think kodiak one texa pretti interest make autonom ship thing aarian stand aarian marshal still exist theyr work lot happen texa lack regul that happen theyr work peopl see great promis technolog test everywher california atlanta georgia mostli highway say feel lot riskier govern freak someth goe wrong waymo that travel street san francisco mile per hour freez realli annoy everyon end world someth goe wrong truck that carri pound good travel mile per hour highway could realli bad lot compani work fix see freight kind lifeblood mani place economi there huge upsid taken littl think notabl waymo exampl pull truck oper longer work truck clearli dont think worth michael calor well bring good point signific regulatori barrier selfdriv truck highway less signific regulatori barrier selfdriv car citi street im curiou big player far regul go know citi mostli oper independ your talk highway your talk differ regulatori bodi aarian marshal id say big thing watch right dont know youv heard guy call elon musk first buddi unit state right michael calor tell us lauren good he regular podcast aarian marshal elon musk said prior trump take offic realli want priorit autonom vehicl regul gener feder govern taken pretti slow handsoff approach regul there possibl could put sort regul would probabl pass law congress someth see lot late know could preempt rule go state dont think that slam dunk gener state depart motor vehicl regul state gener autonom vehicl regul dmv theyr kind cling power way that someth autonom vehicl industri realli want one rule everyon everyon go process doesnt matter your new york citi peoria omaha michael calor nice lauren keep eye space thing your look selfdriv car want see chang get better go away lauren good go away dont want go away think would like see realli smart predict economist cours alway right none us alway right actual mean labor market mean driver that first thing second thing highway drive think becom mainstream safe probabl one thing would make give car yet terrifi citi street idea go mile per hour selfdriv car fact littl terrifi seem like threshold keep eye michael calor thing keep think human leav hous call car take somewher person show car get car talk person interact person way mayb best interact mayb posit interact either way human rub littl bit likewis drive car like ride bike your road your share road human be gener mood foul mood hurri theyr drive realli fast pleasant interact unpleas interact long dont get hurt theyr harmless your interact human be human rub world your get car there human car world your go onto road mostli nonhuman car road feel like lose lot human interact reli keep us human keep us normal peopl know interact feel like would sort increas feel isol loneli lack commun lot thing caus lot problem societi dont human public space lauren good fact talk much think podcast gener mean human mean weve alreadi lost someth aarian keep eye term futur selfdriv aarian marshal stuff im realli interest term futur selfdriv pretti nerdi someth come lot talk research think car real opportun total chang way citi work better wors sort hell situat ride cheap everyon take selfdriv car everywher spend rest live trap endless gridlock sleep pee work littl pod like wall that horrifi prevent weve rent regul actual think selfdriv car present realli interest opportun realli think robustli want citi look like want street look like want street design thing go come chang everyth mayb make chang everyth better mayb place selfdriv car oper car allow citi everywher els peopl walk bike lot place peopl hang outsid theyr third place peopl feel comfort hang dont spend money think selfdriv car could realli interest catalyst lot great citi chang could also terribl im hope great scenario michael calor agre hope lead big beauti robust free public transit system everi major citi america aarian marshal amen michael calor thank listen uncanni valley youd like heard today make sure follow show rate podcast app choic youd like get touch us question comment show suggest write us uncannyvalleywiredcom want thank aarian marshal join us week zo schiffer back next week im told bring us cooki today show produc kyana moghadam amar lal macrosound mix episod matt gile fact check episod jordan bell execut produc kati drummond wire global editori director chri bannon head global audio,Lean Left
"Exclusive: 'Koi bhi situation mei bhejo, karke aaunga' - Shreyas Iyer",timesofindiacom dubai champion trophi winner medal around neck icon white blazer shreya iyer broke impromptu jig rest teammat assembl group pictur sukhbir popular song oh ho ho hard resist righthand ensur miss beat sublim footwork wasnt usual afrobeat number hear mera waala gaana loudspeak danc skill took soon becam buzz social mediago beyond boundari youtub channel subscrib nowth groov continu postmatch interview yearold celebr success campaign end india lead rungett run five inning hardfought run came tricki situat allow india control middl over passag play crucial sluggish surfac dubai one knock time remind class format also put doubt still restov past year low miss central contract lose spot test side shreya took chin respond indian premier leagu ipl titl kolkata knight rider consist run domest circuit mumbai across format hour biggest high career yet india open ct campaign confid game unfinish busi white edit excerptslast one year rollercoast lot thing happen central contract much nois respond one titl time ipl trophi domest success satisfi collect champion trophi white blazerextrem satisfi honest journey learnt lot phase life got contract play odi world cup reassess went wrong well need focu fit ask question prepar routin start focuss train also skill ad side side got continu match domest cricket figur import fit especi rais concern start year overal extrem happi way came way handl situat importantli believ myselfdid frustrat ever creep periodfrustr toh nahi tha play ipl major focu win ipl thank person felt didnt get recognit want win ipl end day long self integr keep right thing one watch import kept shreyasiy shreyasiy kkr teammat publicli appreci captainci decis pressur situat much evolv captain lead ipl mumbai domest competit leadership discuss indian team tooi would say instinct person see situat read situat base call shot believ lot gut call whatev first thought come mind take back import back teammat back call everi individu part team given day import back pressur situat make sure believ abil pattern set everyth els followsyour back troubl long time wasnt someth fix quick rehab flare play longest format chang make term routin physic exercis confid bodi undergo didi extrem happi train routin guy sagar work train creat schedul base activ field help lot term chang bodi train understand go work ipl well lot credit goe also convinc follow whatev say term fit work well shreyasiy shreyasiy spoke get recognit ipl titl india captain rohit sharma vocal prais term silent hero champion trophi campaign wasnt typic shreya contribut known big hand right earli day mention one chat final even big run didnt come happi contribut win caus throughout tournamentwhen talk recognit get respect respect whatev effort put field think sometim get unnot extrem satisfi effort put werent easi wicket bat wasnt easi take singl especi bowler bowl tight belief get two six chang momentum toward side luckili got crucial timesit tough job odi link top lowerord superstar team quietli come job often prepar difficult jobi dont come quietli laugh come full heart someth els go mind lot confid job koi bhi situat mai bhejo kark aauga mindset work confid come face reject failur best teacher also get know tough time lift one els shreyasiy shreyasiy difficult tough timeswhenev low phase life peopl messag pravin amr sir abhishek nayar sagar peopl support lot time alway keep normal everyth fine even nicer undergo low period appreci kind mental definit grow peopl around youdid champion trophi win feel sweeter play crucial role win tournament side lead rungett get difficult situationsnoth sweeter win trophi individu score secondari import team win peopl happi india mani peopl support us ground everywher win game feel good thebharatarmi thebharatarmi feel unfinish busi white jersey leadership ambitionsobvi want play much done well domest tournament let see happen dont want think much think mind tax basic get tire live moment maze karta hu enjoy think match come dont think much futur past help lot,Lean Right
"After 5 years, Kailash Mansarovar Yatra to resume in June this year",new delhi india china restart kailash mansarovar yatra june nearli five year move seen step toward restor bilater relat deterior follow eastern ladakh border conflictkailash manasarovar yatra organis ministri extern affair mea set take place june august mea announc saturdayth yatra held june august two rout lipulekh pass uttarakhand nathu la sikkim addedth pilgrimag mount kailash mansarovar lake situat china tibet autonom region carri deep religi import hindu jain buddhiststhi year five batch consist yatri batch consist yatri schedul travel uttarakhand state cross lipulekh pass sikkim state cross nathu la pass respect mea continuedth yatra first suspend due covid pandem later militari standoff india china along line actual control lac eastern ladakhth arm forc countri finalis troop withdraw demchok depsang friction point follow agreement reach octob last yearsubsequ prime minist narendra modi chines presid xi jinp conduct discuss kazan russia choos reinstat variou bilater dialogu channelsth modixi meet catalys sever bilater discuss recent month aim improv diplomat relationsearli januari foreign secretari vikram misri visit beij includ product talk chines counterpart sun weidongdur meet parti agre restart kailash mansarovar yatra implement specif peoplecentr step stabilis rebuild tiesth mea confirm applic submit via kmygovin ad pilgrim chosen fair computergener random genderbalanc select processsinc entir process commenc onlin applic till select yatri fulli computeris process therefor applic need send letter fax seek inform mea conclud readout,Lean Right
"Liquor bottles, threats and theft: Coimbatore trio arrested after video go viral; watch",coimbator kattoor polic coimbator citi arrest three youth sunday night drunken drive youth violat traffic rule travel scooter hold liquor bottl timesofindia timesofindia video went viral social media sunday even polic arrest nightth arrest youth identifi gowtham daili wage labour ezhil nagar vadamadurai susinthkumar l rajkumar nativ thanjavur polic said susinthkumar engag air condition servic stay mansion coimbator citi rajkumar also engag air condition servic stay gandhipuramthey travel secondlevel flyover connect feet road chinnasami road scooter saturday around pm hold liquor bottl hand also travel wrong way flyover motorist took video use mobil phone video went viral social media sunday rider scooter wear helmetr rajkumar ambika layout siddhapudur coimbator citi question trio saturday night involv reckless drive would creat fear among motorist one youth broke liquor bottl kept bottl abdomen rajkumar threaten give money otherwis would insert broken bottl rajkumar abdomen trio rob rs cash rajkumar threaten dire consequ trio manag escapeth victim lodg complaint polic sunday afternoon polic regist case trio section b bharatiya nyaya sanhita bn act section read motor vehicl act polic trace trio arrest polic also seiz motorcycl arrest youth remand judici custodi lodg coimbator central prison monday morn,Lean Right
How Donald Trump could benefit from Greenland’s general election,greenland hold gener elect march week presid donald trump reiter interest arctic territori trump renew invit greenland join unit state speech tone notabl softer previou pronounc subject elect come amid grow movement greenland independ denmark drive gain signific traction recent month potenti outcom elect hold consider weight victori proindepend parti could open door increas us influenc region greenland complic relationship denmark former coloni ruler strain recent revel histor mistreat howev trump interest purchas island spur denmark acceler effort mend fractur tie island futur relationship denmark potenti unit state hang balanc elect opinion poll show major greenland inhabit support independ divid time potenti impact live standard trump interest shaken statu quo greenland combin grow inuit pride led island resid view elect histor chanc free greenland danish influenc howev mani greenland warn act rashli fear greenland could becom wors expos unit state quickli seek independ denmark sinc politician island repeatedli said interest strengthen cooper trade unit state howev greenland prime minist mute eged step push independ stress island sale peopl decid futur greenland strateg locat resourc could benefit us lie along shortest rout europ north america vital us ballist missil warn system us express interest expand exist militari presenc island includ place radar monitor water island iceland britain gateway russian navi vessel nuclear submarin island whose capit nuuk closer new york danish capit copenhagen boast miner oil natur ga wealth develop slow ask comment white hous offici said greenland ampl suppli rare earth miner power next gener america economi far though greenland economi remain reliant fish account per cent export annual subsidi denmark cover roughli half public budget total denmark spend billion year greenland inhabit us militari maintain perman presenc pituffik air base greenland northwest agreement unit state denmark establish us right move around freeli construct militari base greenland long denmark greenland notifi histor denmark accommod us copenhagen capabl defend greenland us secur guarante denmark nato accord kristian soebi kristensen senior research copenhagen univers centr militari studi greenland mine sector seen limit us invest mine compani oper greenland mostli australian canadian british island former coloni denmark becam formal territori nordic kingdom subject danish constitut island grant broad selfgovern autonomi includ right declar independ denmark referendum law greenland parliament inatsisartut invok provis would denmark greenland begin negoti achiev full independ peopl greenland would need endors independ referendum independ agreement denmark andgreenland would also requir consent danish parliament accord ulrik pram gad senior research expert greenland idea buy greenland base misunderstand intern law principl selfdetermin give peopl right choos polit statu trump declin rule use militari econom mean gain control greenland vice presid jd vanc speak fox news dismiss use militari forc greenland becam independ could choos becom associ us without becom usterritori island could form socal free associ unit state would replac danish subsidi us support protect return militari right setup similar marshal island micronesia palau push greenland independ denmark greenland interest new coloni master opinion poll show greenland enjoy nordicstyl welfar model includ univers healthcar free educ would like want make sure dont becom wors econom hold independ referendum accord gad research trump offer buy island first presidenti term danish prime minist mett frederiksen reject idea call absurd ask trump renew interest januari frederiksen said denmark need cooper close us stress greenland determin futur,Lean Left
Crozer Health could shutter soon as owner files motion for 'expedited closure',crozer health appear pois closur owner ask bankruptci court approv plan shut system four delawar counti hospit forprofit parent compani prospect medic hold file emerg motion late thursday author expedit closur crozerchest medic center springfield hospit taylor hospit delawar counti memori hospit latter temporarili close sinc grant prospect medic would aim shutter health care hub friday march look ahead philli busi leader alloc million plan beautif secur project five crozer facil media medic plaza crozer health broomal surgeri center haverford crozer medic plaza brinton lake commun campu chester could close date compani claim court document tri fail identifi new sourc fund crozer health largest health care provid delawar counti oper pennsylvania hospit beyond march wrote would jeopard rest hold prospect medic also own health system connecticut rhode island california base compani file chapter bankruptci texa jan judg order prospect health pennsylvania attorney gener dave sunday foundat delawar counti meet harrisburg noon monday attempt resolv certain issu relat fund ongo oper hospit crozer health assur patient messag friday final decis made local lawmak alreadi accept closur done deal closur taylor hospit crozerchest medic center wasnt inevit direct result greed incompet prospect corrupt ownership group richard womack vice chair delawar counti council said statement offici account neighbor need work hard creat excel health depart build public health infrastructur serv commun support resid navig chang state rep tarik khan former nurs practition repres portion philadelphia montgomeri counti said video releas friday work bill state rep lisa borowski delco hold forprofit compani differ standard come own hospit delawar counti health depart encourag patient call well line updat case help connect servic depart also creat page follow bankruptci proceed onlin follow kristin phillyvoic twitter kristinhunt thephillyvoic like us facebook phillyvoic news tip let us know,Lean Left
"Aniket Verma's journey: Uncle's sacrifices, and Pandya's Maggi story",aniket verma childhood hero hardik pandyaaniket captiv hardik pandya strokeplay also intrigu backstori uncl amit verma narrat stori hardik brother krunal surviv maggi three year due financi constraint aniket must back read newspap told stori way academi amit told timesofindiacomth distanc verma rent accommod ankur cricket academi aniket train kilomet amit recal nephew kept ask hardik pandya journey struggl rise day saw spirit passion hunger want make big reach stadium touch feet said complain trivial thing laugh seriou saysgo beyond boundari youtub channel subscrib nowfast forward present aniket make wave ipl sixhit abil ball alreadi hit six sunday delhi capit team smash ball stud five four six six lucknow super giant clobber ball five maximum sampl size small spin effect sunris teammat heinrich klaasen pick length earli muscl ball boundari rope earli life ipl ipl aniket lost mother three year later father remarri forc grandmoth parvati verma move bhopal alongsid amit move bhopal finish school late father railway mother receiv pension took care anni aniket nicknam sinc call mummi aniket also pick call tough manag recount amithttpswwwyoutubecomwatchvqgaleblswhen aniket turn eight amit cricket enthusiast took nand jeet singh coach railway youth sport club bhopal impress young aniket handey coordin awar financi situat nand jeet waiv fee aniket train two year nand jeet sent jyoti prakash tyagi uniqu kid call join squad gave bless famili stay one flat year seen grow statur say singhfor chachu love ipl start timesofindiacom reach aniket interview first respons brother havent achiev anyth yet im even regular mp interview ipl season persuas youngster repli talk uncl tell better life revolv around meamit return bhopal travel aniket first three match becam emot unwrap gift aniket gave aniket ask open reach home brand shoe messag world best chachumi first job automobil showroom salari rs play torn shoe immedi took shop bought sport shoe cost rs never worn someth expens life would done anyth slept new shoe day laugh amit work privat compani earn rs per montha natur chakrigoud chakrigoud aniket coach jyoti prakash tyagi say ward alway natur play aggress intent feel yearold still raw need work certain areasther question work ethic seen dont think plan b c one nail plan precis never stop play aggress cricket cricket chang strength go aerial take bowler curb aggress strength say tyagii still feel need learn finish game must develop tempera want play countri learn experi next game would like take team home intent remain say sunris sunris aniket scout sunris hyderabad madhya pradesh premier leagu play bhopal leopard amass run six inning hit stagger sixesw moon hit six fun mpl never thought would ipl said amit laugh,Lean Right
How indie movie theaters have mounted a post-pandemic comeback in Philly,bryn mawr film institut readi parti door open five year ago today main line nonprofit th birthday order hundr cupcak occas star dope thief found dark humor appletv seri best candl new hope cruel twist would memor birthday wrong reason march last day theater welcom custom door rest year later afternoon gov tom wolf issu advisori discourag peopl visit movi theater stop spread covid bmfi philadelphia film societi landmark theatr regal amc coloni theatr phoenixvil shutter matter day wouldnt fulli return normal oper vaccin coronaviru roll mass industri expert casual movi fan specul futur movi theater ever sinc domest box offic plung billion billion exhibitor claw back signific chunk chang still havent return prepandem haul total billion slight dip billion gener expert attribut declin backtoback writer guild america screen actor guild strike stall product releas numer film philli region independ movi theater admit new releas revenu isnt use theyr see unpreced growth area bmfi attend repertori screen higher enrol educ program coloni theatr likewis seen bigger appetit older classic movi respond regular seri like art hous cinema sunday philadelphia film societi drastic expand secondrun program sinc onset covid said membership reach alltim high nearli peopl mileston hadnt hit pandem peopl run compani enthusiast optimist futur took five year get movi theater surviv film programm cast mind back march tend tell stori thought wed gone week turn much longer covid rate climb philadelphia region independ movi theater start think longterm solut without physic space screen film turn virtual platform moviego would pay fee screen movi mostli smaller distributor theater ondemand portal staff would set theater apart bonu featur like commun view option record introduct coloni theatr let peopl run wild latter assign one point volunt float head said bob trate director program coloni theatr scifi movi float talk head insid tv box went graveyard shot open night live dead someth keep us entertain give us littl extra thing pf capit latesumm weather open drivein theater navi yard august popup remain open jan return brief paus coldest winter month setup allow group host annual film festiv safe fall pf plan anoth outdoor event cira green accommod oscar parti two cool thing even pandem didnt skip annual event said andrew greenblatt ceo execut director pf continu break run realli excit remot outdoor view option stretch far pf bmfi coloni theatr receiv variou govern assist sustain initi wave covid three obtain fund shutter venu oper grant program provid million close busi pf coloni theatr also took paycheck protect program loan infus carri theater loss along way staff temporarili furlough other never return landlord pf roxi took properti back shutter theater process better day horizon thank part barbenheim postpandem comeback social distanc requir linger avers crowd made return movi theater bit bumpi coloni theatr came back earlier peer reopen reduc capac juli shut decemb reopen januari bmfi began offer privat rental februari open wider crowd april pf welcom audienc philadelphia film center memori day launch new locat pf bours june staff theater rememb light crowd slow busi hard even feel good brief sign life trate recal unnerv feel surprisingli big crowd pack coloni largest theater doubl show fog creepshow may hadnt seen peopl audienc mani month greenblatt felt pf kind back least enough remov proof vaccin reduc seat requir cultur juggernaut turn point mani barbenheim said gina izzo director market membership bmfi swear god box offic barbi oppenheim strong felt like prepandem age peopl show backtoback doubl featur convers sellout main attract whole theater sold max capac know staff coloni theatr didnt need crunch number know barbenheim doubl featur hit could see pink crowd cross build see oppenheim somber blackclad moviego walk barbi barbi number one film weve shown five year trate said one touch attend imposs peopl came see barbi greenblatt credit barbi bring audienc organ newest theater pf east open late former amc branch prime big blockbust acquisit also brought total number pf theater three exceed locat oper start covid pandem film societi still maintain nine screen center citi place ahead competit neighborhood amc fashion district multiplex good omen thing come new normal five year covid upend industri indi movi theater new outlook audienc want one biggest chang age moviego arthous independ theater tradit buoy older audienc greenblatt note peer notic uptick young custom trend born nation data show gen z women see least one movi theater year gen z men older audienc member convers never return prepandem habit peopl mayb isnt life feel good izzo said everybodi chang yeah lose peopl wed love see back also lot new folk come discov bmfi newcom recept edgier program izzo said also bmfi educ program class free virtual earli pandem day give peopl chanc sampl offer inperson cours includ oneoff seminar heather monthslong discuss film histori sell quickli week actual begin offer help offset firstrun main attract izzo said still prepandem level coloni theatr also seen level attend new releas film accord jennif carlson execut director nonprofit report visitor per year prepandem time averag dip attribut partial depress interest new movi coloni also embrac classic focus attent trate call comfort food movi like casablanca rocki he also seen interest millimet print laserdisc format offer brag right film buff experienti offer like edibl cinema pair movi themat snack ie box bon bon chocolat anoth attract pf shift program philadelphia film center home biggest screen center citi almost exclus repertori fare aftermath pandem decis greenblatt aim give citi answer new york film forum chicago music box theatr great consist repertori theater philli miss also main hub pfss annual film festiv saw increas badg ticket sale doubl secondrun film nich print educ independ cinema oper believ offer audienc someth even better theyll find multiplex stream home googl mona lisa enough one would go louvr izzo said way appreci watch art movi find cool fun enrich entertain follow kristin phillyvoic twitter kristinhunt thephillyvoic like us facebook phillyvoic news tip let us know,Lean Left
BYOB trolley tour traces the path of Philly's most notorious Prohibition mobsters,learn kingpin ran philadelphia illeg liquor trade prohibit new byob trolley tour philli mob tour offer histori cours organ crime emphasi speakeasi bootleg oper prolifer citi trolley stop clarenc b moor hous franklin mortgag invest compani center citi properti oper mobster max boo boo hoff former proprietor benjamin franklin hotel continent hous bust sell liquor passeng hear stori trolley arriv hotel sansom street eventu tour travel south italian market numer turf war rage hoff rival piu lanzetti fatal shot luncheonett eighth fitzwat street john avena aka big nose john also die area year bodyguard kill drivebi attack found footstep compani behind tour hope continu journey crimin underworld sequel plan host tour philadelphia mobster like angelo bruno later date philli mob tour depart craft hall n delawar ave thursday friday saturday end march date alreadi sold ticket start philli mob tour saturday march variou time n delawar ave philadelphia follow kristin phillyvoic twitter kristinhunt thephillyvoic like us facebook phillyvoic news tip let us know,Lean Left
Eagles stay or go: Safety,last week weve take positionbyposit look player like back philadelphia eagl one like wont today well continu safeti regard poll vote think eagl necessarili think pleas think approv poll player cj gardnerjohnson eagl miss gardnerjohnson left eagl free agenc go play detroit season eagl deplet time safeti slot corner gardnerjohnson play posit eagl high level swagger confid eagl defens also miss time rejoin team cjgj help bring attitud tough back defens also playmak eagl two season philli finish regular season six intercept tie thirdmost nfl also int season eagl tie leagu lead jimmyverdict cjcg contract he go anywher stay want cj gardnerjohnson back eagl roster reed blankenship blankenship season near midpoint season led nfl safeti pass breakup sure tackler typic take good angl footbal prevent good offens play becom disast howev like mani teammat side ball struggl stretch team collaps eagleseagl stay go cornerbackthre free agent make sens eagl version eagl stay go lineback blankenship good season start finish like gardnerjohnson also playmak four int tie tenthmost nfl week lead super bowl gardnerjohnson blankenship said best safeti duo nfl might littl lofti stretch say theyr least top jimmyverdict blankenship one year left contract make strong candid earli extens unlik cam jurgen side ball stay want reed blankenship back eagl roster sydney brown brown tore acl regular season final giant miss entireti train camp last summer well first four game season brown core special teamer rooki play snap regular defens despit team suffer quit injuri safeti oddli buri depth chart earli season behind bandaid like justin evan terrel edmund play snap first three week season miss next three game hamstr injuri got extend action game later season typic posit slot corner fill avont maddox bradley robi guy like mario goodrich josiah scott prove ineffect brown oddli behind tristin mccollum depth chart entireti season play snap regular defens half came eagl meaningless regular season final giant brown good gunner gener intens special team player notabl moment season came cowboy got mele sever cowboy player brown eject game left loud ovat linc brown ideal athlet measur seem love play footbal whatev reason two consecut defens staff oddbal player higher safeti peck order jimmyverdict healthi brown chanc elev role eagl defens though start spot spoken stay want sydney brown back eagl roster tristin mccollum mccollum made eagl man roster train camp understand rd guy first safeti bench play snap regular defens finish season tackl pass breakup gardnerjohnson eject say someth mean command receiv week loss mccollum enter game struggl jimmyverdict eagl addit lewi cine late season view mccollum threat roster spot he contract back camp earn way onto roster want tristin mccollum back eagl roster cine vike firstround pick nd overal suffer compound fractur leg week rooki season miss rest season play sparingli releas vike follow train camp cine spent bill practic squad eagl poach late season cine appear nfl game three season play career snap regular defens special team snap career tackl like mani eagl player defens side ball cine former georgia bulldog join jalen carter jordan davi nolan smith nakob dean kele ringo georgia nation championship team colleg highlight reel cine good length good athlet trait come colleg includ time cine didnt play eagl playoff run eagl obvious felt potenti worthi spot man roster get closer look practic rest season next offseason jimmyverdict cine back camp guarante make roster want lewi cine back eagl roster jame bradberri eagl select cornerback first two pick draft caus bradberri request move safeti show defens staff enough train camp make team howev reveal locker room cleanout day tore achil shortli final cut end season bradberri wasnt often seen media season around willingli gave guidanc eagl young cornerback behind scene hell leav philadelphia super bowl ring bradberri releas june design hell count dead money spread two year cap number schedul eagl carri number june theyll get roughli million relief june cap number goe jimmyverdict there still chanc dariu slay could resign eagl cheaper deal team releas hope bradberri back go want jame bradberri back eagl roster jimmyverdict stay go result green stay blue back camp man roster spot given follow jimmi phillyvoic twitter jimmykempski thephillyvoic like us facebook phillyvoic sport add jimmi rss feed feed reader,Lean Left
No. 3 UH volleyball sweeps No. 12 Ball State,swipe click see georg f lee gleestaradvertisercomhawaii warrior justin todd put block ball ball state cardin vani buckholz ncaa men volleybal match thursday simplifi arena stan sheriff center swipe click see georg f lee gleestaradvertisercomhawaii warrior tread rosenth left justin todd loui sakanoko block ball state cardin raj alleyn ncaa men volleybal match thursday simplifi arena stan sheriff center swipe click see georg f lee gleestaradvertisercomhawaii warrior justin todd hit ball ball state cardin vani buckholz ncaa men volleybal match thursday simplifi arena stan sheriff center swipe click see georg f lee gleestaradvertisercomhawaii warrior kurt nuster net ball state cardin braydon savitskilynd ncaa men volleybal match thursday simplifi arena stan sheriff center swipe click see georg f lee gleestaradvertisercomhawaii warrior adrien rour hit ball ball state cardin luca machado ncaa men volleybal match thursday simplifi arena stan sheriff center swipe click see georg f lee gleestaradvertisercomhawaii warrior kurt nuster left adrien rour put block point ball state cardin patrick roger ncaa men volleybal match thursday simplifi arena stan sheriff center swipe click see georg f lee gleestaradvertisercomhawaii warrior justin todd took swing ball state cardin patrick roger braydon savitskilynd ncaa men volleybal match thursday simplifi arena stan sheriff center swipe click see georg f lee gleestaradvertisercomhawaii warrior kristian titriyski left kurt nuster loui sakanoko block ball state cardin tinaish ndavazocheva ncaa men volleybal match thursday simplifi arena stan sheriff center swipe click see georg f lee gleestaradvertisercomhawaii warrior loui sakanoko took swing ball state cardin wil basilio vani buckholz ryan loui ncaa men volleybal match thursday simplifi arena stan sheriff center swipe click see georg f lee gleestaradvertisercomhawaii warrior kurt nuster finess point ball state cardin patrick roger ncaa men volleybal match thursday simplifi arena stan sheriff center swipe click see georg f lee gleestaradvertisercomhawaii warrior kurt nuster finess point ball state cardin patrick roger ncaa men volleybal match thursday simplifi arena stan sheriff center swipe click see georg f lee gleestaradvertisercomhawaii warrior tread rosenth left justin todd block ball state cardin wil basilio ncaa men volleybal match thursday simplifi arena stan sheriff center swipe click see georg f lee gleestaradvertisercomhawaii warrior adrien rour hunt point ball state cardin luca machado ncaa men volleybal match thursday simplifi arena stan sheriff center swipe click see georg f lee gleestaradvertisercomhawaii warrior kurt nuster left loui sakanoko net ball state cardin patrick roger ncaa men volleybal match thursday simplifi arena stan sheriff center swipe click see georg f lee gleestaradvertisercomhawaii warrior adrien rour took swing ball state cardin braydon savitskilynd ncaa men volleybal match thursday simplifi arena stan sheriff center swipe click see georg f lee gleestaradvertisercomhawaii warrior kristian titriyski hunt point ball state cardin wil basilio left vani buckholz ryan loui ncaa men volleybal match thursday simplifi arena stan sheriff center swipe click see georg f lee gleestaradvertisercomhawaii warrior kristian titriyski hunt point ball state cardin wil basilio left vani buckholz ryan loui ncaa men volleybal match thursday simplifi arena stan sheriff center,Lean Left
The Week contest: Foot PSA,subscrib save less per week view profil explain talk point week recommend newslett magazin week junior food drink person financ categori newslett sign puzzl quizz week contest foot psa newslett sign teen particip droppingthingsonmyfoot challeng imag credit visoot uthairam getti imag week us march week question alarm podiatrist urg young peopl particip droppingthingsonmyfoot challeng tiktok user record reaction drop heavi object includ air fryer tabl comput monitor feet seven fewer word come psa messag warn teen crush toe like share click see result last week contest miss inherit enter submiss email contesttheweekcom pleas includ name address daytim telephon number verif week pleas type foot psa subject line entri due noon eastern time tuesday march winner appear puzzl page march issu theweekcomcontest march case ident similar entri first one receiv get credit entri becom properti week subscrib week escap echo chamber get fact behind news plu analysi multipl perspect subscrib save sign week free newslett morn news brief weekli good news newslett get best week deliv directli inbox morn news brief weekli good news newslett get best week deliv directli inbox winner get oneyear subscript week explor magazin sign today best articl inbox free daili email biggest news stori day best featur theweekcom contact news offer futur brandsrec email us behalf trust partner sponsorsbi submit inform agre term condit privaci polici age week us social link navig magazin solut march issu march week us publish march magazin printabl march issu march week us publish march earth climat era global weird explain weather harder predict extrem devika rao week us publish march might also like magazin solut march issu march week us publish march magazin printabl march issu march week us publish march magazin solut march issu march week us publish march magazin printabl march issu march week us publish march quiz week march pay attent week news week staff publish march week contest amazon bond puzzl quizz week us last updat march quiz week februari pay attent week news week staff publish februari week contest miss inherit puzzl quizz week us last updat march view contact futur expert term condit privaci polici cooki polici advertis us week part futur us inc intern media group lead digit publish visit corpor site futur us inc full th floor west nd street,Lean Left
Report: Eagles RB Kenny Gainwell finalizing deal with the Steelers,accord report jordan schultz fox sport philadelphia eagl run back kenni gainwel expect agre term oneyear deal pittsburgh steeler gainwel role backup mile sander dandr swift recent saquon barkley also carv role team twominut offens back barkley stay healthi season gainwel got carri yard td averag yard per carri skew bit eagl meaningless week game giant carri yard run behind eagl backup olin take game averag yard per carri gainwel also return kick yard ypr gainwel one nick sirianni favorit player good cultur guy didnt make egregi mistak howev also big play threat first four season nfl includ playoff five career run yard two career recept yard exactli yard career long run yard eagl potenti rb wait wing rooki shipley seem big play abil well receiv chop shipley almost certainli bigger role well updat financi gainwel deal made avail like earn dollar figur qualifi compensatori pick formula follow jimmi phillyvoic twitter jimmykempski thephillyvoic like us facebook phillyvoic sport add jimmi rss feed feed reader,Lean Left
Why are top Indian GMs struggling at Freestyle Chess?,new delhi anoth freestyl chess grand slam tournament conclud leav indian chess fan disappoint againout twelv player compet pavillon chesnai du roy pari four indianchess olympiad gold medalwin coach gm srinath narayanan captain team mgd upcom fide world rapid blitz team championship believ indian grandmast need time adapt freestyl formatgo beyond boundari youtub channel subscrib nowit earli draw sweep conclus base two tournament far asid format also import consid except high level opposit almost world best player particip srinath told timesofindiacom exclus interactionfreestyl chess inspir principl fischer random still development stagecr world magnu carlsen german entrepreneur jan henric buettner disrupt tradit open theori randomis start posit forc player reli creativ adapt first leg vincent keymer germani carlsen domin pari leg without need singl tiebreak chesscom chesscom magnu simpli brilliant done mani time continu remain best player time one greatest time srinath addedfrom indian conting arjun erigaisi advanc past qualifi stage elimin quarterfin eventu runnerup hikaru nakamura scorelin rest indian conting perform poorlyarjun fifthplac finish highlight victori ian nepomniachtchi maxim vachierlagrav spark discuss whether yearold india strongest contend freestyl chessarjun strong faster format benefit qualif phase freestyl chess rapid arjun versatil excel srinath continu limit opportun elitelevel event like grand chess tour shape arjun adapt make everi chanc getsth cutoff reach quarterfin point score achiev fabiano caruana later defeat germani leg winner vincent keymer finish third behind magnu carlsen nakamuraworld champion gukesh dommaraju vidit gujrathi rameshbabu praggnanandhaa fail secur spot top eight roundrobin phase featur rapid time control minut plu second increment per movegukesh vidit finish tie th struggl initi day playi feel gukesh yet paid much attent freestyl format standard tournament play wijk aan zee finish joint first pragg crown champion said srinathther noth wrong play howev much work open world championship match use freestyl formatin match ninth place praggnanandhaa defeat richrd rapport two day finish outsid quarterfin bracket debut freestyl chess grand slam appear also first grand slam arjun vidithowev someon like gukesh success freestyl chess remain elusivedespit strong win arjun pragg keymer pari fail advanc past qualifi stage follow winless perform germanyso indian player simpli suit freestyl chessit earli draw conclus base one two tournament play begin take freestyl chess serious confid adapt much better said yearold grandmast,Lean Right
Russia Tajikistan - Herald and News,sale person inform option wont sell person inform inform ad see may still see interestbas ad inform sold compani sold previous,Lean Left
Eagles stay or go: Linebacker,last coupl week weve take positionbyposit look player like back philadelphia eagl one like wont today well continu lineback regard poll vote think eagl necessarili think pleas think approv poll player alreadi saw wednesday howi roseman couldnt wait one day let publish lineback edit seri resign baun threeyear deal worth million promis stay anyway baun went littleus edg rusher saint bona fide star player eagl offbal lineback regular season baun finish tackl sack forc fumbl pass breakup int name firstteam allpro pro bowler finish top five nfl defens player year vote playoff baun turn game anoth notch led nfl tackl int ad forc fumbl fumbl recoveri pass breakup jimmyverdict eagl mayb worst lineback play team nfl lineback among best mayb fangio scheme play part mayb eagl could plug someon els theyd fine big question f around risk find stay want zack baun back eagl roster nakob dean dean breakout season make tackl three sack forc fumbl two recoveri games int week jacksonvil jaguar eagl wildcard round win packer dean tore patellar tendon extrem seriou injuri evan maci laid back januari end season like miss time well jimmyverdict dean one year left contract hadnt suffer seriou injuri would candid earli contract extens instead hell like enter season final year rooki deal hell almost certainli begin train camp pup list like carri regular season still hell team plan could reinforc point later season stay want nakob dean back eagl roster miss big chunk train camp knee injuri burk didnt make team initi man roster ad week would find role core special teamer first lineback bench regular season burk tackl came pair start close season cowboy giant dean went patellar tendon tear burk enter start lineup eagl defens didnt miss beat four playoff game three start burk tackl sack huge forc fumbl one open kickoff packer one peanut punch command burk free agent eagl would sure like back playoff perform persuad team give opportun start money commensur kind role jimmyverdict eagl get deal done baun burk could inclin look play time elsewher go want oren burk back eagl roster jeremiah trotter jr trotter play snap regular defens rooki season came giant week tackl game rest trotter snap came blowout fourth lineback peck order behind zack baun nakob dean oren burk trotter seem pois split snap burk regular defens division round game ram vic fangio said afterward burk ok left well enough alon trotter main contribut rooki came special team play special team snap regular season playoff highlight season wrestl ball away keisean nixon bottom pile wild card round playoff packer burk forc fumbl kickoff throughout train camp preseason game trotter around ball quit bit profil similar dean theyr unders lineback lack elit athletic plu instinct jimmyverdict trotter could chanc play dean role dean like miss least part season torn patellar tendon stay want jeremiah trotter jr back eagl roster ben vansumeren vansumeren undraft rooki free agent make initi man roster thought athlet footbal player scout report one athlet lineback nfl ran vertic jump pound vansumeren eventu work way onto man roster season found role regular special team athletic often prais special team coordin michael clay also prove athlet one physic defend train camp last summer also one improv player nobrain choic make man roster resum role core special teamer didnt get field regular defens lineback carv role offens fullback look pretti good role late season vansumeren suffer still unknown knee injuri ask super bowl media night would disclos wasnt acl tear b hed readi start camp jimmyverdict vansumeren like back roster sleeper pick elev role regular defens also mayb continu get sporad chanc lead block saquon barkley want ben vansumeren back eagl roster jimmyverdict stay go result green stay blue back camp man roster spot given follow jimmi phillyvoic twitter jimmykempski thephillyvoic like us facebook phillyvoic sport add jimmi rss feed feed reader,Lean Left
Rivers: Why I’m happy with Tinubu’s state of emergency declaration — Sowore,presidenti candid african action congress nigeria gener elect omoley sowor said happi presid bola ahm tinubu state emerg declar river state may push nigerian demand revolut sowor disclos interview channel televis thursday comment come follow state emerg declar river state presid tinubu tuesday react sowor said chao river state would spur nigerian revolt bad govern leader clear defend godfath son dont care hope destroy happi mayb go forc nigerian across countri wake complicit domicil result cowardic forc nigerian complet day challeng move stage complet revolt say love anarchi love justic state daili post recal tuesday tinubu declar state emerg river state suspend democrat elect author declar spark wide condemn among nigerian meanwhil wednesday presid tinubu swore vice admir ibokett iba sole administr river state daili post report nigerian nation assembl pressur rectifi tinubu state emerg proclam river httpsdailypostngriversnigerianlawmakersunderpressuretorectifytinubusstateofemergencydeclar,Center
"Spin, strangle, conquer: India's quartet chokes New Zealand in CT final",timesofindiacom dubai eat sleep spin choke repeat india bowl effort champion trophi repetit ring spite everi tighten grip felt differ differ protagonist seamless eas support cast assembl around lead star particular day made spin quartet hot handl opposit dubai intern stadium respit axar patel wont get kuldeep yadav ravindra jadeja day xfactor varun chakravarthi wait spin web togeth hunt like relentless pack surfac sluggish differ even aid slow bowler arent rank turner skill four spinner shrewd rotat captain rohit sharma allow india dictat term throughout champion trophygo beyond boundari youtub channel subscrib nowthey dont oper rigid plan way finger spinner compliment wrist spinner give licens attack treat watch multin tournament india vs pakistan pitch use final enough recoveri time meant wore fresh look offer least amount turn skill howev took runscor wasnt easi affair face over spin new zealand could score run includ four boundari six runrat remain four start black cap fluent vs pace moment rohit went toward wrist spinner search wicket becam differ stori varun made first inroad kuldeep yadav show chinaman bowl excel threewicket spell vs pakistan wicketless outing game put extra spotlight titl clash bowler reli lot rhythm injuri layoff forc take extra time hit top gear bowl tournament better look best inde save last brought game tabl surfac wasnt play trick wristwork take first deliveri spell clean dangerman rachin ravindra googli lefthand didnt read hand play away turn see ball disturb woodwork struck next see back kane williamson eight deliveri massiv impact game remind still lot magic left wrist yearold mean ordinari tournament like centr wicket pick seven wicket notabl differ bowl speed sunday look bowl much slower didnt compromis amount wrist put behind everi deliveri effort right releas ensur enough revolut impart ball magic take bowl like tantalis teas today batter find go difficult stuck zoneth celebr rachin wicket show meant leftarm way entir team celebr kane departur emphasis support enjoy dress room ordinari outing india last two icc final went wicketless vs australia world cup final leak plenti run vs south africa world cupeven new zealand slowburn gave familiar feel kuldeep ensur part icc final differ storylin,Lean Right
"'Mickey 17' sends Robert Pattinson to the printer, but is the toner low?",mickey send robert pattinson printer toner low pop cultur happi hour mickey writerdirector bong joon ho followup oscarwin film parasit sharpli satir scifi film robert pattinson manual labor spaceship keep die get reprint memori get download new bodi could go wrong film also star mark ruffalo toni collett naomi ackiefollow pop cultur happi hour letterboxd letterboxdcomnprpopcultureto access bonu episod sponsorfre listen pop cultur happi hour subscrib pop cultur happi hour plusorghappi pop cultur happi hour pop cultur happi hour appl podcast amazon music iheart radio youtub music mickey send robert pattinson printer toner low march et glen weldon aisha harri kristen meinzer liz metzger lennon sherburn jessica reedi mike katzif mickey send robert pattinson printer toner low enlarg imag robert pattinson mickey warner bro entertain inc hide caption toggl caption warner bro entertain inc robert pattinson mickey warner bro entertain inc mickey writerdirector bong joon ho followup oscarwin film parasit sharpli satir scifi film robert pattinson manual labor spaceship keep die get reprint memori get download new bodi could go wrong film also star mark ruffalo toni collett naomi acki follow pop cultur happi hour letterboxd letterboxdcomnprpopcultureto access bonu episod sponsorfre listen pop cultur happi hour subscrib pop cultur happi hour plusorghappi,Lean Left
Champions Trophy: New Zealand better prepped than any opponent has been against India,timesofindiacom dubai karachi rawalpindi dubai lahor back dubai last week seen new zealand play four champion trophi fixtur four differ venu lost one game india dubai three day lose game black cap land dubai prepar titl clash multin tournament march two top side tournament contrast journey final new zealand acclimitis differ condit game india park dubai sinc februari play fixtur dubai intern stadiumgo beyond boundari youtub channel subscrib noweven defeat mitchel santnerl unit pose stiff challeng india fell short target run unbeaten india manag tick box outing wari kiwi prepar team competit definit score settl sunday encount differ challeng differ venu come top spite nonstop travel excel art adapt differ condit put india pump earli group stage contest solid repair job late flourish meant enough run spin quartet ravindra jadeja kuldeep yadav axar patel varun chakravarthi defend varun pick fifer maiden outing tournament torment opposit batter put fight kane williamson got support end could much closer contest paper littl separ two team similar makeup play xi dearth experi camp india potent spin quartet santner rachin ravindra michael bracewel even glenn phillip play support cast far quick concern new zealand definit hold edg spinheavi approach mean india reliant moham shami heavi lift hardik pandya support jobmor similar makeup abil seamlessli adapt would make india wari new zealand fact first time play opposit recent tast dubai condit condit sluggish side favour spin ye seamer shami matt henri enjoy success slower bowler bigger impact match new zealand embrac challeng without complaint setup mouthwat repeat edit champion trophi senior batter kane williamson said team take learn last meet final reiter anyth happen finalindia outstand team play realli well look import tri take away learn last game park match final anyth happen great atmospher last game im sure itll good one said williamson win south africa semishttpswwwyoutubecomwatchvnzskmjeon expect line williamson ask familiar question advantag india play venu experienc campaign respond straight bat chose focu cricket wish play titl clashi suppos play number occas there real clariti want oper littl bit like opportun play number time venu well think that part parcel cricket someth realli look close cricket want play take account obvious opposit nice smart come final ad williamsonnew zealand day seamlessli manag tournament far acclimitis take challeng head,Lean Right
NPR's health reporters catch you up on cuts to agencies and contract spending,health report catch cut agenc contract spend chaotic week health agenc layoff notic roll along order deep cut contract spend health report tell us theyv learn health report catch cut agenc contract spend april et heard weekend edit sunday ayesha rasco sydney lupkin selena simmonsduffin health report catch cut agenc contract spend chaotic week health agenc layoff notic roll along order deep cut contract spend health report tell us theyv learn,Lean Left
Ukraine strikes Russian strategic bomber airfield,ukrain thursday struck major russian strateg bomber airfield drone trigger huge blast fire km front line war gather huge blast spread airfield wreck nearbi cottag russia defenc ministri said air defenc shot ukrainian drone russian region daili post report base engel date back soviet time host russia tupolev tu nuclearcap heavi strateg bomber known unoffici white swan governor saratov roman busargin said ukrainian drone attack citi engel left airfield fire ad nearbi resid evacu accord ukrain defenc ministri forc struck airfield trigger secondari deton ammunit kyiv capit ukrain ad russia use engel base carri strike ukrain follow attack engel district head maxim leonov said local state emerg declar gave detail ukrain reportedli carri previou attack engel air base date back decemb januari claim struck oil depot serv base caus huge fire took five day put,Center
Ghana: Growing calls to punish 'wayward' soldiers - DW,ghana militari consid one west africa stabl disciplin arm forc soldier repeat action give armi bad name midmarch women children elderli bawku town said soldier th mechan battalion beat battalion station northern frontier town locat kilomet mile capit accra monitor deter longsimm chieftainci land ownership problem local media report incid occur militari offic shot kill unknown gunmen beat everybodi justic men attack women attack old men attack even limb broken properti destroy dr thoma anaba local mp told dw militari offic kill dont idea kill dont go around beat everybodi justic ad ghana presid john mahama call restraint among militari personnel condemn kill soldier amid grow demand investig howev retaliatori attack militari new ghana sinc erupt conflict bawku militari neg encount peopl ibrahim abod local report told dw grow number attack civilian octob militari brutal civilian bugri tempani garu upper east region ghana attack limit remot rural region earlier march militari conduct raid ashaimantaifa suburb accra accord ghana arm forc process dozen injur wide public incid drew critic two year prior june six ghanaian shot ejura ashanti region soldier open fire protest demonstr kill youth activist two day later soldier whip resid wa upper west region stick metal rod theft soldier mobil phone secur analyst adib sanni say perpetr rare held account action look deeper realiz lot soldier believ uniform give immun sani told dw call disciplin investig case militari unit retali civilian attack soldier worri gradual accept norm distress practic inconsist ghanaian law sanni ad lawmak six constitu upper east region call investig sanction soldier involv neither ghana arm forc nation secur coordin defens interior minist comment case time public secur analyst mutaru mumuni muqthar author must take immedi action revers trend need take new approach deal incid happen told dw must transpar standard approach deal brutal need situat soldier punish peopl sanction edit chrispin mwakideu,Lean Left
Is Hollywood soft censoring Palestinian art?,cant watch land minut last weekend academi award best documentari went film still lack us distribut deal land power look palestin southern west bank receiv widespread acclaim what hold back seen theater across americabrittani join ba parker cohost code switch professor televis produc dr maytha alhassen togeth look one criticallyprais movi year seem experienc kind soft censorship plu honor ladi gaga new album mayhem brittani share favorit gaga momentssupport public media receiv adfre listen bonu content join today perspect minut perspect minut appl podcast amazon music iheart radio youtub music hollywood soft censor palestinian art march et brittani luse ba parker barton girdwood corey bridg neena pathak hollywood soft censor palestinian art enlarg imag land win best documentari oscar jason armond lo angel time via getti imag hide caption toggl caption jason armond lo angel time via getti imag land win best documentari oscar jason armond lo angel time via getti imag last weekend academi award best documentari went film still lack us distribut deal land power look palestin southern west bank receiv widespread acclaim what hold back seen theater across americabrittani join ba parker cohost code switch professor televis produc dr maytha alhassen togeth look one criticallyprais movi year seem experienc kind soft censorship plu honor ladi gaga new album mayhem brittani share favorit gaga momentssupport public media receiv adfre listen bonu content join today episod produc corey bridg barton girdwood edit neena pathak supervis produc barton girdwood execut produc veralyn william vp program yolanda sangweni oscar land best documentari featur israel palestin academi award documentari film,Lean Left
"Eid-el-Fitr: Nigerian government declares March 31, April 1 public holidays",feder govern wednesday declar monday march tuesday april public holiday mark eidelfitr celebr minist interior dr olubunmi tunjiojo made declar behalf feder govern congratul muslim ummah success complet ramadan fast tunjiojo urg muslim embrac virtu selfdisciplin compass generos peac emphasis import love forgiv solidar build harmoni societi statement perman secretari ministri dr magdalen ajani minist urg nigerian use festiv period pray peac stabil prosper,Center
Rivers Crisis: Fubara surrounds himself with those who wanted to be governor — Wike,minist feder capit territori nyesom wike said governor river state simi fubara surround want governor state minist made claim address larg number kalabari peopl grand recept river state saturday fault fubara polit alli describ advic bad fubara surround peopl want governor said peopl dont mean well river state one surround give advic think succeed give bad advic look bad advic alreadi there come daili post report wike earlier alleg fubara ijaw man httpsdailypostngriverscrisisletnobodydeceiveyoufubaranotijawmanwik latest outburst fubara follow recent budget present letter martin amaewhul led river hous assembl howev hous friday declar indefinit recess httpsdailypostngprowikelawmakersadjournsittingindefinit recal week ago suprem court judgement deliv justic emmanuel akomay agim order member river state hous assembl resum function immedi,Center
Contact Us,submit news tip welcom news tip reader click submit tip circul custom servic subscrib report miss deliveri make vacat stopsstart order chang servic purchas back issu ask bill question phone email servicestltodaycom hour oper monday friday pm weekend holiday use autom servic visit onlin support portal manag account submit event event calendar offer free paid option featur event school church bar restaur band commun organ hope make submit find event stltodaycom postdispatch go much easier give control list event make easier reader custom find happen st loui area share commun news reader see pressnew releas page detail gener site help pleas reach sitehelpstltdaycom regard issu use websit system mail address phone call outsid area code call us email postdispatch staff member use individu first initi last name postdispatchcom market depart creat awar postdispatch product commun way impact peopl live busi commun list postdispatch market program media inquiri inquiri media tv radio etc call email traci rouch postdispatch store visit shopstltodaycom see merchandis sold st loui postdispatch call correct made mistak want fix correct newspap contact editor charg section mistak occur correct prep sport section must come school coach coach contact prep sport editor email statsstltodaycom newsroom archiv look old articl photo obit go photo depart suggest suggest photo assign pleas tri make suggest least week schedul event submit suggest visual team via email pdnewsphotoedspostdispatchcom fax number classifi retail advertis circul busi citi desk editori featur metro photo sport,Lean Left
The Week contest: Bird battle,subscrib save less per week view profil explain talk point week recommend newslett magazin week junior food drink person financ categori newslett sign puzzl quizz week contest bird battl newslett sign canada goos fight america nation bird imag credit arthur morri getti imag week us march week question amateur photograph ontario went viral captur imag minut battl canada goos bald eagl clash frozen lake end feisti goos fight america nation bird seven fewer word come photo caption symbolismladen imag click see result last week contest foot psa enter submiss email contesttheweekcom pleas includ name address daytim telephon number verif week pleas type bird battl subject line entri due noon eastern time tuesday march winner appear puzzl page april issu theweekcomcontest march case ident similar entri first one receiv get credit entri becom properti week subscrib week escap echo chamber get fact behind news plu analysi multipl perspect subscrib save sign week free newslett morn news brief weekli good news newslett get best week deliv directli inbox morn news brief weekli good news newslett get best week deliv directli inbox winner get oneyear subscript week explor magazin sign today best articl inbox free daili email biggest news stori day best featur theweekcom contact news offer futur brandsrec email us behalf trust partner sponsorsbi submit inform agre term condit privaci polici age week us social link navig magazin solut march issu march week us publish march magazin printabl march issu march week us publish march attorney deal trump attack law firm today big question trump sanction law firm investig deal stormi daniel among other justin klawan week us publish march might also like magazin solut march issu march week us publish march magazin printabl march issu march week us publish march quiz week march pay attent week news week staff publish march week contest foot psa puzzl quizz week us last updat march magazin solut march issu march week us publish march magazin printabl march issu march week us publish march magazin solut march issu march week us publish march magazin printabl march issu march week us publish march view contact futur expert term condit privaci polici cooki polici advertis us week part futur us inc intern media group lead digit publish visit corpor site futur us inc full th floor west nd street,Lean Left
Protests against ex-NNPCL boss Mele Kyari sponsored – Shehu Sani,former senat repres kaduna central senatori district shehu sani wrote protest held group abuja former group chief execut offic nigerian nation petroleum compani limit nnpcl noth sponsor project displeas disgruntl oil interest dailypost recal group protest tuesday storm offic attorney gener feder minist justic lateef fagbemi demand prosecut former nnpcl group chief execut offic mele kyari react verifi facebook page sani wrote came across protest feder secretariat abuja rais placard ex nnpcl ceo kyari young guy dont actual know protest join clearli sponsor project displeas disgruntl oil interest kyari,Center
Mt. Airy Restaurant Week and a PAWS promotion: Your weekend guide to things to do,two way appreci anim philadelphia weekend one promis new fuzzi friend honor march mad philadelphia anim welfar societi offer prospect pet parent chanc name adopt fee certain dog cat call match mad run sunday anim lover also learn endang speci snap photo giant ferret statu philadelphia zoo latest exhibit proud puppi hater there stuff mt airi restaur cafe cideri scoop shop offer special neighborhood restaur week arden theatr co stage august wilson classic direct philadelphia buzziest playwright bingewatch tv also valid weekend plan luckili there new philli crime comedi wait hulu eat around mt airi pass center citi east passyunk northern liberti restaur week hit northwest philli mt airi get action new promot run sunday saturday march establish particip offer custom deal custom order prix fix menu place like bar lizett young american cider tosaka restaur breweri malelani cafe jansen purchas come free side dessert flight sourdough bread ice cream avail downtim bakeri zsa ice cream respect see august wilson play jame ijam philadelphia playwright pulitz prize fat ham take work anoth pulitz laureat arden theatr compani ijam direct product king hedley ii one play august wilson pittsburgh cycl seri chronicl black experi america decad th centuri king hedley ii take eye man return prison attempt rebuild life play old citi theater march adopt pet price paw get ncaa tournament spirit themat adopt special sunday shelter let peopl name fee certain pet match mad anim look home includ longest resid paw like choco taco cat climb giant eagl statu zoo new exhibit philadelphia zoo teach visitor endang speci let scale fairmount park attract recent welcom travel second chanc surviv display collect sculptur threaten anim creatur depict push brink extinct recov thank conserv effort visitor climb pose supers statu menageri includ bald eagl crest gecko red panda snow leopard blackfoot ferret among other follow kristin phillyvoic twitter kristinhunt thephillyvoic like us facebook phillyvoic news tip let us know,Lean Left
Elon Musk reacts to reports he’ll leave DOGE after discussion with Trump,elon musk leader us depart govern effect doge label report leav govern role come month fake news come senior white hous offici previous told ski us partner network us presid donald trump discuss tesla x boss transit back privat sector cabinet meet last month report emerg meet white hous press secretari karolin leavitt said garbag leavitt ad elon musk presid trump publicli state elon depart public servic special govern employe incred work doge complet howev react develop musk said respons x wednesday yeah fake news report offici said musk would leav end day special govern employe would may unclear tech billionair inde leav date previous white hous said temporari organis doge would termin juli next year th anniversari us come day musk said member doge team get death threat daili basi httpsdailypostngteslapeopleissuingdeaththreatsagainstmeelonmusk,Center
